publication_number,country,kind_code,family_id,application_number,publication_date,priority_date,title,abstract,assignee,inventor,cpc,ipc,matched_via,relevance_score,relevance_reason
US-2026105214-A1,US,A1,-1,US-202418916014-A,20260416,,Method and system for training a car parts detector on synthetic dataset,"A method may include selecting one or more virtual car parts, selecting initial positions and initial orientations for the selected one or more virtual car parts in a virtual container, determining resting positions and resting orientations for the selected one or more virtual car parts in the virtual container based on the initial positions, the initial orientations, and a physics simulation, generating an image of the selected one or more virtual car parts in the virtual container at the resting positions and the resting orientations, and generating training data including the generated image as one training example.",,,G06F30/15 | G06F30/27,G06F30/15 | G06F30/27,general,3,仮想部品配置に物理シミュレーションを用い訓練用画像データを生成。物理ベースの合成訓練データ生成に合致
US-2026104681-A1,US,A1,-1,US-202519360591-A,20260416,,Reinforcement Learning System for Optimizing Selective Extraction of Lithium from Brines,"According to one or more embodiments, a method, computer system, and computer program product for optimizing extraction of lithium through reinforcement learning are provided. The method may include receiving measurement data from one or more sensors corresponding to a current set of operational parameters associated with a direct lithium extraction process in one or more columns. A physical simulation of the direct lithium extraction process is generated based on the received measurement data and the current set of operational parameters. A set of optimal operational parameters for the one or more columns is identified based on the generated physical simulation. The identified set of optimal operational parameters is configured to maximize extraction of lithium through the direct lithium extraction process. The current set of operational parameters is adjusted based on the identified set of optimal operational parameters.",,,G06F30/27 | G05B13/042,G06F30/27 | G05B13/04,general,2,強化学習+物理シミュレーションでリチウム抽出プロセスを最適化。プロセス最適化目的でレアイベント生成ではない
US-2026105218-A1,US,A1,-1,US-202319120774-A,20260416,20221028,Systems and methods for engineering optimization using quantum computing,"Methods and systems herein may solve engineering problems, such as multiphysics problems as design optimization problems, using quantum computing. Such quantum computing may utilize a quantum computing system, which may include a classical computing processor and a quantum processor. The classical computing processor may be configured to provide instructions to and receive output from the quantum processor. The quantum processor may comprise one or more quantum bits manipulated and measured by a quantum bit interface module. Input and a model comprising a quantum algorithm for an engineering problem may be used by the classical computing processor to generate quantum input for the quantum processor, which may operate using the quantum input, and quantum output may be returned to the classical computing processor to determine the output of the engineering model. In some implementations, an error may be determined and an error correction applied to the engineering model.",,,G06N10/80 | G06N10/60 | G06N10/20 | G06F30/27,G06N10/80 | G06N10/60 | G06N10/20 | G06F30/27,general,1,量子計算によるマルチフィジックス設計最適化。レアイベント生成と無関係
US-12602527-B2,US,B2,-1,US-202519354769-A,20260414,,Autonomous simulated testing and benchmarking framework for agentic AI systems,"A computer-implemented method and system are disclosed for simulation-based testing and benchmarking of an agentic artificial intelligence (AI) system. The method comprises binding a simulation agent to one or more tool-access interfaces of the agentic AI system to replace external tools, intercepting requests emitted through the interfaces, and generating protocol-compliant responses using synthetic data and a simulated environment. The simulation agent executes healthy and fault-inserted task runs within the synthetic environment and generates a performance vector comprising task-completion rate, accuracy, efficiency, resilience, and fault-recovery metrics. The system is configured for maintaining a simulation registry, orchestrating resource allocation using reinforcement-learning policies, and applying an autonomous feedback pipeline for continuous refinement. In some embodiments, the simulation agent operates in a stealth observation mode to train surrogate tool models, enabling privacy-compliant, closed-loop simulation.",,,G06F30/13 | G06F30/27,G06F30/27 | G06F30/13 | G06F7/48,general,3,エージェント型AIのシミュレーションテスト基盤。正常+故障挿入タスクを合成環境で実行しレジリエンス評価。fault injectionに近い
CN-121480393-B,CN,B,98625875,CN-202610023979-A,20260410,20260109,Method for predicting multi-component spatial distribution in transformer,"The invention discloses a multi-component spatial distribution prediction method in a transformer, which relates to the technical field of monitoring of the running state of power equipment, and comprises the steps of firstly constructing a multi-gas component transportation physical simulation model of transformer oil based on fluid simulation software, and configuring an observation system mapped with the position of an actual sensor; the method comprises the steps of constructing a time sequence error matrix of actual observation and simulation prediction, dividing the time sequence error matrix into a training set and a verification set, generating a dynamic B matrix by utilizing an LSTM network on the basis, fusing simulation data with real-time sensor observation data through an EnKF algorithm to realize dynamic updating and error correction of a simulation model, assisting an adaptive step length regulation and abnormality processing mechanism in a data assimilation process, and finally dynamically displaying the spatial distribution of each gas component in an oil tank in various forms. The invention effectively solves the problems of space limitation, static simulation prediction error accumulation and the like of the traditional monitoring, and realizes accurate and dynamic prediction of the spatial distribution of multiple gas components in the transformer.",,,G06F2119/14 | G06F2113/08 | G06F2111/04 | G06N3/08 | G06N3/0442 | G06F30/27 | G06F30/28 | G01D21/02 | G01N33/0004,G06N3/08 | G06N3/0442 | G06F119/14 | G06F113/08 | G06F111/04 | G06F30/27 | G01N33/00 | G01D21/02 | G06F30/28,general,1,変圧器内多成分分布予測の物理シミュレーション+データ同化。監視目的でレアイベント生成ではない
CN-119202581-B,CN,B,94051417,CN-202411209932-A,20260410,20240830,"Black start evaluation method for wind power generation system, computer equipment and related devices","The invention relates to the technical field of electric power and discloses a black start evaluation method of a wind power generation system, computer equipment and related devices, wherein the black start evaluation method of the wind power generation system comprises the steps of obtaining a black start simulation data set, wherein the black start simulation data set comprises normal simulation data when the wind power generation system is normal and fault simulation data when the wind power generation system is faulty; training an initial SVDD model by using a black start simulation data set, respectively training to obtain a first SVDD model describing normal simulation data and a second SVDD model describing fault simulation data, obtaining a first spherical center distance of the first SVDD model and a second spherical center distance of the second SVDD model, inputting data to be detected of the wind power generation system into the first SVDD model and the second SVDD model to obtain a target distance, and evaluating the state of the wind power generation system based on the target distance, the first spherical center distance and the second spherical center distance. The invention can fully utilize the simulation data and improve the accuracy of black start evaluation.",,,H02J2103/30 | H02J2101/28 | H02J2103/35 | G06Q50/06 | G06F30/27 | G06F18/217 | G06F18/241 | G06F18/20 | H02J3/28 | H02J3/466,H02J103/35 | H02J101/28 | H02J3/466 | H02J3/28 | G06Q50/06 | G06F30/27 | G06F18/241 | G06F18/21 | G06F18/20,general,3,風力発電のブラックスタート評価。正常/故障シミュレーションデータでSVDDモデルを訓練。故障データ生成の好例(非自動運転)
CN-115600339-B,CN,B,84849288,CN-202211290560-A,20260410,20221021,Method and system for defining effective analysis frequency band of engineering structure,"The invention relates to a method and a system for defining an effective analysis frequency band of an engineering structure, which are used for selecting important parameters and defining a range of statistical energy analysis of a target system, wherein the important parameters comprise a modal number, a modal overlapping factor, a normalized attenuation factor and coupling strength, carrying out dimensional analysis by combining vibration characteristics and boundary conditions of the target system to obtain dimensionless parameters with corresponding relations with the important parameters, comprising dimensionless wave numbers, shape parameters, damping loss factors and Poisson ratios, constructing a statistical energy analysis effective graph of each subsystem according to a corresponding relation between the dimensionless parameters and the important parameters so as to describe the distribution condition of the important parameters in a dimensionless parameter space, analyzing the statistical energy analysis effective graph to obtain the dimensionless wave number value range of each subsystem, and then combining the coupling relations to obtain the effective frequency band of the target system. The method has the advantages of being quick, visual, accurate and the like, and is beneficial to improving the high-frequency dynamic response prediction precision of the engineering structure.",,,G06F2119/14 | G06F2111/10 | G06F30/20 | G06F30/17,G06F119/14 | G06F111/10 | G06F30/20 | G06F30/17,general,1,工学構造の有効解析周波数帯域定義。境界条件はあるが設計解析目的
CN-120911254-B,CN,B,97541523,CN-202510961453-A,20260410,20250714,Assembly process error modeling method based on physical information neural network,"The invention designs an assembly process error modeling method based on a physical information neural network, which realizes the rapid and accurate calculation of the stress deformation of an assembly joint surface in the assembly process of parts. In the assembly process of parts, the force in the assembly process is an important factor affecting the assembly accuracy. In order to rapidly and accurately predict the stress deformation amount in the assembly process of the parts and improve the assembly precision, the patent constructs a prediction model of the stress deformation of the assembly joint surface of the parts based on a physical information neural network. Based on the fully connected neural network structure, boundary conditions are embedded as loss terms to participate in training. By minimizing the loss function, the model learns the rule of the stress deformation of the assembly joint surface, and the mapping relation between physical quantities such as point coordinates, point displacement and the like is obtained, so that the rapid prediction of the stress deformation of the assembly joint surface is realized.",,,Y02P90/30 | G06F2119/14 | G06F17/13 | G06F17/11 | G06N3/0499 | G06N3/006 | G06F30/27,G06N3/0499 | G06N3/006 | G06F119/14 | G06F17/13 | G06F17/11 | G06F30/27,general,2,物理情報ニューラルネットによる組立誤差モデリング。境界条件を損失項に組込むが評価目的
CN-116339170-B,CN,B,86875851,CN-202310316935-A,20260410,20230329,Coal-fired furnace hearth semi-physical simulation system based on RT-LAB,"The present invention discloses a semi physical simulation system for coal-fired furnace based on RT-LAB, which relates to the field of coal-fired furnace simulation technology. A high-precision, adaptable, and predictive coal-fired boiler furnace simulation system is developed. Through real-time simulation and testing, the adverse effects that may occur when the induced draft fan works abnormally on the operation of the boiler furnace are studied, which solves the problem of inaccurate simulation of major abnormal accident conditions in coal-fired boilers and provides a platform support and theoretical basis for information security protection of DCS control systems.",,,Y02P90/02 | G05B17/02,G05B17/02,general,3,石炭火力炉の半物理シミュレーションで誘引ファン異常時の炉運転への影響を研究。異常事故条件のシミュレーションに合致
CN-116578011-B,CN,B,87544744,CN-202310523941-A,20260410,20230511,Ship control surface load simulation system,"The invention discloses a ship control surface load simulation system, and belongs to the field of electrohydraulic servo control and semi-physical simulation. Comprises a steering engine system and a load simulation system. The problem that the active motion of a steering engine system seriously affects the loading performance of a load simulator in the loading process of the existing electrohydraulic load simulator is solved, namely the problem of redundant force. The invention adopts hydraulic loading to simulate the seawater hydrodynamic force borne by the control surface of the ship, the loading force is not influenced by the redundant force, and the control strategy does not need to consider the problem of the redundant force compensation, so that the complexity of the control strategy is reduced, and the method is simple and reliable. The invention solves the problem of low loading precision caused by redundant force in the electrohydraulic load simulator, and has scientific and reasonable structure.",,,Y02T90/00 | G05B17/02,G05B17/02,general,2,船舶操舵面荷重の半物理シミュレーション。試験検証目的でレアイベント生成ではない
US-2026098614-A1,US,A1,90476493,US-202219115074-A,20260409,20220930,Method for pipeline corrosion prediction and maintenance,"A computer-implemented method for predicting corrosion of a pipeline comprises the steps of: generating, using a physical simulation model, a physical flow profile of the pipeline based on at least a part of an inspection profile of the pipeline; predicting, using a machine learning model, a future corrosion profile of the pipeline including at least one future corrosion feature based on at least a part of the inspection profile of the pipeline and the physical flow profile of the pipeline; wherein the inspection profile includes operating data of the pipeline comprising inspection data from at least one physical inspection of the pipeline. In addition, a corresponding training method, model, computer program as well as data processing devices are disclosed.",MATRIX JVCO LTD TRADING AS AIQ,ZAIDANI MOUNA | HABIBI ZAYNAB | ASIF UMAR | AMRI MOHAMED | BELMESKINE RACHID,G06F30/27 | G06F2113/08 | G06F30/23 | G06F30/28 | G06F2113/14 | G06F2119/04 | F16L2101/30 | F17D5/02 | F17D5/00 | G06F30/27 | G06F30/27 | F17D5/00,G06F30/27 | F17D5/00,general,1,配管腐食予測の物理シミュレーション+ML。予測目的でレアイベント生成ではない
US-2026099653-A1,US,A1,99314050,US-202519354769-A,20260409,20241009,Autonomous simulated testing and benchmarking framework for agentic AI systems,"A computer-implemented method and system are disclosed for simulation-based testing and benchmarking of an agentic artificial intelligence (AI) system. The method comprises binding a simulation agent to one or more tool-access interfaces of the agentic AI system to replace external tools, intercepting requests emitted through the interfaces, and generating protocol-compliant responses using synthetic data and a simulated environment. The simulation agent executes healthy and fault-inserted task runs within the synthetic environment and generates a performance vector comprising task-completion rate, accuracy, efficiency, resilience, and fault-recovery metrics. The system is configured for maintaining a simulation registry, orchestrating resource allocation using reinforcement-learning policies, and applying an autonomous feedback pipeline for continuous refinement. In some embodiments, the simulation agent operates in a stealth observation mode to train surrogate tool models, enabling privacy-compliant, closed-loop simulation.",AIXPLAIN INC,YUKSEL KAMER ALI | SAWAF HASSAN,G06F30/13 | G06F30/27 | G06F30/13 | G06F30/27,G06F30/13 | G06F30/27,general,3,エージェント型AIのシミュレーションテスト基盤(同上[3]の重複、アサイニー違い)
US-2026099656-A1,US,A1,94464802,US-202519322667-A,20260409,20241021,Pikan-based seepage simulation method for heterogeneous reservoirs,"The present disclosure provides a PIKAN-based heterogeneous reservoir seepage simulation method, which belongs to the field of heterogeneous reservoir development technology, including the following steps: S 1 , using three independent KAN networks to approximate the PIKAN of pressure p, velocity component v x  and velocity component v y  respectively; S 2 , constructing a loss function of the mixed pressure-velocity formula including the residual of the mass conservation formula, the residual of Darcy&#39;s law and the residual of the relevant boundary conditions, and optimizing the loss function. The present disclosure adopts the above-mentioned PIKAN-based heterogeneous reservoir seepage simulation method, introduces KAN into the flow simulation of porous media for the first time, and provides a preliminary reference for the development of general seepage simulation tools based on PIKAN.",YANGTZE UNIV | WESTERN RESEARCH INSTITUTE OF YANGTZE UNIV,ZHOU YUHUI | RAO XIANG | ZHAO HUI | SHENG GUANGLONG | ZONG RUIQI | MENG FANKUN | LI ZONGFA | Geng Shaoyang | XU YUNFENG | LIU WEI | ZHAN WENTAO | YAN LIANG | LUO PENGHUA | PEI YUCHEN,G06F30/27 | Y02A10/40 | G06F2119/14 | G06F2113/08 | G06N3/08 | G06N3/0499 | G06F30/28 | G06F30/28 | G06F30/27 | G06F30/27 | G06F30/28,G06F30/27 | G06F30/28,general,1,貯留層浸透シミュレーション手法(PIKAN)。境界条件はあるが手法論文でレアイベント生成ではない
US-2026099762-A1,US,A1,99313424,US-202418908816-A,20260409,20241008,Generation of new artificial intelilgence modles for edge case driving scenarios,"A method of generating artificial intelligence (AI) models for driving related scenarios, the method includes (a) generating, by using driving related data, a database of driving scenarios, the generating involves clustering the driving related data in accordance with the driving scenarios; and holding, in the database, the clustered data in association with corresponding driving scenarios; (b) creating, by using the clustered data, a dictionary of concept signatures; and (c) training, by using the database of driving scenarios, a set of AI models, the training of each AI model is based on the clustered data stored in the database in accordance with a specified driving scenario, to provide a decision making with respect to the specified driving scenario.",AUTOBRAINS TECH LTD,RAICHELGAUZ IGAL,B60W60/001 | H04W4/38 | G06F16/285 | G06N20/00 | G06F16/285 | G06N20/00,G06F16/28 | G06N20/00,general,5,AutoBrains: エッジケース走行シナリオ向けの新しいAIモデル生成。走行データをクラスタリングしエッジケースDBを構築しモデルを訓練。目的に極めて合致
WO-2026035929-A9,WO,A9,98735967,US-2025041073-W,20260409,20240807,Method for co-designing modeling and monitoring systems,"A method for improving a system model includes selecting a continuous-time model that includes numerically constant model parameters and time-varying variables; selecting an objective function; selecting from the model parameters a set of model parameters whose numerically constant values are to be estimated; selecting a data acquisition system to supply data for model operation and for estimation of the numerically constant values of the set of model parameters. The data acquisition system includes sensors operable to collect data associated with at least one model parameter of the set. The method further includes assigning temporary values as the numerically constant values of the set of model parameters; generating, via a processor, synthetic data from the model using the temporary values; determining, via the processor, an unidentifiable model parameter of the set presenting an identifiability issue; and displaying, via a user interface in communication with the processor, the unidentifiable model parameter.",KANSAS STATE UNIV RESEARCH FOUNDATION | THE BOARD OF REGENTS FOR THE OKLAHOMA AGRICULTURAL AND MECH COLLEGES,WELCH STEPHEN M | POUDEL PRATISHTHA | ALDERMAN PHILLIP,A01H1/02 | G06N5/01 | G06N3/126 | G16B20/00 | G16B5/00 | G06N7/00 | G06F30/20 | G05B17/02 | A01H1/04 | G06N20/00,G16B20/00 | G06N7/00 | G06F30/20 | G05B17/02 | A01H1/04 | G16B5/00,general,2,モデルパラメータ同定可能性のため合成データを生成。識別性解析目的でレアイベント生成ではない
US-12596864-B1,US,B1,50391906,US-202418955827-A,20260407,20060531,Determining IR drops for circuit networks using Barycenter model,"Any primitive cells or blocks can be represented physically by a Barycenter compact model (or Barycenter model), and any black box model can also be physically represented by a Barycenter compact model physically. A boundary condition between blocks is formulated by the Barycenter compact model. Boundary condition problems between blocks can be limited within two levels only if using the Barycenter compact model.",WORLDWIDE PRO LTD,HO WILLIAM WAI YAN,G06F2119/10 | G06F30/398 | G06F30/367 | G06F30/327 | G06F30/20 | G06F2119/10 | G06F30/398 | G06F30/392 | G06F30/367 | G06F2119/10 | G06F30/398 | G06F30/367 | G06F30/327 | G06F30/20 | G06F30/392,G06F119/10 | G06F30/398 | G06F30/392 | G06F30/367 | G06F30/327 | G06F30/20,general,1,回路網IRドロップのBarycenterモデル。境界条件はあるが回路設計手法
CN-116090148-B,CN,B,86210671,CN-202111304898-A,20260407,20211105,Composite analysis method for evolution of microwave load radiation characteristics of domestic satellite,"The invention discloses a composite analysis method for the evolution of the microwave load radiation characteristics of a domestic satellite, which comprises the steps of re-analyzing domestic satellite microwave load historical data by referring to a radiation reference, diagnosing and classifying deviation steady-state events, adopting a load semi-physical simulation technology to explore a radiation deviation mechanism by combining physical tests of a loader/component level with simulation analysis of a loading system level, further updating a domestic satellite microwave load radiometric calibration system model, reconstructing domestic satellite microwave load radiometric calibration system parameters by changing iteration between a satellite load observation radiation field and a reference radiation field, re-calibrating the domestic satellite microwave load historical data based on the updated domestic satellite microwave load radiometric calibration system model and parameters, extracting time-varying information according to the radiation reference, and establishing a microwave load system radiation drift correction model.",,,G06F30/20,G06F18/24 | G06F30/20,general,1,衛星マイクロ波負荷放射特性の半物理シミュレーション校正。監視/校正目的
US-12596855-B2,US,B2,80470682,US-202117228260-A,20260407,20200907,System and method for accelerating physical simulation models during microelectronic device fabrication,"A method for accelerating physical simulation models during microelectronic device fabrication may include, but is not limited to, running a physical simulation model at a first grid size having a first resolution, generating outputs at the first grid size having the first resolution from the physical simulation model, inputting the outputs at the first grid size having the first resolution from the physical simulation model into a resolution enhancement model (REM), and generating outputs at a second grid size having a second resolution via the REM to reduce at least one of a computational time cost or a computational resource cost of a controller running the physical simulation model. The physical simulation model may simulate an on-wafer performance of at least one microelectronics fabrication process. The second grid size may be smaller than the first grid size. The second resolution may be higher than the first resolution.",KLA CORP,ZHANG YITING | AGARWAL ANKUR A,G06F2111/08 | H10P74/23 | Y02P90/02 | G06F2111/08 | G06F2119/18 | H10P74/23 | G03F7/705 | Y02P90/02 | G06F2119/18 | G06F30/27 | G06F30/27 | G06F30/27 | G06F2111/08 | G06F30/27,G06F111/08 | G06F30/27,general,1,半導体製造の物理シミュレーション高速化(解像度向上モデル)。加速化目的でレアイベント生成ではない
CN-116090070-B,CN,B,86202481,CN-202310129116-A,20260407,20230208,"Method, apparatus, electronic device, and storage medium for outputting information","The disclosure relates to a method, a device, electronic equipment and a storage medium for outputting information, and relates to the technical field of structural engineering. The method comprises the steps of obtaining relevant parameters of a rectangular plate, wherein the relevant parameters comprise size parameters, elastic mechanical parameters and load calculation parameters, determining initial sedimentation of each corner point of the rectangular plate, determining a first coefficient and a second coefficient corresponding to each side according to boundary conditions of each side of the rectangular plate and a preset equation set corresponding to each side, determining structural parameters of the rectangular plate according to the relevant parameters, the initial sedimentation and the first coefficient and the second coefficient corresponding to each side, and outputting the structural parameters. By the method and the device, the structural parameters of the rectangular plate under any supporting condition can be calculated, and the accuracy of calculating the structural parameters is improved.",,,G06F2119/14 | G06F30/20 | G06F30/13,G06F119/14 | G06F30/20 | G06F30/13,general,1,矩形板構造パラメータ算出。境界条件を用いた構造計算手法
CN-116224836-B,CN,B,86573378,CN-202310406424-A,20260407,20230417,Multi-umbrella-wing unmanned aerial vehicle semi-physical simulation system,"The invention discloses a multi-parachute unmanned aerial vehicle semi-physical simulation system which comprises an upper computer and a plurality of parachute unmanned aerial vehicle controllers, wherein the upper computer is connected with each parachute unmanned aerial vehicle controller, the upper computer comprises a flight path planning module, an unmanned aerial vehicle state acquisition module and a first communication module, the flight path planning module is used for carrying out flight path planning on a formation formed by the multi-parachute unmanned aerial vehicles and outputting expected flight paths of each parachute unmanned aerial vehicle, the unmanned aerial vehicle state acquisition module is used for calculating an updating value of an unmanned aerial vehicle state according to a control quantity output by the parachute unmanned aerial vehicle controllers and an unmanned aerial vehicle dynamic model, the first communication module is used for sending the expected flight paths and the updating value of the unmanned aerial vehicle state to the corresponding parachute unmanned aerial vehicle controllers, and the parachute unmanned aerial vehicle controllers are used for calculating the control quantity according to the expected flight paths and the unmanned aerial vehicle state. By utilizing the system, the multi-parachute unmanned aerial vehicle collaborative air drop system can be calibrated, and the functions and performances of all equipment of the system can be more directly and effectively checked.",,,Y02T90/00 | G05B17/02,G05B17/02,general,2,マルチパラシュートUAVの半物理シミュレーションシステム。試験検証基盤でレアイベント生成ではない
CN-116187211-B,CN,B,86442835,CN-202111430588-A,20260407,20211129,Digital twin body construction method for wound tube type heat exchanger based on computational fluid dynamics,"The invention belongs to the field of digital twinning, in particular to a method for constructing a digital twinning body of a winding tube type heat exchanger based on computational fluid dynamics, which comprises the following steps of collecting physical parameters of the winding tube type heat exchanger and establishing a tube unit scale characteristic unit model according to the physical parameters; the method comprises the steps of obtaining scale feature quantity data of a pipe unit scale feature unit model, forming a feature unit database, establishing a coarse-grained three-dimensional digital twin body model, setting initial conditions and boundary conditions, training the feature unit database to obtain a momentum source item and an energy source item training model of an output feature unit database, and obtaining flow field variable values of flow and heat transfer flow field and temperature field distribution by simulating the coarse-grained three-dimensional digital twin body model.",,,G06F2119/08 | G06F30/23 | G06F30/27 | G06F30/28,G06F119/14 | G06F119/08 | G06F113/08 | G06F30/27 | G06F30/23 | G06F30/28,general,1,CFDベースの熱交換器デジタルツイン構築。設計/監視目的
CN-120633294-B,CN,B,96954651,CN-202510699836-A,20260407,20250528,Excavator structure topology optimization method and system based on real-time stress field reconstruction,"The invention relates to the technical field of engineering machinery structure optimization, in particular to an excavator structure topology optimization method based on real-time stress field reconstruction and a system thereof, which are characterized in that deformation and stress data of key parts of an excavator movable arm are obtained through a distributed fiber bragg grating sensor array, virtual data are obtained through modeling and simulation in finite element analysis software, a Kalman filter is designed to correct errors of the virtual data and actual test data, and training a Kalman filter by using the corrected data to obtain prediction of real-time stress field distribution, further establishing a topological optimization model of the excavator structure, coding material properties into a weight matrix in a neural network, taking a stress constraint partial differential equation as a constraint condition, realizing high-precision reconstruction of the stress field of the excavator movable arm under the actual working condition, and providing accurate boundary conditions for topological optimization.",,,G06F2111/04 | G06F2119/14 | G06F30/15 | G06F30/27 | G06F30/23,G06F119/14 | G06F111/04 | G06F30/27 | G06F30/15 | G06F30/23,general,2,掘削機構造トポロジー最適化。FEMで仮想データ生成するが構造最適化目的
CN-116243620-B,CN,B,86628716,CN-202211689577-A,20260403,20221227,Semi-physical simulation test method for injection type inertial measurement unit,"The invention relates to a semi-physical simulation test method of an injection type inertial measurement unit, and belongs to the field of simulation tests. The method adopts a signal injection method to skip the gyroscope component and the accelerometer component of the inertial measurement device, and directly injects the angular acceleration signals in three directions of pitching, yawing and rolling of the carrier and the acceleration signals in three directions of x direction, y direction and z direction calculated by a simulation computer into the inertial measurement device through a simulation information interface to excite the inertial measurement device to carry out navigation calculation so as to obtain the attitude angle information and the position information of the carrier, thereby solving the problem that the traditional semi-physical simulation test method of the inertial measurement device is seriously dependent on a turntable side to carry out a test.",,,Y02T90/00 | G01C21/16 | G05B17/02,G01C21/16 | G05B17/02,general,1,慣性計測ユニットの半物理シミュレーション試験手法。試験基盤でレアイベント生成ではない
CN-121580543-B,CN,B,98841932,CN-202610098172-A,20260403,20260126,Self-adaptive positioning complex structural member surface laser shock reinforcement numerical simulation method,"The invention belongs to the field of metal processing, and particularly relates to a self-adaptive positioning complex structural member surface laser shock reinforcement numerical simulation method which comprises the following steps of (1) establishing a structural model of a part, (2) carrying out grid cloth planting on the structural model of the part, (3) self-defining parameters of VDLOAD subroutines to generate arrayed laser loading positions and shock pressures, (4) establishing a dynamic explicit analysis step and boundary conditions, and calculating by referring to VDLOAD subroutines to obtain a residual compression stress field formed after laser shock on the surface of the part. The method constructs a curved surface self-adaptive judging algorithm based on vertical mapping between a real-time normal vector of a free surface and transient pressure projection in VDLOAD subprograms, ensures that the transient pressure is always accurately aligned with the normal direction of a laser impact curved surface, simultaneously utilizes a full-parameterized space-time array to generate laser loading positions and impact pressures in batches, and realizes simulation of a continuous laser impact strengthening process of the surface of a part with any complex structure.",,,G06F2119/18 | G06F2119/14 | G06F2111/10 | G16C60/00 | G06F30/20 | G06F30/17,G16C60/00 | G06F119/18 | G06F119/14 | G06F111/10 | G06F30/20 | G06F30/17,general,1,レーザーショック強化の数値シミュレーション。境界条件はあるが製造プロセス手法
CN-115329439-B,CN,B,83927275,CN-202211038780-A,20260403,20220829,Island type multi-constraint discontinuous interface block region blanking refined arrangement method,"The invention relates to the technical field of building construction, and discloses a precise arrangement method for blanking of island-type multi-constraint discontinuous interface building block areas, which mainly comprises the steps of acquiring data of wall structures and components; the method comprises the steps of distinguishing parameterization and self-adaptation data of a structure, utilizing a computer to program, determining the positions of concrete blocks on a wall structure containing door and window openings and boundary conditions of building block areas, traversing and optimizing blanking combinations with minimum deviation values of the sizes and positions of filling building blocks at the door and window openings, determining blanking positions of the building block areas, loading the created model into a programming platform, and finishing fine arrangement work after automatic layout of components of the wall. The invention is based on a visual programming platform, and is used for programming by using a computer language, so as to realize the automatic arrangement of concrete blocks for walls with door and window openings and the standardized and refined arrangement in a building block area. The invention can improve the utilization rate of the masonry material and is beneficial to promoting the sustainable development of the building construction industry.",,,G06F30/20 | G06F30/13,G06F30/20 | G06F30/13,general,1,建築ブロック配置の境界条件計算。施工計画手法でレアイベント生成ではない
CN-120974956-B,CN,B,97641918,CN-202511505463-A,20260403,20251021,Closed-loop self-adaptive motor turn-to-turn short circuit dynamic evolution simulation system,"The invention discloses a closed-loop self-adaptive motor turn-to-turn short circuit dynamic evolution simulation system, which relates to the technical field of motor fault simulation and comprises a feature extraction module, a fault evolution modeling module, a multi-level parameter dynamic correction module and a simulation strategy optimization module, wherein the feature extraction module is used for calculating and generating a fault excitation index and a winding chaos entropy from acquired motor operation data, the fault evolution modeling module is used for solving a preset fault evolution model based on the fault excitation index and the winding chaos entropy to generate an updated fault resistance, the multi-level parameter dynamic correction module is used for correcting parameters of a simulation model according to the winding chaos entropy, and the simulation strategy optimization module is used for switching among a plurality of preset simulation modes according to the winding chaos entropy. According to the invention, a closed-loop self-adaptive system is constructed, a interdisciplinary theory is fused, dynamic simulation of the turn-to-turn short circuit full life cycle of the motor is realized, and high fidelity, physical interpretability and calculation efficiency are considered through a multi-level correction and self-adaptive strategy.",,,G06F18/213 | G06N7/08 | G06F30/27,G06N7/08 | G06F18/213 | G06F30/27,general,3,モータの巻線間短絡動的進展シミュレーション。物理ベースの故障シミュレーション(エネルギー分野)
WO-2026065350-A1,WO,A1,94159067,CN-2024122611-W,20260402,20240929,Calculation method for load transformation in local coordinate system,"The present invention relates to a calculation method for load transformation in a local coordinate system. The calculation method for load transformation in a local coordinate system is based on a part simulation model, and comprises the following steps: S1: determining hard point coordinates of a part; S2: establishing a local coordinate system; S3: establishing a local coordinate load calculation formula: F xLocal =a•F xGlobal +b•F yGlobal +c•F zGlobal ; S4: setting boundary conditions; S5: solving coefficients; and S6: performing load transformation in the local coordinate system. The present invention has the following beneficial effects: no part model is required during calculation, and the calculation can be performed solely on the basis of hard point positions, without relying on any specific simulation analysis software, the calculation is simple, the calculation amount is reduced, the calculation capability is strong, and the calculation efficiency is improved, large‑scale and batch mechanical analysis calculation of automobile parts can be performed, the application range is wide, and the practical value is high.",BENGANG STEEL PLATES CO LTD | BENXI STEEL PUXIANG COLD ROLLED SHEET CO LTD,SONG BO | SUN ZHUO | YU SHUAI | GUO JING | ZOU XITAO,Y02T90/00 | G06F2119/14 | G06F2111/04 | G06F30/15 | G06F30/20,G06F119/14 | G06F111/04 | G06F30/15 | G06F30/20,general,1,局所座標系での荷重変換計算。境界条件を用いた機械計算手法
US-12591721-B2,US,B2,89906890,US-202217820630-A,20260331,20220818,Method and numerical three-dimensional model to simulate dam breach for homogeneous and zoned soil dams,"Disclosed are method and a numerical three-dimensional dam breach model that calculate the dam break hydrograph for a homogeneous or zoned soil dam along with the visualized three-dimensional dam-breaching process and removed soil graph, wherein the failure mode can be overtopping failure, wind-generated wave overtopping failure, piping failure, or static liquefaction failure; wherein the dam can be breached at one location or multiple locations; and wherein elevations of the dam&#39;s crests and bottoms and soil properties at all stations along the dam&#39;s centerline are modeled. The topographic information surrounding the dam is pulled out from USGS DEM as a domain of the outer two-dimensional Shallow Water Equations grids that controls the hydraulic boundary conditions. Clear water scouring to different soils with different construction compaction efforts are calculated using corresponding erosion formulae. Force/moment equilibrium of soil blocks is analyzed, and instable soil blocks are removed.",WANG ZHENGANG,WANG ZHENGANG,G06F2111/10 | G06F2113/08 | G06F30/20 | G06F30/20 | G06F2113/08 | G06F2111/10 | G06F30/20,G06F113/08 | G06F111/10 | G06F30/20,general,4,ダム決壊(オーバートッピング/パイピング/液状化等複数の破壊モード)の数値シミュレーション。物理ベースの災害/クリティカルシナリオ生成に合致
CN-120597554-B,CN,B,96895618,CN-202510776244-A,20260331,20250611,Groove wave numerical simulation method of viscoelastic VTI medium based on WRK-SSGFD,"The invention discloses a method for simulating a slot wave value of a viscoelastic VTI medium based on WRK-SSGFD, which comprises the steps of firstly establishing a first-order speed-stress equation of the viscoelastic VTI medium, carrying out space domain high-order staggered grid finite difference discretization by using the equation to obtain a semi-discrete differential equation, converting the semi-discrete equation into a normal differential equation set, solving an optimal weight coefficient by minimizing a frequency dispersion error objective function, finally setting geologic model parameters, boundary conditions and observing system parameters, carrying out time propulsion by adopting a fourth-order weighted Longku tower method, calculating wave field values at all moments in sequence until all time steps are completed, and obtaining corresponding simulated seismic records. According to the method, the optimal weight coefficient is determined according to the specific dispersion condition, and then the optimal weight is integrated into a fourth-order weighted Longku tower method for simulation calculation.",,,Y02T90/00 | G06F2119/14 | G06F2111/10 | G06F30/20,G06F119/14 | G06F111/10 | G06F30/20,general,1,粘弾性VTI媒質の溝波数値シミュレーション。境界条件を用いた地震波解析手法
CN-120951538-B,CN,B,97615853,CN-202511017010-A,20260331,20250723,Cross-scale large-scale electromagnetic surface grid generation method with periodic fine features,"The invention discloses a trans-scale large-scale electromagnetic surface grid generation method with periodic fine features, which comprises the steps of reading a trans-scale electromagnetic geometric model with periodic fine features, setting replication directions and numbers, setting periodic boundary conditions of the electromagnetic geometric model, determining source surfaces and target surfaces in the replication directions, extracting boundary lines, establishing a mapping relation between the source surfaces and the target surfaces and the boundary lines, discretizing the electromagnetic geometric model to generate a discrete background triangular grid, generating a size field of integral geometry according to the periodic fine features and the trans-scale features of the electromagnetic geometric model, generating and merging surface grids of the source surfaces, the target surfaces and the rest surfaces according to the mapping relation and the discrete background triangular grid and the size field, and batch-copying the merged surface grids according to the replication directions and the numbers according to the surface grids to generate the trans-scale large-scale electromagnetic surface grid with the periodic fine features.",,,G06F2111/10 | G06T17/20 | G06F30/20,G06T17/20 | G06F111/10 | G06F30/20,general,1,周期的微細構造を持つ電磁表面グリッド生成。メッシュ生成アルゴリズムでレアイベント生成ではない
CN-120745007-B,CN,B,97193596,CN-202510845304-A,20260327,20250623,Digital twin simulation platform for multi-material color mixing process,"The application relates to the field of digital twin simulation, and particularly discloses a multi-material color mixing process digital twin simulation platform which is used for converting a geometric model, material properties and rated process parameters into basic physical simulation data by constructing the multi-material color mixing process digital twin simulation platform and acquiring real-time process parameters by means of an internet of things (IoT) interface to determine parameter drift vectors. Meanwhile, the parameter drift characteristic and the color distribution characteristic are processed by using a lightweight machine learning model, and a color difference correction chart is generated to dynamically correct the color prediction result. By the method, the color deviation caused by parameter drift can be dynamically corrected, and the accurate simulation of the dynamic evolution of the multi-material color mixing process is realized, so that the efficiency of color mixing process design and optimization is improved, the time and material cost are reduced, and the quick switching requirement of a multi-variety small-batch production scene is met.",,,G06F2111/20 | G06F30/27 | G06F30/10,G06F111/20 | G06F30/27 | G06F30/10,general,1,多材料着色プロセスのデジタルツインシミュレーション。プロセス制御目的
CN-120633172-B,CN,B,96957801,CN-202510725752-A,20260327,20250603,Combined estimation method for radial and axial thermal conductivity of cylindrical battery,"The invention provides a combined estimation method of radial and axial thermal conductivity of a cylindrical battery, which aims to synchronously and highly accurately estimate the radial and axial thermal conductivity of the battery by combining transient thermal simulation and optimization algorithm through forming a temperature gradient by self charge-discharge heat generation and forced cooling of the battery. The method comprises the specific steps of discharging a battery under a natural cooling condition, placing the battery on the constant current, calculating a natural cooling heat transfer coefficient, applying forced cooling to one end of the battery, conducting constant current charging, collecting terminal voltage, temperature and environment data, establishing a transient thermal simulation model of the charging process, inputting the transient thermal simulation model into the battery, changing the thermal power and boundary conditions, traversing the thermal conductivity combination for simulation, and determining an optimal thermal conductivity estimated value by taking the square sum of the minimized temperature error as an optimization target. According to the invention, an external heating device is not needed, the operation is safe and convenient, the thermal conductivity decoupling identification capacity is enhanced through the difference of the axial temperature gradients, and the nondestructive detection with low cost and high precision is realized.",,,Y02E60/10 | G06F2119/08 | G06F2119/06 | G06F30/20,G06F119/08 | G06F119/06 | G06F30/20,general,2,円筒電池の熱伝導率推定。過渡熱シミュレーション+境界条件だが推定手法
CN-121009709-B,CN,B,97731541,CN-202511180334-A,20260327,20250822,Multi-objective optimization method for cooling space power magnetic device structure based on phase change material,"A multi-objective optimization method for cooling a space power magnetic device structure based on a phase change material relates to the technical field of space power magnetic device cooling. The method comprises the steps of designing a magnetic device cooling structure, sealing and wrapping phase change materials on the surface of a magnetic core of the magnetic device through a packaging shell, building a model according to COMSOL Multiphysics, setting the assignment range of thickness variables of the phase change materials to obtain the magnetic device cooling structure with different sizes, performing steady-state parameterization scanning, calculating effective cooling capacity per unit volume and effective cooling capacity per unit mass of a winding and the magnetic core, calculating unit cooling cost of the winding and the magnetic core, and obtaining the thickness value of the optimal phase change material by averaging according to an Origin fitting curve. The space power magnetic device is cooled based on the high latent heat property of the phase change material, and the multi-objective optimization including the volume, the mass, the material cost and the carrying cost is comprehensively considered, so that a better cooling effect is obtained.",,,G06F2119/08 | G06F2111/04 | G16C60/00 | G06F30/20,G16C60/00 | G06F119/08 | G06F111/04 | G06F30/20,general,1,宇宙用電源磁気デバイス冷却のマルチフィジックス最適化(COMSOL)。設計最適化目的
CN-116484460-B,CN,B,87222225,CN-202310293000-A,20260327,20230323,Practical modeling method for space torsion steel structure,"The invention provides a practical modeling method of a space torsion steel structure, which belongs to the technical field of steel structures, and comprises the steps of firstly establishing a three-dimensional simulation model of a space torsion steel member by utilizing three-dimensional modeling software, determining the relation between the space torsion steel member and an integral structure according to the simulation model, importing the three-dimensional simulation model into calculation analysis software through a universal file format, determining the boundary condition of the space torsion steel member through the stress of the integral structure according to the principle of equivalent stress, and finally completing the modeling of the space torsion steel member. The invention can solve the problem that large-scale space steel components, especially steel components with complicated shapes such as space torsion shape and the like are difficult to model and calculate, ensure the modeling precision, furthest ensure the equivalence of stress and have practicability.",,,G06F2119/14 | G06T17/00 | G06F30/20 | G06F30/13,G06T17/00 | G06F119/14 | G06F30/20 | G06F30/13,general,1,空間ねじれ鋼構造のモデリング手法。境界条件を用いた構造計算
CN-115438399-B,CN,B,84240175,CN-202110623969-A,20260327,20210604,Lamp arrangement method and computer readable storage medium,"The invention provides a lamp arrangement method which comprises the steps of S101 of constructing or obtaining a three-dimensional model of a site, S102 of constructing virtual lamps, S103 of automatically arranging the virtual lamps in the three-dimensional model of the site to generate various virtual lamp layouts, S104 of automatically supplementing lamps for the various virtual lamp layouts, and S105 of automatically selecting one virtual lamp layout from the various virtual lamp layouts after lamp supplementing. The automatic lamp distribution method designed by the invention does not need to be manually participated, the lamplight arrangement is based on a physical simulation engine, the result is scientific and reliable, a designer/electrical engineer can preview the actual field light effect through the simulation result, and the selected lamp layout can be directly used for construction.",,,G06F2111/16 | G06F30/20 | G06F30/13,G06F111/16 | G06F30/20 | G06F30/13,general,1,物理シミュレーションエンジンによる照明配置。設計ツールでレアイベント生成ではない
CN-121543203-B,CN,B,98756587,CN-202610069759-A,20260327,20260120,Real-time estimation method and system for internal temperature field of cylindrical lithium battery,"The invention discloses a real-time estimation method and a system for an internal temperature field of a cylindrical lithium battery, which are characterized in that a temperature space distribution model is established based on a heat conduction equation, the space-time quantity is normalized through scaling transformation, and a non-homogeneous boundary condition is converted into homogeneous condition through variable substitution; the space-time relationship between the temperature distribution quantity and the heat production quantity item is decoupled by adopting a double decomposition technology, the heat production quantity time variable is taken as a virtual source, and a limited dimension Chang Weifen equation model is established by utilizing the Galerkin method. The method comprises the steps of designing an adaptive observer, combining an adaptive learning algorithm to estimate low-order state variables and virtual source time sequences on line so as to measure and estimate a temperature error driving update rate, and reconstructing temperature distribution quantity and virtual source estimated values through space-time synthesis of the estimated sequences and a preset space basis function. Only temperature measurement data is needed, voltage and current sensors are not needed, and real-time estimation of the internal temperature field and the heat generation capacity of the cylindrical lithium battery can be effectively realized by means of a small amount of thermocouples.",,,G06F2119/08 | G06N20/00 | G06F17/13 | G06F30/27 | G06F30/15 | Y02E60/10,G06N20/00 | G06F119/08 | G06F30/27 | G06F17/13 | G06F30/15,general,2,円筒リチウム電池内部温度場のリアルタイム推定。境界条件変換手法だが推定目的
CN-120234934-B,CN,B,96159466,CN-202411655413-A,20260327,20241119,Method for inverting regional methane emission based on satellite column concentration observation,"The invention discloses a method for observing and inverting regional methane emission based on satellite column concentration, which belongs to the technical field of atmospheric remote sensing monitoring and comprises the following steps of 1, modifying CMAQ regional atmospheric gas transmission models, adding CH4 species as trace gas to simulate an atmospheric transmission process, modifying CMAQ initial condition modules and boundary condition modules to enable the initial condition modules and boundary condition modules to perform aggregate simulation on CH4, 2, constructing a high-resolution nested emission inversion system based on CMAQ regional atmospheric gas transmission models and EnKF inversion algorithm, and directly assimilating satellite column concentration data by the high-resolution regional methane emission inversion system constructed by the innovative algorithm and program, so that uncertainty of CH4 emission estimation is remarkably reduced, and accuracy of CH4 simulation is improved. At the same time, the system has significant advantages in CH4 emission monitoring and evaluation.",,,G06F17/10 | G06F30/20 | G01N33/0062 | G01N33/0036,G06F17/10 | G01N33/00 | G06F30/20,general,1,地域メタン排出量の大気輸送モデル逆解析。初期/境界条件はあるが監視目的
US-2026087211-A1,US,A1,94119937,US-202418999080-A,20260326,20240925,"Grouting subgrade water-vapor-heat coupling simulationmethod and system, device and medium","Provided are a grouting subgrade water-vapor-heat coupling simulation method and system, a device and a medium, including: constructing a subgrade water-vapor-heat coupling geometric model; acquiring a partial differential equation of a subgrade water-vapor-heat coupling process, and establishing a relationship between physical fields; setting a temperature and water boundary condition; performing mapping and free triangle mesh generation on the subgrade water-vapor-heat coupling geometric model to obtain a meshing model; selecting initial data, and performing a simulation solution on the meshing model to obtain a water-vapor-heat coupling simulation result; and analyzing the impact of a double-layer polyurethane grouting thermal insulation structure on a temperature distribution, a freeze-thaw cycle depth, and water migration of a subgrade.",UNIV SUN YAT SEN,CAO DINGFENG | GUO CHENGCHAO | WANG FUMING | YANG FAN | QIN LEI,G06F2113/08 | G06F2113/26 | G06F2119/12 | G06F2119/14 | G06F2119/02 | G06F2119/08 | G16C60/00 | G06F30/13 | G06F30/28 | G06F30/28 | G06F30/20 | G06F2113/08 | G06F30/28,G06F113/08 | G06F30/28,general,1,灌漿路盤の水蒸気熱結合マルチフィジックスシミュレーション。土木設計解析目的
US-12583469-B2,US,B2,71069659,US-202318479711-A,20260324,20190531,Hybrid simulation system for autonomous vehicles,"Techniques are disclosed for performing hybrid simulation operations with an autonomous vehicle. A method of testing autonomous vehicle operations includes receiving, by a computer, a pre-configured scenario that includes one or more simulation parameters and one or more initial condition parameters, sending, to the autonomous vehicle and based on the one or more initial condition parameters, control signals that instruct the autonomous vehicle to operate at an operative condition, and in response to determining that the autonomous vehicle is operating at the operative condition, performing a simulation with the one or more simulated objects and the autonomous vehicle to test a response of the autonomous vehicle.",TUSIMPLE INC | CREATEAI INC,YANG YIXIN,B60W2300/147 | B60W2710/20 | B60W2710/18 | B60W2710/10 | B60W2710/0605 | B60W2710/02 | B60W2520/105 | B60W2050/0028 | B60W30/18 | B60W10/20 | B60W10/18 | B60W10/10 | B60W10/04 | B60W10/02 | B60W2556/00 | G06F30/20 | G05D1/0088 | G05B23/0213 | B60W50/045 | G05D1/0088 | G01M17/007 | B60W2710/20 | B60W2710/18 | B60W2710/10 | B60W2710/0605 | B60W2710/02 | B60W2556/00 | B60W2520/105 | B60W2300/147 | B60W2050/0028 | G06F30/20 | G05D1/0088 | B60W30/18 | B60W10/20 | B60W10/18 | B60W10/10 | B60W10/04 | B60W10/02 | B60W50/045,G06F30/20 | G05D1/00 | B60W50/00 | B60W30/18 | B60W10/20 | B60W10/18 | B60W10/10 | B60W10/04 | B60W10/02 | B60W50/04,general,3,TuSimple/CreateAI: 自動運転車のハイブリッドシミュレーションシステム。事前設定シナリオ(初期条件パラメータ含む)で応答をテスト
US-12583477-B2,US,B2,88648122,US-202217740251-A,20260324,20220509,Autonomous vehicle validation using real-world adversarial events,"Provided are methods, systems, and computer program products for autonomous vehicle validation using real-world adversarial events are described herein. The method includes obtaining a record of human driver data and extracting at least one safety critical scenario from the record to create a test data set associated with operation of vehicles by human drivers during safety critical scenarios. The method includes simulating operation of a vehicle under evaluation during safety critical scenarios and comparing a response of the vehicle under evaluation to the operation of vehicles by human drivers. The method further includes validating a response of the vehicle under evaluation during the simulated operation according to the test data set by transforming the vehicle response into a safety indicator.",MOTIONAL AD LLC,BIN-NUN AMITAI | TEBBENS RADBOUD DUINTJER | COLLIN ANNE | LIZARAZO JIMENEZ CRISTHIAN GUILLERMO,B60W30/0956 | B60W2556/10 | B60W2556/20 | G06F30/15 | B60W2556/20 | B60W30/0956 | B60W2556/10 | G06F30/20 | B60W60/0015 | B60W60/0015 | B60W2556/20 | B60W2556/10 | B60W30/0956 | B60W60/0015,B60W30/095 | B60W60/00,general,5,Motional: 実世界のアドバーサリアルイベントから安全クリティカルシナリオを抽出しAV応答を検証。目的に極めて合致
CN-121456829-B,CN,B,98585183,CN-202610003021-A,20260324,20260105,Wind field correction method based on multi-stage hybrid physical-data driving,"The invention discloses a wind field correction method based on multi-stage hybrid physical-data driving, and relates to the technical field of wind field data processing and climate mode application. The method comprises the steps of performing dynamic downscaling simulation by using a regional climate simulation tool to obtain a multi-dimensional candidate variable field, screening target candidate climate variables according to ERA5 wind speed data to form a multi-dimensional key variable field, constructing a model to be trained comprising a multi-dimensional space feature extraction module, a time dynamic feature extraction module, multi-dimensional space-time feature fusion and an output module, training by using the multi-dimensional key variable field to obtain a hierarchical multi-dimensional space-time fusion network for correcting wind field data, and generating a high-resolution wind field correction field by using a complex topography micro-scale flow field fine-correction solver by using the wind field correction field as a boundary condition. The wind speed prediction method not only improves the accuracy of wind speed prediction, but also ensures the physical reality and consistency of the high-resolution wind field under the influence of complex terrain through physical constraint.",,,Y02A90/10 | G06F30/27 | G06N3/0464 | G06N3/0442 | G06F18/214 | G06F18/213 | G06F18/253,G06N3/0464 | G06N3/0442 | G06F30/27 | G06F18/214 | G06F18/213 | G06F18/25,general,1,物理-データ駆動の風況補正手法。境界条件はあるが気象予測目的
US-12585845-B2,US,B2,82594775,US-202217813061-A,20260324,20210907,Fusion of physics and AI based models for end-to-end data synthesization and validation,"In sensor data analytics, physics-based models generate high quality data. However, these models consume lot of time as they rely on physical simulations. On the other hand, generative learning takes much less time to generate data, and may be prone to error. Present disclosure provides system and method for generation of synthetic machine data for healthy and abnormal condition using hybrid of physics based and generative model-based approach. Finite Element Analysis (FEA) is used for simulating healthy and faulty parts in machinery with set of parameters and pre-condition(s). Small output data from FEA is fed into a generative model for generating synthesized data by learning data distribution knowledge and representing into latent space. Rule engine is built using statistical features wherein realistic bounds serve as faulty data indicators. Synthesized data which does not satisfies features bounds are discarded. Further, AI-based validation framework is used to analyze quality of synthesized data.",TATA CONSULTANCY SERVICES LTD,BANDYOPADHYAY SOMA | CHAKRAVARTY TAPAS | PAL ARPAN | BHAUMIK CHIRABRATA | PANSE RIDDHI | DATTA ANISH,G06F2119/02 | G06F30/27 | G06N3/08 | G06N3/0455 | G05B23/0221 | G05B23/024 | G06N3/047 | G06F30/23 | G06F30/23 | G06N3/0475 | G06F2119/02 | G06F30/27 | G06F30/23,G06F119/02 | G06F30/27 | G06F30/23,general,4,TCS: 物理(FEA)+生成AIモデルを融合し健全/故障部品のセンサデータを合成。物理ベースの故障データ生成に強く合致
CN-120046271-B,CN,B,95758777,CN-202510117548-A,20260324,20250124,Optimization method of heat dissipation structure of motor controller and heat dissipation structure,"A motor controller heat radiation structure optimizing method and a heat radiation structure relate to the technical field of cooling and heat radiation, and comprise the steps of designing a physical simulation model of a heat radiation structure based on initial influence factors, respectively determining the change range of the influence factors, adopting a control variable method to change one of the influence factors, analyzing the influence of the change of the influence factors on heat radiation performance and energy consumption of the heat radiation structure, generating an actual factor level table, constructing an original orthogonal experiment group based on orthogonal experiments, eliminating the experiment group containing unreasonable influence parameters in the original orthogonal experiment group to obtain an actual orthogonal experiment group, carrying out thermal simulation on the actual orthogonal experiment group to obtain the highest temperature simulation result of an I GBT module and the static pressure difference simulation result of the heat radiator of each experiment group, determining the influence factor with the minimum comprehensive index of heat radiation performance and energy consumption according to all simulation results, and combining the levels of the influence factors.",,,G06F2119/06 | G06F2119/14 | G06F2119/08 | G06F2113/08 | G06F30/20 | G06F30/17,G06F119/14 | G06F119/08 | G06F119/06 | G06F113/08 | G06F30/20 | G06F30/17,general,2,モータコントローラ放熱構造の物理シミュレーション最適化(直交実験)。設計最適化目的
CN-115356945-B,CN,B,84030129,CN-202210497748-A,20260324,20220509,5G-based distributed aircraft brake semi-physical simulation system and simulation method,"The system comprises a local end and a remote end, wherein the local end comprises a measurement and control module and a first communication module which are in communication connection with each other, the remote end comprises a second communication module, a brake simulation module and a brake control system which is used for testing a brake test bed, and the second communication module is in communication connection with the first communication module. The method comprises the steps that a measurement and control module sends a brake control signal to a first communication module, a brake simulation module determines theoretical brake pressure in a current state based on the brake control signal, a brake control system executes brake pressure control according to the theoretical brake pressure in the current state, brake process state data in a next state is determined based on the actual brake pressure, and the brake process state data is sent to a second communication module. According to one or more technical schemes provided by the application, the safety of brake simulation can be improved, and the real-time performance of brake simulation is considered.",,,G05B17/02,G05B17/02,general,2,航空機ブレーキの半物理シミュレーションシステム。試験検証基盤でレアイベント生成ではない
CN-116244955-B,CN,B,86633045,CN-202310246853-A,20260324,20230310,Fault injection simulation method for inertial platform accelerometer,"The invention provides a fault injection simulation method for an inertial platform and an accelerometer, which adopts a transfer function method to establish a gyroscope measurement model, adopts a fault injection function mode to provide a simulation method for an unstable drift fault of an accelerometer bias voltage, a distortion fault of a large measurement signal of the accelerometer, a shaking fault of the inertial platform, a superposition fault of an output signal and a high-frequency harmonic frequency and a piezoelectric coefficient attenuation fault of a sensor sensitive core, thereby completing a test equivalent function, being capable of replacing a real inertial platform and an accelerometer system, and comprehensively simulating one or more faults of the accelerometer, so that the whole simulation function is detailed and accurate.",,,Y02T90/00 | G06F2119/02 | G01C25/005 | G06F30/20,G06F119/02 | G01C25/00 | G06F30/20,general,4,慣性プラットフォーム加速度計への複数種の故障注入シミュレーション手法。fault injectionのテーマに強く合致(航空宇宙分野)
CN-116482992-B,CN,B,87225970,CN-202310305893-A,20260324,20230324,Optical fiber array direct-casting type optical guidance control semi-physical simulation system and method,"The invention provides an optical fiber array direct-casting type optical guidance control semi-physical simulation system and method, comprising the following steps that a laser is connected with an optical fiber splitter; the optical fiber splitter is connected with the energy control module, the energy control module is connected with the optical fiber array integrator, the optical fiber array integrator is arranged on the focal plane of the collimating optical lens through an optical fiber connector, the collimating optical lens is arranged in front of an optical system of the tested optical guidance control system, the tested optical guidance control system is arranged on the flight turntable, the flight turntable is connected with the real-time simulation control system, the real-time simulation control system is connected with the scene generation computer, the scene generation computer is in driving connection with the energy control module, and the laser source, the optical fiber splitter, the energy control module, the optical fiber array integrator, the real-time simulation control system and the scene generation computer are positioned under the flight turntable. The invention adopts the large visual field optical target simulator installed in front of the direct tested optical guidance control system, has compact structure and performs semi-physical simulation.",,,Y02T90/00 | G05B17/02,G05B17/02,general,2,光ファイバー光学誘導制御の半物理シミュレーション。試験検証基盤でレアイベント生成ではない
CN-120373103-B,CN,B,96444650,CN-202510458163-A,20260324,20250414,Analysis method for dynamic response index of concrete arch dam structure affected by earthquake,"The invention discloses a dynamic response index analysis method of a concrete arch dam structure affected by an earthquake, which comprises the steps of collecting various displacement response indexes and stress response indexes of the concrete arch dam in each unit time and damage indexes of the working state of the concrete arch dam in each unit time by various data collecting sensors, storing collected data and sending the data to an engineer data centralized control center, carrying out normalization processing on the data, mapping the data with different physical dimensions to the same numerical range, dividing the arch dam into different nodes according to the structural characteristics of the concrete arch dam, constructing a node characteristic matrix, and generating a to-be-maintained repair instruction of the concrete arch dam if the various displacement response indexes and the stress response indexes are not in preset safety limiting boundary conditions and feeding back the to a safety analysis model interface of the concrete arch dam structure by a multi-mode data centralized control server. The method can send the to-be-maintained repair instruction of the concrete arch dam in time, and improves the analysis efficiency.",,,G06F2119/14 | G06N5/041 | G06F30/27,G06N5/04 | G06F119/14 | G06F30/27,general,2,地震影響下のコンクリートアーチダム動的応答分析。安全境界条件の監視目的
CN-120974937-B,CN,B,97648898,CN-202511492584-A,20260324,20251020,Electromagnetic pulse transmission simulation method and system based on scattering matrix and crossing ionosphere,"The invention provides an electromagnetic pulse transmission simulation method and system based on a scattering matrix, wherein the method comprises the steps of constructing a source area waveform signal, carrying out Fourier transform on the source area waveform signal to obtain the amplitude and the phase of different frequency components of the source area signal, uniformly layering the ionized layer to obtain the electron density, the electron collision frequency and the total electron content of a path along which the ionized layer is layered, writing the scattering matrix by boundary conditions, combining the scattering matrices among all adjacent layers after the uniform layering of the ionized layer to construct a global matrix, calculating a total transmission coefficient, calculating the amplitude attenuation and the phase change of a single-frequency signal when the ionized layer is transmitted according to the total transmission coefficient, carrying out Fourier inverse transform according to the amplitude attenuation and the phase change to obtain a time domain signal after the ionized layer is passed, updating the source area waveform signal, and comprehensively and accurately describing the scattering characteristics of electromagnetic waves in a complex environment by a final simulation result.",,,G06F2123/02 | G06F18/22 | G06F18/2131 | G06F30/27,G06F123/02 | G06F18/22 | G06F18/2131 | G06F30/27,general,1,電磁パルス伝搬シミュレーション(電離層)。境界条件を用いた物理解析手法
CN-120217633-B,CN,B,96108817,CN-202510158756-A,20260320,20250213,"Electromagnetic-heat flow coupling simulation method, device, medium and program product for superconducting power equipment based on iterative algorithm","The invention relates to an electromagnetic-heat flow coupling simulation method, equipment, medium and program product of superconducting power equipment based on an iterative algorithm, wherein the simulation method comprises the following steps of constructing a simplified basic model of the superconducting power equipment; the method comprises the steps of calculating steady-state alternating-current loss distribution of a coil, simulating and calculating temperature distribution of a superconducting coil and cooling liquid, feeding back the obtained temperature distribution of the superconducting coil and cooling liquid to an electromagnetic simulation process, calculating alternating-current loss as an input temperature boundary condition, feeding back the alternating-current loss to the heat flow simulation process, calculating the temperature distribution, forming an iteration loop, determining total alternating-current loss of superconducting equipment according to the alternating-current loss distribution in the iteration, and calculating the change rate based on the total alternating-current loss. Compared with the prior art, the invention can comprehensively consider the mutual influence of the electromagnetic field and the thermal field on the premise of not obviously increasing the simulation complexity, and can obtain the alternating current loss and the temperature of the superconducting power equipment more accurately.",,,G06F2113/08 | G06F2119/14 | G06F2119/08 | G06F30/28 | G06F30/10 | G06F30/20,G06F119/14 | G06F119/08 | G06F113/08 | G06F30/28 | G06F30/10 | G06F30/20,general,1,超電導電力機器の電磁-熱流結合シミュレーション。設計解析目的
CN-116127723-B,CN,B,86307184,CN-202211670487-A,20260320,20221220,Method for evaluating capacitance value and predicting residual life based on charging time,"The invention relates to a capacitor life prediction method, in particular to a capacitor capacity value assessment and residual life prediction method based on charging time. According to the method, parameters of corresponding time from 100% to 70% of capacity fading to 800V of fading charge are established through semi-physical simulation, charging time data under each capacity is obtained, and therefore a capacitive state identification SVM model and a capacitive fading state model which accord with product characteristic deviation and fading trend are established. The decay of the capacitor is a long-term process, the time of charging the capacitor to 800V is monitored in real time, data of 1 time/second are transmitted to the ground operation and maintenance platform through a network, the charging time value of the newly loaded capacitor is collected and tidied, the charging time value with the highest occurrence frequency and the charging time value with the highest occurrence frequency are selected as the original value to carry out model training again, the charging time charged to the appointed voltage is monitored regularly, the current capacitance value of the capacitor is estimated, and the service life is predicted.",,,G06F2119/04 | G01R31/392 | G06F30/20,G06F119/04 | G01R31/392 | G06F30/20,general,2,半物理シミュレーションによるコンデンサ寿命予測。予測手法でレアイベント生成ではない
CN-116127718-B,CN,B,86303674,CN-202211641359-A,20260320,20221220,DNAPLs pollution analysis method and system in typical groundwater system,"The invention relates to a method and a system for analyzing DNAPLs pollution in a typical groundwater system, which comprises the steps of firstly collecting DNAPLs pollution research area information, then determining the research area range based on DNAPLs pollution research area information, presumably influencing DNAPLs pollution distribution characteristics, judging groundwater flow direction and flow state, determining corresponding initial conditions, boundary conditions, supply conditions and drainage conditions, constructing the typical groundwater system, identifying DNAPLs pollutant properties, pollution sources, pollution release mechanisms and pollution source area structures in the groundwater system based on the typical groundwater system, determining DNAPLs migration paths and migration conversion mechanisms in the groundwater system, constructing a DNAPLs pollution model in the typical groundwater system, and further analyzing DNAPLs pollution by utilizing a DNAPLs migration numerical model.",,,G06F2119/14 | G06F2113/08 | G06F17/18 | G06Q50/26 | G06F30/20 | G01D21/02 | G01N33/1826 | G01N33/18,G06Q50/26 | G06F119/14 | G06F113/08 | G06F17/18 | G01N33/18 | G01D21/02 | G06F30/20,general,1,地下水系DNAPLs汚染解析。初期/境界条件を用いた環境モデリング
CN-121525528-B,CN,B,98732823,CN-202610049004-A,20260320,20260115,Intelligent reconstruction method for fan vibration data missing based on deep network structure,"The invention discloses an intelligent reconstruction method for fan vibration data loss based on a deep network structure, which particularly relates to the field of data loss reconstruction, and comprises the steps of collecting fan vibration and working condition data, normalizing, designing three loss modes of random point, continuous block and channel total loss, constructing a data set, simultaneously establishing a normal working condition vibration characteristic memory bank, constructing three heterogeneous expert networks of time sequence prediction of a space-time transducer, physical simulation of a physical information neural network and contrast learning of a deep memory network, completing pre-training, constructing a dynamic arbitration fusion network, inputting expert high-level characteristics and meta-task characteristics, realizing dynamic weight distribution and divergence detection, carrying out physical verification correction on divergence results based on an energy flow and coherence constraint rule bank, carrying out weighted fusion according to expert results, and evaluating and outputting through reconstruction accuracy, physical rationality and real-time indexes.",,,G06F2111/04 | G06N3/09 | G06N3/0895 | G06N3/0985 | G06N3/0442 | G06N3/045 | G06F30/27,G06N3/0985 | G06N3/09 | G06N3/0895 | G06N3/045 | G06N3/0442 | G06F111/04 | G06F30/27,general,2,ファン振動データ欠損の物理情報NN含む複数専門ネットワークによる再構成。データ補完目的
CN-120913037-B,CN,B,97548314,CN-202511445313-A,20260320,20251011,"Industrial visual countermeasure sample defense method and system based on physical simulation, electronic equipment and storage medium","The invention provides a physical simulation-based industrial visual countermeasure sample defense method, a physical simulation-based industrial visual countermeasure sample defense system, an electronic device and a physical simulation-based storage medium, which belong to the technical field of general image data processing or generation, and comprise the steps of acquiring original image data, and generating a physical simulation image through a physical simulation engine based on visual information of the material surface in the original image data; the method comprises the steps of generating a countermeasure network generator through two channels according to a physical simulation image, generating a countermeasure sample iteratively through the two channels, generating a countermeasure network discriminator through two channels based on a normal sample set and a countermeasure sample set, performing countermeasure training through the two channels, calculating a discriminator loss, calculating a generator loss based on the physical simulation image according to the discriminator loss, generating the countermeasure sample iteratively until a generator loss difference value is smaller than a preset value, and outputting a target countermeasure sample to realize defense on the industrial visual countermeasure sample. The invention can enhance the robustness and reliability of the industrial vision system by simulating physical characteristics of the real world.",,,G06N3/084 | G06N3/094 | G06N3/0475 | G06N3/045 | G06F30/27 | G06V10/774 | G06V10/764 | G06V10/82,G06V10/774 | G06V10/764 | G06N3/094 | G06N3/084 | G06N3/0475 | G06N3/045 | G06F30/27 | G06V10/82,general,4,物理シミュレーションに基づく産業視覚アドバーサリアルサンプル防御手法。物理ベースのアドバーサリアルサンプル生成に合致
US-12579335-B2,US,B2,87016762,US-202418418341-A,20260317,20230216,Overall hydraulic performance prediction method for sink-type dishwasher,"Method for predicting the overall hydraulic performance of a sink-type dishwasher. Process begins with unsteady numerical computation on a dishwasher pump under static conditions to obtain a characteristic pump curve. Using this curve, rotation velocity adaptation coefficient (A d ) and axial velocity coefficient (B d ) are determined. Mapping relationship is established between composite superposition virtual impeller and composite impeller. Passive rotation velocity of the volute and the nozzle flow rate are calculated using GMO model and virtual impeller. A jet mass source is established, using the nozzle flow rate and the volute&#39;s passive rotation velocity as boundary conditions. This leads to a non-submerged rotating jet flow computation with a multi-nozzle setup using the VOF method. This approach streamlines the dishwasher&#39;s intricate multi-physics, conserves computing resources, and effectively resolves issues related to free surface divergence and estimating the volute&#39;s passive rotation speed, leading to an accurate prediction of the dishwasher&#39;s overall hydraulic performance.",UNIV JIANGSU | WENLING FLUID MACHINERY TECHNOLOGY INSTITUTE JIANGSU UNIV,WANG XIKUN | LI YALIN | SUN HAICHAO | GAO YUHAN | LI MINGXUAN | FANG YUJIAN,G01M99/005 | A47L15/0086 | A47L15/0086 | G06F30/20 | G06F30/17 | Y02B40/00 | G06F2119/14 | G06F2111/10 | G06F30/17 | G06F30/17 | G01M99/005 | G06F30/20 | G01M99/005 | A47L15/0086 | G06F30/17,G01M99/00 | A47L15/00 | G06F30/17,general,1,食洗機の油圧性能予測CFD。製品設計目的でレアイベント生成ではない
CN-121528079-B,CN,B,98716079,CN-202610012982-A,20260317,20260107,VR-based hydrogen fuel cell car fire rescue treatment training exercise system,"The invention relates to the technical field of fire rescue training of hydrogen fuel cell automobiles and discloses a VR-based fire rescue treatment training exercise system for hydrogen fuel cell automobiles, which comprises a storage module, wherein the storage module is used for storing training data, constructing a knowledge graph based on the training data, constructing a basic vehicle model through the knowledge graph by the construction module, and generating an countermeasure sample based on the training data. The invention constructs an immersive training environment which is highly realistic, dynamically evolved, can be cooperated by multiple persons and has self-adaptive teaching capability through integrating advanced technologies such as knowledge graph, countermeasure sample generation, physical simulation, natural language interaction, intelligent behavior analysis and the like. An operator can repeatedly exercise the standardized disposal flow of various hydrogen fuel cell car accidents under the zero risk condition, obtain real-time principle explanation and operation correction, and obviously improve emergency disposal capacity and safety awareness.",,,G06N5/02 | G06F3/011 | G06Q50/2057 | G09B9/00,G06Q50/20 | G06N5/02 | G06F3/01 | G09B9/00,general,3,VR水素燃料電池車火災救助訓練システム。物理シミュレーション+アドバーサリアルサンプル生成でハザードシナリオ訓練に近い
CN-120278440-B,CN,B,96241871,CN-202510343353-A,20260317,20250321,Power system multi-resource collaborative planning method and system based on attribution analysis,"The invention relates to a multi-resource collaborative planning method for an electric power system based on attribution analysis, and belongs to the technical field of electric power system planning. The method comprises the steps of constructing an objective function based on the load requirement of a power system and the output of each unit, taking the lowest supply-demand mismatch degree as a target, constructing a planning model based on set constraint and objective function, respectively solving the planning model based on multiple groups of boundary condition values of the planning model to obtain corresponding planning schemes, analyzing to obtain quantitative representations of influence degrees of each boundary condition and each constraint on the planning schemes, respectively adjusting the corresponding boundary condition values based on the quantitative representations, respectively solving the planning models, and selecting the planning scheme with the lowest planning cost in the solving result as an optimal planning scheme. According to the invention, the key factors influencing the planning scheme are determined by carrying out attribution analysis on the power planning, and the optimal planning scheme is determined by adjusting the key factors, so that the scientificity and the economical efficiency of the planning scheme are further improved.",,,H02J2103/30 | H02J2103/35 | G06F2111/04 | G06F2113/04 | G06F30/20 | G06Q50/06 | G06Q10/06315 | H02J3/00,H02J103/40 | H02J103/35 | H02J103/30 | H02J3/00 | G06Q50/06 | G06F113/04 | G06F111/04 | G06F30/20 | G06Q10/0631,general,2,電力系統多資源協調計画。複数境界条件シナリオを分析するが計画最適化目的
CN-119494238-B,CN,B,94620647,CN-202411498238-A,20260317,20241025,"Intelligent early warning method, device and storage medium for basic flushing of offshore wind turbine","The invention discloses an intelligent early warning method, device and storage medium for basic scouring of an offshore wind turbine, and belongs to the technical field of structural safety early warning; the method comprises the steps of performing basic flushing simulation, collecting time domain data of pile top displacement and pile body node stress, establishing a plurality of proxy models, dividing the time domain data into a training set and a verification set to obtain training and verification results, optimizing an optimal proxy model by using two verification indexes of verification errors and a reserved error, obtaining fan foundation response by taking different flushing conditions as input parameters, comparing the fan foundation response with a set safety early warning threshold, and performing safety warning if the fan foundation response reaches or exceeds the safety early warning threshold. The invention can solve the problems that the initial condition of the traditional experimental method is difficult to reproduce, the influence of the experimental scale on the measurement result is high in cost and the defect that the full coverage of the scouring condition can not be realized by finite element simulation.",,,G06F18/217 | G06F18/214 | G06F30/27 | G06F30/23,G06F30/27 | G06F18/214 | G06F18/21 | G06F30/23,general,3,洋上風力基礎洗掘早期警報。従来手法の初期条件再現困難・洗掘条件網羅不可という課題に対処するプロキシモデル
CN-118940624-B,CN,B,93347705,CN-202410986167-A,20260317,20240722,"Model training method, device and readable storage medium","The application discloses a model training method, a model training device and a readable storage medium, which relate to the technical field of computers and are used for improving the energy consumption optimizing effect of refrigeration equipment. The method comprises the steps of inputting multiple groups of verification parameters of the refrigeration equipment into a scene simulation model to obtain scene simulation data corresponding to each group of verification parameters, wherein the refrigeration equipment is used for cooling multiple network equipment, the multiple groups of verification parameters comprise multiple groups of refrigeration parameters under different boundary conditions, the scene simulation data comprise energy consumption of the refrigeration equipment and temperature data of each network equipment area, training the reinforcement model based on the multiple groups of verification parameters to obtain a target reinforcement model, the target reinforcement model is used for determining target refrigeration parameters based on the current boundary conditions of the refrigeration equipment, the target refrigeration parameters are refrigeration parameters with minimum energy consumption of the refrigeration equipment in the multiple groups of refrigeration parameters to be selected, and the temperature data of each network equipment area is smaller than a temperature threshold when the refrigeration equipment executes the refrigeration parameters to be selected.",,,Y02D10/00 | G06F2119/08 | G06F2119/06 | G06F2119/14 | G06F2113/08 | G06T17/00 | G06N3/092 | G06F30/28 | G06F30/27,G06T17/00 | G06N3/092 | G06F119/14 | G06F119/08 | G06F119/06 | G06F113/08 | G06F30/28 | G06F30/27,general,3,冷凍設備の複数境界条件下でのシーン シミュレーションデータで強化学習モデルを訓練。境界条件バリエーションによる訓練データ生成
CN-121456271-B,CN,B,98579438,CN-202610002486-A,20260313,20260105,Rapid calculation method for broadband sound field of shallow sea complex fluctuation boundary,"The application belongs to the technical field of marine acoustics, and provides a rapid calculation method of a shallow sea complex fluctuation boundary broadband sound field, which comprises the steps of establishing an equivalent source model, extracting a plurality of discrete frequency points from a target frequency band to generate a discrete frequency point combination, sequentially extracting the discrete frequency points from the discrete frequency point combination as first discrete frequency points, and solving the first discrete frequency points The method comprises the steps of determining source intensity of each virtual sound source of an equivalent source model at each first discrete frequency point by a dimensional matrix equation until a trend of the source intensity of each virtual sound source changing along with the first discrete frequency points meets a frequency domain continuation condition of the source intensity, determining the source intensity of each virtual sound source at each second discrete frequency point based on the frequency domain continuation of the source intensity, and calculating a broadband sound field of a target shallow sea area based on the source intensity of each virtual sound source at each discrete frequency point in a discrete frequency point combination. The rapid calculation method provided by the application can remarkably reduce the calculated amount of calculating the shallow sea broadband sound field by using the equivalent source model under the complex fluctuation boundary condition.",,,G06F30/20 | G06F17/16,G06F30/20 | G06F17/16,general,1,浅海複雑変動境界での広帯域音場高速計算。境界条件を用いた音響解析手法
CN-120974971-B,CN,B,97658245,CN-202511075846-A,20260313,20250801,Wind field data modeling method and system for wind resistance test of small and medium-sized unmanned aerial vehicle,"The invention discloses a wind field data modeling method and system for a wind resistance test of a medium-sized and small-sized unmanned aerial vehicle, which comprise the steps of collecting topographic data, wind speed data and wind turbine data of the test wind field, determining a preset area and an unmeasured area according to a preset track of the unmanned aerial vehicle based on the test wind field, obtaining boundary conditions and disturbance grid wake of the unmeasured area through fluid simulation based on the topographic data and the preset area, carrying out wind speed vector decomposition on grids according to the preset wind field boundary conditions, obtaining a preset wind field model according to disturbance time sequences, maneuvering weights of the unmanned aerial vehicle and disturbance grid wake, obtaining a predicted wind field of the unmeasured area through Gaussian process regression based on the preset wind field model, and obtaining a target wind field model through grid time sequence coupling by using different preset tracks of the unmanned aerial vehicle. According to the method, through space-time collaborative interpolation and fluid simulation of Gaussian process regression, the inlet boundary condition is more in accordance with the fluid mechanics rule, and the physical consistency and reliability of a target wind field are improved.",,,G06F30/15 | G06F2123/02 | G06F2119/14 | G06F2113/08 | G06F18/27 | G06F18/213 | G06F30/27 | G06T17/205 | G06F30/23 | G06F30/28 | G01D21/02,G06T17/20 | G06F123/02 | G06F119/14 | G06F113/08 | G06F30/27 | G06F30/23 | G06F30/15 | G06F18/27 | G06F18/213 | G01D21/02 | G06F30/28,general,2,UAV耐風試験用風況データモデリング。流体シミュレーションで境界条件を得るが試験モデリング目的
US-2026070567-A1,US,A1,97916149,US-202519244125-A,20260312,20240621,Computer-implemented method and system for planning the behavior of an at least partially automated ego vehicle,"A computer-implemented method for planning the behavior of an at least partially automated EGO vehicle. The method uses a data basis of predefined partial situations and an evaluation model for each of these partial situations as well as a predefined set of rules for assessing possible behaviors of the EGO vehicle in a given situation. The method includes decomposing the given situation into a set of partial situations of the data basis and determining boundary conditions for the behavior of the EGO vehicle on the basis of the evaluation models of the identified partial situations. In doing so, a specified specialization hierarchy for the partial situations of the data basis is used.",BOSCH GMBH ROBERT,HEINZEMANN CHRISTIAN | FREIENSTEIN HEIKO | OEHLERKING JENS | MUELLER JOHANNES CHRISTIAN | BERGER JORAM | BUTZ MARTIN | HERRMANN MARTIN | RITTEL MICHAEL | KOHLHAAS RALF | KNOOP STEFFEN,B60W2050/0052 | B60W2050/0028 | B60W2555/60 | B60W60/0013 | B60W60/0015 | B60W60/00272 | B60W60/00276 | B60W30/18159 | B60W50/0098 | B60W40/04 | B60W2555/60 | B60W60/0015 | B60W60/0013 | B60W2050/0052 | B60W2050/0028 | B60W50/0098,B60W60/00 | B60W50/00,general,2,Bosch: 自動運転車の行動計画。境界条件はあるがオンライン計画でシナリオ生成ではない
WO-2026052586-A1,WO,A1,96948039,EP-2025074864-W,20260312,20240903,Computer implemented method of dynamically operating a methanation plant and a methanation plant control unit for dynamically operating a methanation plant,"The present disclosure relates to a computer implemented method and to a methanation plant control unit for dynamically operating a methanation plant (1) for producing methane and / or methanol. A digital plant twin (50) of the methanation plant (1), is provided or accessed, which comprises a plurality of digital components (51) each representing at least one methanation plant component, and respective operating boundary conditions (52) for the plurality of digital components (51). Estimated electric energy profile (44) are received indicative of the expected available electric energy to the methanation plant (1). Further, a required methane output profile (45) is received indicative of the required methane output of the methanation plant (1). The digital plant twin (50), is configured to determine the control commands (43) for operating the methanation plant (1) using the operating boundary conditions (52), the estimated electric energy profile (44) and the required methane output profile (45).",TURN2X GMBH,WEILER MALWIN,G05B19/41885 | G05B2219/32017 | G05B2219/32342 | G05B2219/32343 | G05B2219/32349 | C10L3/08 | G05B17/02,G05B19/418 | C10L3/08 | G05B17/02,general,1,メタネーションプラントのデジタルツイン制御。運用最適化目的
WO-2026052587-A1,WO,A1,96989391,EP-2025074865-W,20260312,20240903,Computer implemented method of dynamically operating a fleet of methanation plants and a methanation fleet control device,"The present disclosure relates to a computer implemented method and to a methanation fleet control unit for dynamically operating a fleet (40) of methanation plants (1) for producing methane and / or methanol. A digital fleet twin (50) of the fleet (40), is provided or accessed, which comprises a plurality of digital methanation plants (52) each representing at least one methanation plant, and respective operating plant boundary conditions (51) for the plurality of digital plants (52). Further, a required methane output profile (60) is received indicative of the required methane output of the fleet (40) of the methanation plants (1). The digital fleet twin (50), is configured to determine control commands (43) for operating the fleet (40) of the methanation plants (1) using the digital fleet twin (50) and the required methane output profile (60).",TURN2X GMBH,WEILER MALWIN,G05B2219/32349 | G05B2219/32343 | G05B2219/32342 | G05B2219/32017 | G05B19/41885 | G05B17/02,G05B19/418 | C10L3/08 | G05B17/02,general,1,メタネーションプラント群の艦隊デジタルツイン制御(同上の重複系統)
US-12572721-B2,US,B2,78820724,US-202117349100-A,20260310,20201113,Building performance analysis (BPA) machine: machine learning to accelerate building energy analysis,"A method and system generate a building operational performance analysis output. A synthetic data set is generated and includes a set of 3D building conceptual mass geometries. The generating includes identifying geometry types, dividing the geometry types into categories, and algorithmically generating the mass geometries using a separate workflow for each category using generative design. Analytical models associated with each of the mass geometries are generated. Simulation results are generated for each of the analytical models. A surrogate model is trained based on a set of features extracted from the simulation results using machine learning (ML). The ML iteratively determines the set of features based on a measured accuracy of the surrogate model. Geometry input is received and processed through the surrogate model to generate the building operational performance analysis output which is then used to inform a designer of an approximate Energy Use Intensity of the geometry input.",AUTODESK INC,RAHMANI ASL MOHAMMAD | KRON ZACHARY MICAH | TOULKERIDOU VARVARA | FLOYD MICHAEL TRAVIS | MOLLOY IAN | VAIDHYANATHAN VISHAL | AMOUR GRACELINE R | AMPANAVOS SPYRIDON,G06F30/17 | G06F30/13 | Y02P90/82 | G06F30/27 | G06F2119/08 | G06Q50/08 | G06Q10/06393 | G06F30/27 | G06F30/27 | G06F30/13 | G06F30/13 | G06F30/17 | G06F30/13 | G06F30/27,G06F30/17 | G06F30/13 | G06F30/27,general,3,Autodesk: 生成的デザインで建物形状の合成データセットを生成しサロゲートモデルを訓練。物理ベースの合成データ生成に近い
US-12573182-B2,US,B2,66589896,US-202418412440-A,20260310,20180508,Computer vision and speech algorithm design service,"A synthetic world interface may be used to model digital environments, sensors, and motions for the evaluation, development, and improvement of computer vision and speech algorithms. A synthetic data cloud service with a library of sensor primitives, motion generators, and environments with procedural and game-like capabilities, facilitates engineering design for a manufactural solution that has computer vision and speech capabilities. In some embodiments, a sensor platform simulator operates with a motion orchestrator, an environment orchestrator, an experiment generator, and an experiment runner to test various candidate hardware configurations and computer vision and speech algorithms in a virtual environment, advantageously speeding development and reducing cost. Thus, examples disclosed herein may relate to virtual reality (VR) or mixed reality (MR) implementations.",MICROSOFT TECHNOLOGY LICENSING LLC,EBSTYNE MICHAEL | ESCOS PEDRO URBINA | PEKELNY YURI | CHAN JONATHAN CHI HANG | Shalev Emanuel | KIPMAN ALEX | FLICK MARK,G06F18/214 | G10L15/01 | G06F11/3684 | G06F2111/18 | G06F30/20 | G06F30/27 | G06F2111/18 | G06F11/3684 | G10L15/01 | G06F18/217 | G06V10/774 | G06V10/774 | G06F2111/18 | G06F18/214 | G10L15/01 | G06F30/20 | G06F11/3684 | G06V10/774,G10L15/01 | G06F111/18 | G06F30/20 | G06F18/214 | G06F11/3668 | G06V10/774,general,3,Microsoft: 合成データクラウドサービスで多様な仮想環境・センサ条件を生成しCV/音声アルゴリズムを試験
US-12570318-B1,US,B1,99012502,US-202418753800-A,20260310,20240625,Auto-calibration for personalized self-driving experience,"An apparatus comprising an interface and a processor. The interface may receive baseline driving data of a driver, pixel data of an environment near a vehicle and vehicle navigation input from the driver. The processor may initialize a programmable driving stack for the vehicle in response to the baseline driving data of the driver, monitor for intervention events from the driver, determine edge case parameters for the driver in response to an analysis of the intervention events, generate a personalized driving model for the driver in response to the baseline driving data and the edge case parameters and update the programmable driving stack using the personalized driving model. The analysis of the intervention events may comprise the video-to-text analysis of the video frames to generate a text description of the environment. An AI model may generate the edge case parameters in response to the text description.",AMBARELLA INT LP,BLOOMQUIST JR ROBERT DALE,G10L15/183 | G10L15/22 | B60W2556/10 | B60W50/06 | B60W60/0013 | B60W2050/0083 | B60W2050/0075 | B60W50/14 | B60W2050/0088 | G06V20/58 | G06V20/41 | B60W2420/403 | G06F40/40 | G10L15/22 | B60W2050/0083 | B60W50/06 | G06F40/40 | B60W2420/403 | G10L15/183 | G06V20/58 | G06V20/41 | B60W60/0013 | B60W2420/403 | B60W2050/0083 | G10L15/22 | G10L15/183 | G06V20/58 | G06V20/41 | G06F40/40 | B60W50/06 | B60W60/0013,G10L15/22 | G10L15/183 | G06V20/58 | G06V20/40 | G06F40/40 | B60W50/06 | B60W50/00 | B60W60/00,general,4,Ambarella: 運転介入イベントからエッジケースパラメータを特定しパーソナライズド運転モデルを生成。エッジケース抽出に合致
CN-121257233-B,CN,B,98198544,CN-202511825109-A,20260310,20251205,Simulation method for extrusion process of asymmetric aluminum profile,"The invention discloses an asymmetric aluminum profile extrusion process simulation method, which particularly relates to the technical field of metal forming simulation, and comprises the steps of constructing an asymmetric profile geometric model and extracting key structural parameters, establishing a multi-cavity welding die thermal-force coupling simulation model, constructing a dynamic recrystallization structure evolution model, setting extrusion process initial conditions and performing finite element simulation, comparing simulation results with historical working conditions, identifying abnormal areas and extracting flow track feature vectors, inverting microstructure evolution paths by combining tissue parameters to generate a defect prediction matrix, solving optimal process parameters through a numerical optimization algorithm, and re-simulating to verify whether tissue and stress field distribution reach standards or not.",,,G06F2119/14 | G06F30/27 | G06F30/23,G06F119/14 | G06F30/27 | G06F30/23,general,2,アルミ押出成形プロセスシミュレーションで欠陥予測。製造プロセス解析目的
CN-116227163-B,CN,B,86590418,CN-202310065841-A,20260310,20230119,Intelligent collaborative master control system for physical simulation of ultra-large deep engineering disasters,"The invention provides an intelligent cooperative master control system for physical simulation of ultra-large deep engineering disasters, and relates to the technical field of physical simulation of deep engineering disasters. The system comprises a cross-protocol transparent high-efficiency communication architecture responsible for communication and data transmission among all the constituent systems of the physical simulation facility, a test big data storage and fusion analysis module used for multi-source heterogeneous test big data storage and fusion analysis, a multi-task joint planning module used for making and planning a physical simulation test task plan, an intelligent dynamic cooperative control module used for constructing a cooperative control model and carrying out real-time dynamic cooperative control on a physical simulation test field process, a cooperative control model autonomous optimization module used for realizing continuous optimization of the cooperative control model, and a multi-task intelligent execution fault-tolerant module and a multi-task integrated display module used for providing intelligent fault tolerance and integrated display functions. The system can realize intelligent dynamic cooperative control of a plurality of strong coupling systems of the ultra-large deep engineering disaster physical simulation facilities.",,,Y02P90/02 | G06Q50/08 | G06Q10/06393 | G06Q10/06315 | G06Q10/04 | G06F30/20,G06Q50/08 | G06Q10/0639 | G06Q10/0631 | G06Q10/04 | G06F30/20,general,3,深部工学災害の物理シミュレーション協調制御システム。災害物理シミュレーションだが制御基盤自体が対象
CN-121234627-B,CN,B,98156070,CN-202511793680-A,20260306,20251202,Method for designing composite foundation of reconstruction and extension pile foundation based on new foundation and old foundation rigidity cooperation,"The invention discloses a new and old foundation rigidity synergy-based reconstruction pile foundation composite foundation design method, which comprises the steps of dividing a joint of a new foundation and an old foundation into a plurality of areas according to rigidity differences, respectively establishing a power control equation of each area cushion layer, respectively setting boundary conditions and continuity conditions of each area cushion layer, solving power response complete solutions of each area cushion layer, combining the boundary conditions and continuity conditions with the cushion layer power response complete solutions to obtain undetermined coefficients in the complete solutions, substituting the determined undetermined coefficients to complete solution expressions, and further quantifying influences brought by the new and old foundation rigidity differences through displacement and internal force expressions, thereby guiding the reconstruction pile foundation composite foundation design. According to the invention, the rigidity difference is used as a core factor to be introduced into a dynamic model, a dynamic equation is derived from a vibration elastic sheet theory, the problems of two ends and the joint of a new foundation and an old foundation are fully considered, the key effect of pile-soil coordination rigidity is revealed through partition modeling, the foundation design is guided, and the differential deformation is reduced.",,,G06F2119/14 | E01C3/00 | G06F30/13 | G06F30/20,G06F119/14 | G06F30/13 | E01C3/00 | G06F30/20,general,1,杭基礎設計の境界条件計算。土木設計解析目的
CN-118194559-B,CN,B,91408159,CN-202410326058-A,20260306,20240321,Characterization method for shedding degree and migration process of solid particles in carbon dioxide sealing and storing,"The invention belongs to the field of carbon dioxide geological sequestration, and discloses a characterization method of the shedding degree and the migration process of solid particles in carbon dioxide sequestration, which comprises the steps of constructing a shedding-migration model based on the shedding of the solid particles in a stratum solid skeleton and the migration behaviors of the shed solid particles in the carbon dioxide sequestration process; the method comprises the steps of constructing an initial reservoir model of a carbon dioxide sealing target area based on geological conditions and on-site conditions of the carbon dioxide sealing area, setting initial conditions and boundary conditions, and conducting grid division to obtain the initial reservoir grid model, inputting the initial reservoir grid model into a shedding-migration model to obtain shedding amount and shedding rate of solid particles in a stratum solid framework, and representing shedding degree of the solid particles in the stratum solid framework and migration process of the shed solid particles in the carbon dioxide sealing process through the shedding amount and the shedding rate. The method can realize effective analysis and prediction of the falling off and migration processes of the stratum skeleton particles in the injection process.",,,Y02C20/40 | G06F2113/08 | G06F2119/14 | G01N15/00 | G06F30/28 | G06F30/20,G06F119/14 | G06F113/08 | G06F30/28 | G01N15/00 | G06F30/20,general,1,CO2貯留粒子移行の初期/境界条件モデリング。地質解析目的
US-2026065132-A1,US,A1,96848766,US-202418821245-A,20260305,20240830,Computer system for evaluation of components supported by artificial intelligence / machine learning,"A method and system for evaluating a component includes receiving a component definition that includes component geometry and one or more of a boundary condition set and a load set. A comparator model compares component geometry to one or more design envelopes, and compares load sets to one or more prior load sets, each from a database of stored component definitions. Based on the comparison, an analysis model forms a detailed analysis or an iterative analysis to produce a result set. A result module generates an evaluation disposition of the component definition based on the result set.",PRATT & WHITNEY CANADA,OZÓG MATEUSZ | SWABY NADIA,G01M15/14 | G06F30/27 | G06F2119/08 | G06F2119/14 | G06F30/15 | G06F30/17 | G06N20/00 | G06F30/23 | G01M15/14 | G06N20/00,G01M15/14 | G06N20/00,general,2,Pratt & Whitney: 部品評価の境界条件/荷重セット比較。設計評価目的
EP-4703950-A1,EP,A1,96848766,EP-25198844-A,20260304,20240830,Computer system for evaluation of components supported by artificial intelligence / machine learning,"A method (100) and system (10) for evaluating a component includes receiving (102) a component definition that includes component geometry and one or more of a boundary condition set and a load set. A comparator model (34) compares (106) component geometry to one or more design envelopes (32A), and compares load sets to one or more prior load sets, each from a database of stored component definitions (32F, 32G). Based on the comparison, an analysis model (36) forms (108) a detailed analysis or an iterative analysis to produce a result set. A results module (22) generates (110) an evaluation disposition of the component definition based on the result set.",PRATT & WHITNEY CANADA,OZÓG MATEUSZ | SWABY NADIA,G01M15/14 | G06N20/00 | G06F30/27 | G06F2119/08 | G06F2119/14 | G06F30/15 | G06F30/17 | G06F30/23,G06F30/27 | G06F30/23 | G06F30/17 | G06F30/15,general,2,同上(EP版の重複)
US-12566909-B1,US,B1,98928598,US-202217934847-A,20260303,20211007,Prediction of steady state heat maps for chip thermal analysis,"A method and apparatus of a device of predicting a heat map for a die model is described. In an exemplary embodiment, the device receives a die model for representing the die and a boundary condition applicable to the die, the die model including dimensions of the die. In addition, the device may include scaling the dimensions of the die model and the boundary condition, wherein the dimensions of the die model are scaled to a target die size, the scaled dimensions including a scaled die thickness. Furthermore, each trained die model including a die surface of the target die size, different trained die models having different die thickness, the plurality of trained die models trained under a plurality of boundary conditions, each trained die model having a plurality of decay curves associated with the plurality of boundary conditions. The method may additionally include determining a relationship between the scaled boundary condition and the plurality of boundary conditions. In addition, the method may include determining a decay curve for the die model according to a combination of decay curves associated with the plurality of boundary conditions for the one or more trained die models using the relationship. Furthermore, the method may include generating the die heat map based on the decay curve determined for the die model.",ANSYS INC,ABARHAM MEHDI | ASGARI SAEED | WEN JIMIN | CHANG NORMAN | GEB DAVID | GANDHI VIRALKUMAR GIRISHCHANDRA | PAN HSIMING | KUMAR AKHILESH | HE HAIYANG,G06F30/20 | G06F30/27 | G06F2119/08 | G06F30/3308 | G06F2119/08 | G06F30/3308 | G06F2119/08 | G06F30/3308,G06F119/08 | G06F30/3308,general,2,ANSYS: チップ熱解析の複数境界条件下ヒートマップ予測モデル。設計ツールでレアイベント生成ではない
CN-116312875-B,CN,B,86815543,CN-202211532133-A,20260303,20221201,Forging loading mode preferential method from fine grain strengthening angle based on crystal phase field method,"The invention particularly relates to a forging loading mode preferential method from a fine grain strengthening angle based on a crystal phase field method, which solves the problem that the refining evolution process of an original scale crystal grain in the traditional experiment is difficult to characterize. A preferred method for forging loading modes from a fine grain strengthening angle based on a crystal phase field method comprises the following steps of establishing a dual-mode crystal phase field model, determining a numerical method, performing space dispersion on a constructed Cahn-Hillard dynamic equation by adopting a semi-implicit Fourier spectrum method to obtain an atomic density field evolution mode at the next moment, setting initial condition parameters according to each forging loading mode to be compared, performing simulation calculation and result derivation, and performing comparison analysis on crystal evolution processes under different forging loading modes obtained in the step four. The method is used for analyzing the rule of influence of different loading conditions on grain refinement aiming at the growth state of the nano polycrystalline material under different stress loading conditions.",,,G06F2111/10 | G06F2119/14 | G06F30/20 | G16C60/00,G06F119/14 | G06F111/10 | G06F30/20 | G16C60/00,general,2,鍛造荷重モードの結晶相場法比較。初期条件パラメータを変えた比較分析だが設計目的
CN-115375012-B,CN,B,84064405,CN-202210931742-A,20260303,20220804,Intelligent and rapid hypersonic aerodynamic thermal environment prediction method based on AI-CFD,"The invention discloses an intelligent rapid prediction method of hypersonic aerodynamic heat environment based on AI-CFD, which comprises the steps of importing a geometric model file and a cloud image file of a hypersonic blunt body into a CFD numerical simulation software database, constructing a python environment, processing the geometric model file to obtain binarized data, processing the binarized data to obtain directed distance field data, processing the binarized data to obtain flow area channel data, processing the cloud image file to obtain cloud image grid topological structure data, taking the directed distance field, the flow area channel and the cloud image grid topological structure data as input of CNN training, obtaining physical boundary condition parameters under different conditions through investigation, adding the cloud image grid topological structure data as input of RBFNN training, and predicting a flow field, a temperature field, a speed field and a gas phase concentration distribution field by using a model which is completed through training. Compared with the traditional numerical simulation, the method has the advantages that the prediction speed is faster, the method can be used for various prediction scenes, and the degree of freedom is higher.",,,Y02T90/00 | G06F2119/14 | G06F2113/08 | G06F2111/10 | G06N3/08 | G06F30/27 | G06F30/28 | G06Q10/04,G06N3/0464 | G06F119/14 | G06F113/08 | G06F111/10 | G06F30/27 | G06F30/28,general,3,AI-CFDによる極超音速空力熱環境予測。複数境界条件下でのCNN/RBFNN予測、様々な条件シーンに対応
CN-120805704-B,CN,B,97321935,CN-202510959401-A,20260303,20250711,Cross-scale wind power plant wind resource assessment method based on numerical mode,"The invention relates to the technical field of wind power generation and discloses a method for evaluating wind resources of a cross-scale wind power plant based on a numerical mode, which comprises the following steps of step 1, acquiring multi-source observation data of a target area; the method comprises the steps of screening a WRF optimal configuration scheme adapting to regional topography, generating annual scale wind resource data serving as initial wind resource data through a WRF dynamic downscaling method, carrying out regional correction on the initial wind resource data to obtain wind measurement data, constructing a WRF-WFP model coupling a WRF mode and a wind farm parameterized model, optimizing WRF lower boundary conditions, simulating atmospheric flow of a target region, quantifying wind farm wake evolution characteristics, constructing a wake analysis model, and formulating collaborative capacity planning of a wind farm group, wherein the WRF-WFP model is constructed. The method can accurately predict the power generation capacity of the wind farm to be developed and provide a reliable basis for scientific decisions of resource distribution development and planning of the million kilowatt wind farm.",,,G06F2119/02 | G06F2119/14 | G06F2113/08 | G06F2111/10 | G06F2113/06 | G06N20/00 | G06F30/27,G06N20/00 | G06F119/14 | G06F119/02 | G06F113/08 | G06F113/06 | G06F111/10 | G06F30/27,general,1,風力発電資源評価のWRFモデル。境界条件を用いた気象シミュレーション
CN-120068448-B,CN,B,95807203,CN-202510219374-A,20260303,20250226,Lithium ion battery attenuation prediction method and system based on multi-physical field coupling model,"The invention discloses a lithium ion battery attenuation prediction method and system based on a multi-physical field coupling model, which comprises the steps of determining a multi-physical field coupling relation and a model scale, defining each sub-model according to actual simulation requirements and obtaining parameters of the multi-field coupling model, wherein the sub-model is used for simulating mass transfer, electrochemical reaction, temperature rise, thermal expansion, expansion force change and capacity attenuation of a battery, constructing the multi-field coupling model and boundary conditions, defining a coupling mechanism and boundary conditions of the model, comprising electrochemical, thermal conduction and mechanical constraint conditions, determining a numerical solution method based on COMSOL Multiphysics to perform simulation calculation of the electrochemical, thermal, force and aging coupling model, and determining an optimal pre-tightening force value by simulating and analyzing influences of different pre-tightening forces on the expansion force and capacity attenuation of the battery. The invention can effectively predict the capacity attenuation process of the battery, optimize the design of the battery, and improve the reliability and service life of the battery in different application scenes.",,,Y02E60/10 | G06F2111/04 | G06F2119/14 | G06F2119/08 | G06F2119/04 | G06F30/25 | G06F30/20,G06F119/14 | G06F119/08 | G06F119/04 | G06F111/04 | G06F30/25 | G06F30/20,general,2,リチウム電池劣化予測のマルチフィジックス結合モデル。設計予測目的でレアイベント生成ではない
CN-117055375-B,CN,B,88666361,CN-202311172016-A,20260303,20230912,Digital twin load management digital physical hybrid simulation method and system,"The invention relates to the technical field of simulation and simulation, in particular to a digital twin load management digital physical hybrid simulation method and a digital twin load management digital physical hybrid simulation system, wherein the simulation system comprises a simulation experiment platform which is used for flexibly setting simulation sources and different combination conditions of actual equipment in a configuration project and is constructed for realizing simulation of user side changeable scenes, and has the beneficial effects that: the platform integrating digital twin and semi-physical simulation is used for simulation of a novel load management system, and strategy development and verification, scene definition, time scale, fault simulation and other aspects are adjusted in the simulation process, so that deduction according to an event and a model and physical characteristics of mapping real equipment is realized, simulation precision is improved, and further the adaptation range of simulation is enlarged.",,,G05B17/02,G05B17/02,general,3,デジタルツイン負荷管理のデジタル物理ハイブリッドシミュレーション。fault simulationやシーン定義機能を含む(エネルギー分野)
CN-121578508-A,CN,A,98832663,CN-202610111549-A,20260227,20260127,TIR lens and parameter design method thereof,"The invention provides a TIR lens and a parameter design method thereof, the method comprises the steps of constructing an optical system structure of an application scene of the TIR lens, wherein the optical system structure comprises light sources, the TIR lens and an optical chip with microstructures which are annularly arranged, each sub-light source in the light sources is positioned at the center of the round bottom of the corresponding TIR lens, determining a light distribution curve through optical chip parameters and light source parameters, calculating initial parameters of a first free curve and a second free curve in the TIR lens according to the light distribution curve, then establishing a physical simulation model to perform optical tracking simulation, correcting the initial parameters through the simulated light distribution curve obtained by simulation, and then performing optical tracking simulation, and repeating the steps until the size of a light spot and the uniformity of the light spot reach a target. The TIR lens designed based on the invention can realize high uniformity of the whole light spot while realizing low-angle high-light-efficiency illumination.",,,F21Y2115/10 | G03B15/02 | F21V13/04 | F21V7/04 | F21V5/045 | F21V5/04 | G06F30/20 | G02B27/0012,G06F30/20 | G03B15/02 | F21Y115/10 | F21V13/04 | F21V7/04 | F21V5/04 | G02B27/00,general,1,TIRレンズ光学設計の物理シミュレーション。設計ツールでレアイベント生成ではない
CN-115577521-B,CN,B,84582872,CN-202211209745-A,20260227,20220930,Method for establishing prediction model of low cycle fatigue life of exhaust hot end,"The application discloses a method for establishing a prediction model of low cycle fatigue life of an exhaust hot end, which comprises the following steps of setting thermal boundary conditions of different exhaust hot end models according to different powers of an engine, respectively carrying out stress field analysis on the exhaust hot end models according to each boundary condition to obtain a strain form of maximum equivalent plastic strain increment of the exhaust hot end and a temperature form at a corresponding node of the maximum equivalent plastic strain increment, determining an exhaust hot end life checking component according to the maximum equivalent plastic strain increment of the exhaust hot end, respectively carrying out a high-temperature tensile test and a cold-hot impact cycle test on the checking component based on temperature values in the temperature form to obtain a static tensile form and a test life form of materials of the life checking component at corresponding temperatures, and determining the prediction model of the exhaust hot end according to the static tensile form, the test life form and the strain form, thereby predicting the fatigue life of the exhaust hot end and being convenient for reasonably setting overhaul and replacement cycles of the exhaust hot end.",,,G06F2111/10 | G06F2119/08 | G06F2119/14 | G06F2119/02 | G06F2119/04 | G06F30/17 | G06F30/23 | G06F30/20,G06F119/14 | G06F119/08 | G06F119/04 | G06F119/02 | G06F111/10 | G06F30/23 | G06F30/17 | G06F30/20,general,1,排気系低サイクル疲労寿命予測、境界条件。物理予測目的
CN-121580841-A,CN,A,98842597,CN-202511780351-A,20260227,20251128,Walking slip breaking control effective crack evaluation method based on structural stress field simulation,"The application discloses a sliding break control effective crack evaluation method based on structural stress field simulation, which is a method for determining a target horizon and a break-crack spread characteristic of a research area, defining structural stress field simulation boundary conditions, constructing a reasonable structural model and a mathematical model, developing structural stress field simulation, solving geological and engineering parameters for representing a break-crack system according to simulation results, carrying out weight assignment by using a analytic hierarchy process, comprehensively constructing a break-crack system effectiveness evaluation parameter by multiple parameters, establishing a break-crack system effectiveness evaluation standard by calibrating the break-crack system effectiveness evaluation parameter, and finally precisely determining a space distribution area of an effective crack in the break-crack system. The method is based on a rock fracture criterion, predicts the development distribution rule of effective cracks in the reservoir by taking the ground stress as an application condition, and provides an effective scheme for professional technicians researching the effectiveness distribution characteristics of a sliding fracture zone fracture-joint system and well position deployment.",,,G06F2119/14 | G06F2111/10 | E21B47/00 | E21B49/00 | G06Q50/02 | G06F18/2431 | G06F18/213 | G06F18/15 | G06F30/27,G06Q50/02 | G06F119/14 | G06F111/10 | G06F18/2431 | G06F18/213 | G06F18/15 | E21B49/00 | E21B47/00 | G06F30/27,general,1,構造応力場シミュレーションによる亀裂評価。地質工学解析目的
CN-121578782-A,CN,A,98831337,CN-202511610268-A,20260227,20251105,Vehicle-mounted CAN bus diagnosis platform based on real-time operating system,"The invention relates to the technical field of rail transit and discloses a vehicle-mounted CAN bus diagnosis platform based on a real-time operation system, which is integrated in a test platform of a vehicle-mounted safety calculation controller software of the rail transit, wherein the test platform comprises a simulated external microcontroller and an environment device. The vehicle-mounted CAN bus diagnosis platform based on the real-time operating system CAN be used as a bottom layer interface of the simulation external microcontroller for fault injection test in an integrated mode through a system architecture with two operation modes of integration and monitoring, CAN be used as an independent node to be connected to a bus in a monitoring mode, realizes complete monitoring and analysis of a CAN bus bottom layer protocol on the premise of not occupying the resources of the simulation external microcontroller and not interfering with normal test, and solves the problem that the existing platform cannot perform independent and non-invasive bus monitoring.",,,H04L43/55 | H04L43/18 | G05B17/02 | G05B23/0256,H04L43/55 | H04L43/18 | G05B17/02 | G05B23/02,general,3,車載CANバス診断プラットフォーム。fault injection testの下位層インタフェースとして機能(鉄道分野)
CN-121583178-A,CN,A,98845114,CN-202511627007-A,20260227,20251107,DF4D railway locomotive-based dynamic simulation system for logic of electric circuit,"The invention discloses an electric circuit logic dynamic simulation system based on a DF4D locomotive, which relates to the technical field of locomotive maintenance training, and comprises a circuit schematic diagram simulation module, a gas circuit schematic diagram simulation module, a data interaction module, a fault injection module and an intelligent diagnosis module, wherein the circuit schematic diagram simulation module is used for constructing an interaction interface matched with a DF4D locomotive electric circuit schematic diagram 1:1 by adopting a vector graphic technology and responding to external operation signals in real time by dynamically identifying the power-on and power-off states of circuit elements through colors. The invention realizes the transition of maintenance training from subjective evaluation to quantitative evaluation. By recording fault positioning time, operation steps and parameter judgment results of a student in real time and combining with a standard flow library, accurate comparison is performed, objective scores are generated from three dimensions of positioning accuracy, step integrity and parameter precision, the student is helped to determine own weak links, and powerful support is provided for train engineering section culture high quality DF4D locomotive maintenance talents.",,,G09B9/00 | G09B25/02 | G09B5/02 | G09B23/183,G09B25/02 | G09B9/00 | G09B5/02 | G09B23/18,general,3,機関車電気回路動的シミュレーション訓練システム。fault injection moduleを含む保守訓練ツール
CN-121577365-A,CN,A,98842414,CN-202511747724-A,20260227,20251126,Intelligent compressed air system energy efficiency assessment method based on environment compensation,"The invention discloses an intelligent assessment method for energy efficiency of a compressed air system based on environmental compensation. The method comprises the steps of firstly collecting operation performance parameters, air quality parameters and environment parameters, establishing thermophysical mapping by utilizing an enthalpy-humidity diagram, forming a quality coupling characteristic data set, and simultaneously constructing a theoretical energy efficiency reference plane and a thermodynamic constraint set based on an isentropic compression principle and a historical optimal sample. Then, a nonlinear machine learning model is trained to learn a nonlinear mapping relationship between the environmental parameter variation and the performance and quality offsets. The model converts the operating parameters in a real-time non-standard environment to equivalent operating performance parameters for standard environmental conditions. And during evaluation, mapping the equivalent operation parameters to a theoretical energy efficiency reference plane, and calculating a distance vector to obtain an evaluation result reflecting the degree of deviation of the energy efficiency and the degree of performance decline of the system. The method effectively eliminates environmental interference and remarkably improves the accuracy and comparability of the energy efficiency evaluation of the compressed air system.",,,G06F2119/08 | G06F2111/04 | F04B51/00 | G01D21/02 | G01M99/00 | G06N20/00 | G06F30/27 | Y02P90/82,G06N20/00 | G06F119/08 | G06F111/04 | G06F30/27 | G01D21/02 | F04B51/00 | G01M99/00,general,1,圧縮空気システムのエネルギー効率評価ML。環境補正目的
CN-120832824-B,CN,B,97401392,CN-202511247718-A,20260227,20250903,Profile drifting buoy state monitoring method,"The invention relates to a profile drifting buoy state monitoring method, which belongs to the technical field of state monitoring and comprises the steps of constructing a digital twin model of a profile drifting buoy, updating parameters of the digital twin model according to a preset fault type to obtain fault simulation data, dividing the fault simulation data according to a preset sliding window to extract multidimensional statistical characteristics, inputting the multidimensional statistical characteristics into a multi-layer perceptron to calculate to obtain characteristic scores, converting the characteristic scores into probability values through a discrete distribution sampling layer, screening the probability values according to a preset threshold value through binarization coding to obtain screened characteristic vectors, inputting the screened characteristic vectors into a gradient elevator to perform state monitoring to obtain a state monitoring result, performing self-adaptive characteristic screening by using the multi-layer perceptron to avoid limitation of manually selected characteristics, and realizing state monitoring through the gradient elevator.",,,G06N3/084 | G06N3/09 | G06N3/045 | G06V10/82 | G06V10/764 | G06V10/40 | G06V10/26 | G06F30/27,G06V10/82 | G06V10/764 | G06V10/40 | G06V10/26 | G06N3/09 | G06N3/084 | G06N3/045 | G06F30/27,general,3,ブイ状態監視のデジタルツイン。プリセット故障タイプに応じ故障シミュレーションデータを生成(海洋分野)
CN-121582881-A,CN,A,98841715,CN-202610101626-A,20260227,20260126,Multi-view image acquisition fault automatic identification method for rail transit overhaul,"The invention relates to the technical field of data processing, in particular to an automatic recognition method for multi-view image acquisition faults for rail transit maintenance, which comprises the steps of acquiring data and processing the data to generate fusion data, processing the fusion data to generate a virtual synchronous frame sequence, inputting the aligned multi-view image sequence into a meta-learning feature extraction network coupled with physical priori to perform feature fusion and time sequence modeling to generate fault feature representation, constructing a digital twin model to generate a fault simulation sequence with labels, comparing and outputting fault pattern recognition results through dynamic time warping, adopting evidence theory to fuse the fault recognition results, similarity scores and sensor time sequence data to calculate a confidence interval, and dynamically adjusting image acquisition parameters through reinforcement learning according to the confidence interval to complete system self-optimization. The invention solves the technical problem that the time synchronization error of multi-view image acquisition causes the confusion of characteristic time sequences in the deep learning model, and reduces the false alarm rate of fault dynamic identification.",,,G06F2119/14 | G06F2111/04 | G06N3/096 | G06N3/084 | G06N3/0442 | G06N3/094 | G06N3/045 | G06N3/0475 | G06F30/23 | G06N7/01 | G06N3/092 | G06F18/253 | G06F18/257 | G06N3/0985 | G06F18/22 | G06N3/0464 | G06F30/27 | G06V10/82 | G06V10/806 | G06V10/40 | G06V20/52 | Y02T10/40,G06V10/82 | G06V10/80 | G06V10/40 | G06N7/01 | G06N3/0985 | G06N3/096 | G06N3/094 | G06N3/092 | G06N3/084 | G06N3/0475 | G06N3/0464 | G06N3/045 | G06N3/0442 | G06F119/14 | G06F111/04 | G06F30/27 | G06F30/23 | G06F18/25 | G06F18/22 | G06V20/52,general,4,鉄道車両故障識別。デジタルツインでラベル付き故障シミュレーションシーケンスを生成し訓練に利用。目的に合致
CN-121580489-A,CN,A,98842463,CN-202511764426-A,20260227,20251127,Method for estimating natural frequency of laminated building collapse wall under different boundary conditions,"The invention relates to the technical field of machinery, in particular to a natural frequency estimation method for a laminated building collapse wall under different boundary conditions, which comprises the steps of constructing a simplified model of the building collapse wall and obtaining a vibration differential equation of a building component wall, obtaining a natural frequency expression of the laminated building collapse wall under the four-side simple support condition based on the four-side simple support boundary conditions and the vibration differential equation, building a basic frequency estimation formula of the collapse wall under the four-side simple support condition, obtaining a natural frequency calculation formula of the laminated building collapse wall under the four-side free condition according to the four-side free boundary conditions and the vibration differential equation, building a basic frequency analysis formula of the collapse wall under the four-side free condition, and obtaining natural frequency (basic frequency) estimation results of the laminated building collapse wall under different boundary conditions by combining the angular frequency analysis formula, the basic frequency estimation formula of the collapse wall and the basic frequency analysis formula of the collapse wall. The invention provides technical support for natural frequency estimation of the building collapse member.",,,G06F2119/14 | G06F17/13 | G06F30/20 | G06F30/13,G06F119/14 | G06F30/20 | G06F17/13 | G06F30/13,general,1,積層建物崩壊壁の固有振動数推定、境界条件。構造計算手法
CN-121580543-A,CN,A,98841932,CN-202610098172-A,20260227,20260126,Self-adaptive positioning complex structural member surface laser shock reinforcement numerical simulation method,"The invention belongs to the field of metal processing, and particularly relates to a self-adaptive positioning complex structural member surface laser shock reinforcement numerical simulation method which comprises the following steps of (1) establishing a structural model of a part, (2) carrying out grid cloth planting on the structural model of the part, (3) self-defining parameters of VDLOAD subroutines to generate arrayed laser loading positions and shock pressures, (4) establishing a dynamic explicit analysis step and boundary conditions, and calculating by referring to VDLOAD subroutines to obtain a residual compression stress field formed after laser shock on the surface of the part. The method constructs a curved surface self-adaptive judging algorithm based on vertical mapping between a real-time normal vector of a free surface and transient pressure projection in VDLOAD subprograms, ensures that the transient pressure is always accurately aligned with the normal direction of a laser impact curved surface, simultaneously utilizes a full-parameterized space-time array to generate laser loading positions and impact pressures in batches, and realizes simulation of a continuous laser impact strengthening process of the surface of a part with any complex structure.",,,G06F2119/18 | G06F2119/14 | G06F2111/10 | G16C60/00 | G06F30/20 | G06F30/17,G16C60/00 | G06F119/18 | G06F119/14 | G06F111/10 | G06F30/20 | G06F30/17,general,1,レーザーショック強化数値シミュレーション(重複、A版)
CN-121580920-A,CN,A,98838270,CN-202610118591-A,20260227,20260128,"Multi-dimensional simulation method, device, equipment and medium for icing wind tunnel test section flow field","The application discloses a multi-dimensional simulation method, device, equipment and medium for a flow field of an icing wind tunnel test section, which comprises the steps of S1, establishing a geometric model according to an actual structure of the test section, S2, dividing the geometric model into grids, S3, determining a control equation, selecting a physical model, S4, defining boundary conditions of a calculation domain of the test section, S5, constructing an aeroengine performance proxy model by utilizing aeroengine performance analysis or test data, and coupling the aeroengine performance proxy model with a CFD solver, and S6, transmitting data between the CFD solver and the proxy model in a time-step iteration mode, and performing coupling calculation to realize multi-dimensional simulation. According to the application, by introducing the aeroengine performance proxy model into the icing wind tunnel flow field simulation, a high-precision and high-efficiency numerical simulation method is developed, and further prediction and analysis of simulation results of aeroengine icing weather conditions are realized.",,,G06F2111/10 | G06F2119/12 | G06F2119/08 | G06F2119/14 | G06N3/048 | G06F30/27 | G06F30/28 | Y02T90/00,G06N3/048 | G06F119/14 | G06F119/12 | G06F119/08 | G06F111/10 | G06F30/27 | G06F30/28,general,2,着氷風洞多次元シミュレーション、境界条件。航空機着氷という危険事象を扱うが設計予測ツール
CN-121578669-A,CN,A,98835543,CN-202511800016-A,20260227,20251202,"Building intelligent control method, device, equipment and medium based on group intelligent algorithm","The application relates to a building intelligent control method, a device, equipment and a medium thereof based on a group intelligent algorithm. The method comprises the steps of constructing a building energy dynamic model based on a building information model and physical parameters of a building, defining a reinforcement learning state space, an action space and rewarding function parameters based on the building energy dynamic model, generating a synthetic training data set by using the model and the parameters, pre-training a reinforcement learning model based on the synthetic training data set and the parameters, and finally generating a building equipment control instruction based on the pre-training reinforcement learning model. By adopting the method, the zero sample intelligent initialization of the building control system can be realized, the low-efficiency random exploration in the cold start stage is avoided, and the control efficiency, the energy utilization rate and the system safety are improved.",,,G05B17/02,G05B17/02,general,3,建物エネルギーモデルから合成訓練データセットを生成しRLモデルを事前学習。物理ベースの合成訓練データ生成
CN-121583164-A,CN,A,98837026,CN-202511522516-A,20260227,20251023,Power distribution automation operation and maintenance practical operation training assessment method and device,"The invention discloses a power distribution automation operation and maintenance practical operation training and assessment device which comprises a terminal fault simulation module, a power distribution terminal module, an assessment and scoring module and a assessment and scoring module, wherein the terminal fault simulation module is used for receiving a command driving relay which is suitable for faults and conducting line adjustment to construct a corresponding fault scene, the power distribution terminal module is used for displaying the result of three teleoperation data, generating first operation data through learner operation based on the result of the three teleoperation data, the first operation data at least comprises telemetry data, remote signaling data and remote control data, the simulation module is used for acquiring simulation data of feeder automation logic based on a power distribution network model and acquiring second operation data through learner operation, and the assessment and scoring module is used for issuing to the terminal fault simulation module or the simulation module based on instructions and acquiring assessment reports through quantization scoring based on the first operation data, the second operation data and theoretical data.",,,G06Q50/2057 | G06Q50/06 | G09B9/00,G06Q50/20 | G06Q50/06 | G09B9/00,general,3,配電自動化訓練評価。fault simulation moduleで故障シーンを構築(エネルギー分野)
CN-121580850-A,CN,A,98844487,CN-202511840530-A,20260227,20251208,Two-dimensional low-frequency shallow sea sound field calculation method based on physical information neural network,"A two-dimensional low-frequency shallow sea sound field calculation method based on a physical information neural network relates to the technical field of marine acoustic calculation and artificial intelligence and comprises the following steps of 1, obtaining sound velocity profile data of a shallow sea area, 2, carrying out data preprocessing on the sound velocity profile data of a time sequence, 3, designing a physical information loss function, 4, constructing a double-network parallel PINN physical information neural network model, 5, calculating a modal function and corresponding horizontal wave number of the shallow sea area by using the trained double-network PINN model, and embedding a calculation result into a coupling frame to calculate a low-frequency shallow sea sound field with sound velocity level change. The invention designs a loss function by utilizing a modal equation in the simple wave, corresponding boundary conditions and the like, enhances the physical interpretability of the neural network, and overcomes the black box problem of deep learning.",,,G06F2113/08 | G06F2111/04 | G06F2111/06 | G01H17/00 | G06N5/045 | G06N3/045 | G06N3/048 | G06N3/084 | G06N5/041 | G06F30/27,G06N5/045 | G06N5/04 | G06N3/084 | G06N3/048 | G06N3/045 | G06F113/08 | G06F111/06 | G06F111/04 | G01H17/00 | G06F30/27,general,1,浅海音場のPINN計算、境界条件。物理+ML音響計算手法
CN-121580889-A,CN,A,98845274,CN-202511704635-A,20260227,20251120,Irregular sampling shear layer flow field prediction method and system based on improved depth operator network,"The invention relates to an irregular sampling shear layer flow field prediction method based on improvement DeepONet, which comprises the steps of S1, constructing a data set covering typical flow characteristics of a shear layer through numerical simulation or experimental measurement, S2, designing and executing an uneven sampling strategy aiming at the characteristic of uneven speed change in a shear layer flow field to obtain an uneven sampling flow field data set used for network training, S3, constructing and training a NFNO-DeepONet network architecture by utilizing the uneven sampling flow field data set, constructing a NFNO structure with irregular input processing capability by utilizing NDFT, combining the network with a backbone network to form a NFNO-DeepONet neural network architecture so as to predict and model an irregular sampling shear layer speed field, S4, inputting initial conditions of a flow field to be predicted obtained based on simulation or experiment into the NFNO-DeepONet network after training, and executing a prediction task to obtain a prediction result. The invention realizes effective modeling of non-uniform sampling data, and supports flexible sampling of areas to optimize computing efficiency.",,,G06F2119/14 | G06F2113/08 | G06N3/09 | G06N3/084 | G06N3/045 | G06F30/27 | G06F30/28,G06N3/09 | G06N3/084 | G06N3/045 | G06F119/14 | G06F113/08 | G06F30/27 | G06F30/28,general,2,せん断層流れ場予測DeepONet、初期条件。物理+ML流体予測手法
CN-121580604-A,CN,A,98842083,CN-202511682687-A,20260227,20251117,Method for acquiring boundary and initial value condition of one-dimensional unsteady heat transfer model of greenhouse soil,"The application discloses a method for acquiring boundary and initial value conditions of a one-dimensional unsteady heat transfer model of greenhouse soil, which comprises the steps of setting an upper boundary condition by adopting a first type of boundary conditions in heat transfer science; setting the lower boundary condition based on the long-term observation data, and acquiring the initial value condition through an initial value acquisition stage and a calculation simulation stage. The upper boundary is highly matched with the actual soil thermal condition by a combination scheme of actual measurement of a sensor and anti-interference design of thin soil, deviation caused by an empirical formula is avoided, the short-time scale constant temperature characteristic of the soil at the depth of 1.05m is determined based on actual measurement data, the lower boundary is set to be a second type boundary condition with zero heat flux density, meanwhile, the initial value is converged to a true value through a two-stage process, initial value acquisition is only needed to be executed for the first time, and the accuracy and the calculation efficiency are both considered in the follow-up automatic follow-up preamble simulation result.",,,G06F2119/08 | G06Q50/02 | G06F30/20 | G01K13/00 | Y02A40/25,G06Q50/02 | G06F119/08 | G01K13/00 | G06F30/20,general,1,温室土壌熱伝達の境界/初期値条件取得手法。農業モデリング
CN-118296707-B,CN,B,91687399,CN-202410485792-A,20260227,20240422,Deformation analysis method for foundation of inclined anchor short pile under elastic theory and deformation coordination condition,"The invention relates to the technical field of data processing, in particular to a method for analyzing the foundation deformation of an inclined anchor short pile under the elastic theory and deformation coordination conditions, which comprises the steps of establishing a displacement balance equation according to the displacement deformation coordination conditions of the short pile and an anchor rod, wherein the displacement component of the short pile at the pile-anchor node in the displacement direction of the anchor rod is equal to the displacement quantity of the anchor rod, and the displacement balance equation is established by the displacement deformation coordination principle; the method comprises the steps of simplifying an elastic deformation calculation method of an inclined anchor short pile foundation according to a single-pile elastic deformation analysis method based on a displacement balance equation to obtain a simplified equation, dividing the foundation into three parts based on the simplified equation by considering boundary conditions of the inclined anchor short pile foundation, calculating internal force and displacement of an upper half pile body and internal force and displacement of a lower half pile body to obtain a solving result, completing design calculation of the resistance to pulling limit bearing capacity of the inclined anchor short pile based on the solving result, carrying out basic deformation analysis to obtain an analysis result, and solving the problem of no basic deformation analysis of the inclined anchor short pile.",,,G06F2119/14 | G06F2119/02 | G06F30/20 | G06F30/13,G06F119/14 | G06F119/02 | G06F30/20 | G06F30/13,general,1,傾斜アンカー短杭基礎変形解析、境界条件。土木設計計算
US-2026057034-A1,US,A1,86764538,US-202318855909-A,20260226,20220608,"Dynamic testing of technical systems for complete describability, starting from a predetermined operation situation","A method for testing to what extent the dynamics of a technical system starting from a predetermined operation situation are completely described through the acquisition of the state of the technical system with multiple sensors in combination with at least one differential equation. The method includes establishing a dynamics function describing the predetermined operation situation and dynamics of the technical system; forming the at least one differential equation from the dynamics function; ascertaining initial conditions, boundary conditions and/or regional conditions based on the predetermined operation situation for solving the at least one differential equation; testing whether the differential equation is analytically solvable; and in response to a positive determination, determining that the acquisition with the sensors and the at least one differential equation completely describe the dynamics of the system.",BOSCH GMBH ROBERT,BAKUCZ PETER | HRUSCHKA MARTIN,G06F17/13 | G05B17/02 | G06F17/13,G06F17/13,general,2,Bosch: 技術システムの動的テスト、初期/境界条件から微分方程式解を検証する枠組み
CN-121031135-B,CN,B,97771195,CN-202511573934-A,20260224,20251031,Saturated porous medium super-surface Schottky wave frequency dispersion relation calculation method and system,"The invention relates to the technical field of physical acoustics, in particular to a method and a system for calculating the dispersion relation of a saturated porous medium super-surface Schottky wave, wherein the method comprises the following steps of obtaining expressions of solid skeleton displacement, fluid relative displacement, total stress, solid shear stress and pore pressure under the action of the Schottky wave, obtaining expressions of fluid displacement components and fluid normal stress, obtaining expressions of relative motion of a resonator, applying stress and displacement continuity boundary conditions at the interface of the saturated porous medium and a fluid layer according to all the expressions, obtaining a characteristic equation of dispersion characteristics, and solving the characteristic equation to obtain a dispersion curve. According to the invention, by providing the explicit dispersion relation of the saturated porous medium super-surface Schottky wave, the calculation efficiency and the prediction precision of complex interfacial wave propagation are improved, the optimal design of the super-surface resonator array can be guided, and key theoretical tools and technical supports are provided for the design of high-performance acoustic functional devices and structures.",,,G06F2113/08 | G06F2111/10 | G06F2113/26 | G06F2119/14 | G06F30/28 | G06F30/20,G06F119/14 | G06F113/26 | G06F113/08 | G06F111/10 | G06F30/28 | G06F30/20,general,1,多孔質媒体表面波の分散関係計算、境界条件。音響物理計算手法
CN-121562387-A,CN,A,98803262,CN-202511708686-A,20260224,20251120,Well testing interpretation parameter inversion method and system based on decoupling physical constraint network,"The invention belongs to the technical field of oil and gas field exploration and development, and discloses a well testing interpretation parameter inversion method and system based on a decoupling physical constraint network. The method comprises the steps of pre-training and solidifying a physical process proxy network, so that a forward process from physical parameters to pressure response can be quickly and accurately simulated, constructing a parameter prediction network, and training by utilizing a composite loss function formed by data matching loss and physical consistency loss. The physical consistency loss is calculated by inputting PPN predicted parameters into the cured FPN to reconstruct a pressure curve and comparing the pressure curve with an observation curve, and the inversion result is forced to follow a physical rule. According to the invention, through decoupling physical simulation and parameter inversion, the problem of training pathological conditions is fundamentally avoided, and the high-efficiency fusion of data driving and the rigor of a physical model is realized. The method has the remarkable advantages of high precision, high efficiency, strong physical consistency and full automation, and realizes millisecond-level accurate interpretation of complex oil reservoir well test data.",,,G06F2113/08 | G06N3/0985 | G06N3/084 | G06N3/09 | G06N3/0464 | G06N3/045 | G06N3/0442 | G06N3/042 | G06F30/27 | E21B47/06 | E21B47/00,G06N3/0985 | G06N3/09 | G06N3/084 | G06N3/0464 | G06N3/045 | G06N3/0442 | G06N3/042 | G06F113/08 | E21B47/06 | E21B47/00 | G06F30/27,general,2,坑井試験パラメータ逆解析の物理制約ネットワーク。物理+ML逆解析手法
CN-121562111-A,CN,A,98789956,CN-202511400046-A,20260224,20250928,Method for determining effective refractive index of eigenmodes of coupling waveguide system based on FDTD simulation,"The invention belongs to the technical field of integrated photoelectrons, and particularly relates to a method for determining an effective refractive index of an eigenmode of a coupling waveguide system based on FDTD simulation. The method comprises the following steps of S1, establishing a coupling waveguide system model, constructing a geometric model comprising at least two optical waveguides which are close to each other in FDTD simulation software, defining geometric parameters of materials, cross section dimensions and spacing G between the waveguides, S2, setting simulation parameters, namely setting basic parameters required by working wavelength, grid precision and boundary condition simulation, and S3, iterating and mode selecting, namely respectively determining effective refractive indexes of an even mode and an odd mode according to a set of given geometric parameters. The method of the present invention selectively and independently excites the target eigenmodes for the particular eigenmode to be solved in a coupled system model comprising two or more waveguides and calculates the effective refractive index for the single mode in a steady propagation field.",,,G06F30/20 | Y02E60/00,G06F30/20,general,1,結合導波路FDTDシミュレーション、境界条件。光学計算手法
CN-121562212-A,CN,A,98796851,CN-202511813534-A,20260224,20251204,Electrical control cabinet machining quality detection system based on digital twinning,"The invention relates to the technical field of intelligent manufacturing and digital twinning of electrical equipment, in particular to a processing quality detection system of an electrical control cabinet based on digital twinning, which comprises a data acquisition module, a space registration module, an energy fitting module and a quality judgment module, wherein the data acquisition module is used for acquiring a wire topological connection table, a wire physical attribute parameter, a rigid element theoretical point cloud and a field real point cloud, the space registration module is used for resolving a rigid body transformation matrix, determining virtual wire endpoint boundary conditions, the energy fitting module is used for constructing a flexible body digital twinning model, resolving internal elastic potential energy and external fitting potential energy in an equilibrium state, the quality judgment module is used for calling the internal elastic potential energy, the external fitting potential energy, a preset distance threshold and a preset deformation energy safety threshold and generating a processing quality detection result, the processing quality detection result comprises a topological error, a hidden damage or a qualified state, and the invention solves the problem that a soft object is difficult to position in the rigid detection and makes up the blank that the prior art cannot sense internal mechanical hidden trouble.",,,G06F2119/14 | G06T7/30 | G06F30/10 | G06F30/20,G06T7/30 | G06F119/14 | G06F30/10 | G06F30/20,general,1,電気制御キャビネット加工品質検出のデジタルツイン。製造QC目的
CN-121564152-A,CN,A,98804606,CN-202610078979-A,20260224,20260121,"Method, device, computer equipment, medium and program product for determining computational complexity of animation resource","The embodiment of the application discloses a method, a device, computer equipment, a medium and a program product for determining the calculation complexity of animation resources, which are used for determining the calculation complexity of a part to be identified based on the joint number, the material iteration number, the collision sub-step number, the total number of collidable individuals, the number of collided bodies and the constraint number of the part to be identified. Therefore, aiming at one component of the animation resource, the computing complexity of the component is obtained based on a plurality of parameters which possibly influence the computing complexity, and the consumption degree of the computing resource required by the component in the physical simulation process can be quantified through the computing complexity, so that the burden of the component and even the animation resource on the computer equipment can be clarified, and the stability and the reliability of the computer equipment are enhanced. In addition, the component can be modified through the calculation complexity to reduce the calculation complexity of the component and even the animation resource, so that the simulation time can be shortened, and the simulation precision and reliability can be improved.",,,G06T2210/21 | G06F2111/04 | G06F9/5027 | G06F30/20 | G06T13/00,G06F111/04 | G06F30/20 | G06F9/50 | G06T13/00,general,1,アニメーションリソースの計算複雑度算出(物理シミュレーション負荷)。グラフィックス性能指標
CN-121563463-A,CN,A,98788178,CN-202511550385-A,20260224,20251028,Industrial equipment operation and maintenance remote inspection simulation system and method based on virtual reality,"The application relates to the technical field of remote operation and maintenance of industrial equipment, in particular to an industrial equipment operation and maintenance remote inspection simulation system and method based on virtual reality. The system comprises a virtual scene construction module, a device data integration module, a VR interaction and presentation module and a patrol logic management module, wherein the virtual scene construction module is used for creating an interactable virtual patrol environment based on a three-dimensional model of target industrial equipment, the device data integration module is used for accessing real-time operation data and a historical fault database of real industrial equipment, the VR interaction and presentation module is used for presenting the virtual patrol environment to a user, and the patrol logic management module dynamically generates patrol tasks, guide information and fault simulation events in the virtual environment. The interactive environment is created through the virtual scene construction module, the equipment data integration module is combined to access the real-time data and the historical fault library, the task and fault simulation are dynamically generated by the inspection logic management module, and three-dimensional visual presentation and standardized operation guidance of the real equipment state are realized.",,,G06F2119/14 | G06F2119/08 | G06T15/005 | G06T17/00 | G06F30/20 | G06Q10/20,G06T17/00 | G06T15/00 | G06F119/14 | G06F119/08 | G06F30/20 | G06Q10/20,general,3,VR産業設備巡回シミュレーション。fault simulation eventsを動的生成(産業保守分野)
CN-121562223-A,CN,A,98796477,CN-202610076719-A,20260224,20260121,Three-dimensional physical simulation experiment method for carbon dioxide geological buried storage layer-cover layer system,"The invention provides a three-dimensional physical simulation experiment method for a carbon dioxide geological buried storage layer-cover layer system, which belongs to the technical field of physical simulation, and adopts pressure rising rate contrast judgment interface breakthrough by arranging layered measuring points and interface control layers in a three-dimensional storage layer-cover layer physical model and identifying a preferential seepage channel by utilizing a pressure field space gradient matrix, the three level criteria of capillary break-through, seepage break-through and macroscopic break-through are synthesized through a multi-index fusion algorithm, model parameters are dynamically adjusted by combining a history fitting inversion method, a break-through characteristic parameter set is established, quantitative classification of sealing capacity is realized, and the technical problems that a multi-level process of a carbon dioxide break-through cover layer cannot be accurately identified in a three-dimensional physical simulation experiment and sealing performance is quantitatively evaluated are solved.",,,G01N33/24 | G09B23/40 | G06F30/20 | Y02P90/70,G09B23/40 | G01N33/24 | G06F30/20,general,1,CO2地質貯留の三次元物理シミュレーション実験。物理実験手法
CN-121562085-A,CN,A,98802598,CN-202511750162-A,20260224,20251126,Intelligent optimization method and system for pneumatic profile of turbine based on three-dimensional full flow field rapid prediction,"A turbine pneumatic appearance intelligent optimization method and system based on three-dimensional full flow field rapid prediction relates to the field of turbine pneumatic appearance intelligent optimization. The method solves the problems of how to predict the local high gradient areas, how to balance the flow field prediction precision, the spatial resolution, the model training cost and the like in the prior art, and comprises the steps of constructing a three-dimensional flow field data set of a turbine by taking a radial rotation surface as a unit sample, constructing a neural network model of a three-dimensional full flow field of a turbine channel, constructing an intelligent optimization framework integrating prediction, evaluation and optimization, describing the geometric characteristics of blades in a parameterized manner, taking key geometric parameters as state variables of a reinforcement learning environment, taking pneumatic performance indexes output by a rapid flow field prediction model under given geometric and boundary conditions as reward signals, and automatically adjusting the blade parameters in a continuous design space by the reinforcement learning agent, and continuously updating a strategy network to realize the self-adaptive optimization of multi-objective performance.",,,G06F2119/14 | G06F2113/08 | G06N20/00 | G06N3/084 | G06N3/09 | G06F30/28 | G06F30/27 | G06F30/17 | Y02T90/00,G06N20/00 | G06N3/09 | G06N3/084 | G06F119/14 | G06F113/08 | G06F30/28 | G06F30/27 | G06F30/17,general,2,タービン空力形状のRL+物理最適化、境界条件。設計最適化目的
CN-121565311-A,CN,A,98796771,CN-202511714383-A,20260224,20251121,Water quality short-term forecasting method based on parameter disturbance-localized set data assimilation,"The invention provides a water quality short-term forecasting method based on parameter disturbance-localized aggregate data assimilation, which belongs to the technical field of water quality forecasting, and comprises the steps of constructing an initial state vector based on the water quality state and uncertainty of an initial moment T1 of a hydrodynamic force-water quality mechanism model, converting the initial state vector into an initial aggregate member input model, screening model sensitive water quality parameters, generating a parameter disturbance aggregate by disturbance of the parameters and model driving conditions, fusing the parameter disturbance aggregate with the initial aggregate member into a disturbance aggregate, operating the disturbance aggregate input model to the moment T2 to obtain a water quality forecasting aggregate, calculating an analysis aggregate by adopting an EnKF (EnKF) and other aggregate data assimilation algorithm in combination with the moment T2 water quality observation data and errors, updating the initial condition of the model T2 by the analysis aggregate, repeating the steps, and continuously outputting optimal estimation at all moments to realize water quality short-term forecasting. The method can improve the short-term forecasting precision of water quality, save the calculation cost, accurately capture the space-time heterogeneity of the water bloom, and has strong interpretability and popularization.",,,G06F2111/08 | G06F2119/08 | G06F2119/14 | G06F2113/08 | G06F30/27 | G06F30/28 | G16C20/20 | G16C20/70 | Y02A20/152,G16C20/20 | G06F119/14 | G06F119/08 | G06F113/08 | G06F111/08 | G06F30/28 | G06F30/27 | G16C20/70,general,2,EnKFによる水質短期予測のパラメータ擾乱アンサンブル。データ同化手法だがパラメータ変動生成に近い
CN-121562201-A,CN,A,98790225,CN-202511750262-A,20260224,20251126,High-voltage submarine cable conductor temperature calculation method considering harmonic current influence,"The invention relates to a high-voltage submarine cable conductor temperature calculating method considering harmonic current influence, and belongs to the technical field of cable conductor temperature calculation and current-carrying capacity regulation. The problem that conductor temperature assessment is inaccurate due to the fact that harmonic currents are ignored in an existing cable temperature calculation method is solved, and the influence of the harmonic waves on the running state of the submarine cable in a long-distance power transmission environment cannot be comprehensively represented. The technical scheme includes that an electromagnetic thermal coupling model is built, the volume loss density of power frequency and harmonic current is calculated, boundary conditions are set according to a sea middle section laying scene, multi-physical-field simulation is conducted to obtain conductor temperature, and effectiveness is verified through experiments. The method can accurately quantify the influence of harmonic current components and content on the heating of the submarine cable conductor, and ensure the long-term stable operation of the high-capacity offshore wind power access high-voltage submarine cable.",,,G06F2119/08 | G06F2113/16 | G06F17/11 | G06F30/20,G06F119/08 | G06F113/16 | G06F17/11 | G06F30/20,general,1,海底ケーブル導体温度計算、境界条件。物理計算手法
CN-121562373-A,CN,A,98802336,CN-202511685173-A,20260224,20251117,Multi-parameter collaborative optimization method and execution device for track fastener construction process,"The application discloses a multi-parameter collaborative optimization method and an execution device for a track fastener construction process, wherein a three-dimensional parameter coupling model comprises independent characteristic parameters, a torque-temperature coupling model, a temperature-strain response coupling model and a strain-torque anti-coupling model of the track fastener, anti-loosening performance boundary conditions are set for the three-dimensional parameter coupling model, a dynamic equation is established for the three-dimensional parameter coupling model, fatigue life estimation and anti-loosening performance analysis are carried out, a dynamic particle swarm optimization algorithm is adopted to carry out multi-parameter collaborative optimization to obtain an optimal parameter range, and after the multi-parameter collaborative optimization method for the track fastener construction process is adopted to carry out process optimization, the process parameter optimization effect is remarkable, the anti-loosening performance is comprehensively improved, the efficiency and economy are greatly improved, and the applicability, engineering practical value, safety and reliability are improved.",,,G06F2111/06 | G06F2111/04 | G06F2119/02 | G06F2119/08 | G06F2119/14 | G06F30/23 | G06N3/084 | G06N3/0442 | G06N3/006 | G06F30/27,G06N3/084 | G06N3/0442 | G06N3/006 | G06F119/14 | G06F119/08 | G06F119/02 | G06F111/06 | G06F111/04 | G06F30/23 | G06F30/27,general,1,軌道締結具最適化、境界条件。機械設計最適化
CN-121562395-A,CN,A,98796706,CN-202511729484-A,20260224,20251124,Transient temperature field calculation method and system based on depth extrapolation correction,"The application relates to the field of temperature field numerical solution, in particular to a transient temperature field calculation method and a transient temperature field calculation system based on depth extrapolation correction, wherein the method comprises the steps of firstly mapping unstructured grid data into high-dimensional temperature characteristics through an encoder network; and then, carrying out calculation of coarse branches and fine branches in parallel, wherein the coarse branches directly predict a temperature field at multiple moments in the future by adopting a coarse step length through adding time codes, the fine branches gradually predict by adopting an original fixed step length through iterative propulsion, and combining a Lechadson extrapolation method to fuse the results of the coarse branches and the fine branches, so as to obtain a corrected high-precision temperature field, and meanwhile, constructing a loss function constraint model training by using a heat conduction equation and boundary conditions, so that the results are ensured to accord with a physical rule. According to the method, the time difference error is effectively improved from first order to second order precision, long-time sequence error accumulation is restrained while the calculation efficiency of a large time step is maintained, and technical support is provided for high-efficiency and high-precision solving of the transient temperature field of the thermal component of the aviation engineering.",,,G06F2111/10 | G06F2119/08 | G06N3/045 | G06F30/23 | G06F30/27,G06N3/045 | G06F119/08 | G06F111/10 | G06F30/23 | G06F30/27,general,1,過渡温度場計算(深層外挿補正)、境界条件。物理+ML計算手法
CN-121562202-A,CN,A,98795029,CN-202511750384-A,20260224,20251126,Outfield semi-physical simulation test system and test method based on RTX real-time system,"The invention discloses an outfield semi-physical simulation test system and a test method based on an RTX real-time system, wherein the test system comprises a notebook computer used for real-time simulation, and an RTX system is arranged on the notebook computer; the system comprises a network port serial port inter-conversion box, an on-bullet single machine, a network port of the network port serial port inter-conversion box, a serial port of the on-bullet single machine, a serial port of the network port serial port inter-conversion box, a network port data of the on-bullet single machine, and a semi-physical simulation test. According to the invention, after the notebook computer and the network port serial port inter-conversion box are used for replacing an industrial personal computer as the simulation computer, the simulation computer can be carried about, so that the convenience of tests in the outfield and the outfield coordination unit is improved, namely the portability of the equipment is improved on the premise of ensuring the real-time performance.",,,G06F30/20 | H04L69/164 | H04L69/162 | H04L12/02 | G05B17/02,H04L69/164 | H04L69/16 | H04L12/02 | G05B17/02 | G06F30/20,general,2,野外用可搬型半物理シミュレーション試験システム。試験基盤でレアイベント生成ではない
CN-121562362-A,CN,A,98797789,CN-202511647523-A,20260224,20251111,Dynamic evaluation method for physical structure and reliability of bridge vibration along time axis,"The invention discloses a physical principal structure of bridge vibration and a dynamic evaluation method of reliability thereof along a time axis, which relate to the technical field of dynamic evaluation of bridge reliability along the time axis, and establish a loss function of a physical information driving model through a vibration equation of a bridge and initial conditions and boundary conditions of the vibration equation of the bridge; the method comprises the steps of obtaining training samples of a physical information driving model by dividing a feasible region of a sample point into a plurality of feasible region units, predicting amplitude on a bridge after training the physical information driving model, and establishing a system function to obtain dynamic failure probability of the bridge along a time axis. According to the method, the amplitude of the bridge is predicted by using the physical information driving model, the problem that the traditional reliability dynamic evaluation along the time axis needs to rely on a large number of simulation calculation to obtain samples is solved, and the calculation cost is effectively reduced. By adopting the dynamic resampling method, the training speed and the performance response calculation accuracy can be higher.",,,G06F2119/14 | G06F2119/02 | G06F30/13 | G06F30/27,G06F119/14 | G06F119/02 | G06F30/13 | G06F30/27,general,2,橋梁振動信頼性動的評価。従来法の大量シミュレーションサンプル依存を軽減する物理情報モデル
CN-121562966-A,CN,A,98794010,CN-202511617960-A,20260224,20251106,Digital twinning-based solar module production line optimization method,"The invention provides a digital twinning-based solar module production line optimization method, and relates to the technical field of intelligent manufacturing. The method for optimizing the solar module production line based on the digital twin comprises the following steps of S1, based on an Internet of things sensor, S2, based on real-time production data flow, S3, based on a digital twin model instance, S4, based on a synchronous digital twin state, S5, based on an optimized scheduling scheme and the synchronous digital twin state, S6, based on a quality prediction report, and S7, based on an optimized process parameter set and the synchronous digital twin state. Based on the data flow, a three-dimensional modeling technology and a physical simulation method are adopted, a machine learning algorithm is integrated to train a digital twin model, precise virtual mapping of equipment, process and material flow is realized, and the fidelity and the prediction capability of the model are improved.",,,G06N7/01 | G05B19/05 | G06N3/098 | G06N3/0442 | G06Q10/06395 | G06Q10/04 | G06N3/0464 | G06N3/092 | G06N20/00 | G06F30/27 | G06Q50/04 | G06Q10/063,G06Q50/04 | G06Q10/0639 | G06Q10/04 | G06N20/00 | G06N7/01 | G06N3/098 | G06N3/092 | G06N3/0464 | G06N3/0442 | G06F30/27 | G05B19/05 | G06Q10/063,general,2,太陽電池生産ラインのデジタルツイン最適化(物理シミュレーション+ML)。製造プロセス目的
CN-114723246-B,CN,B,82239434,CN-202210293758-A,20260224,20220323,Power system risk detection method for resampling of parallel Markov chain Monte Carlo,"The invention discloses a power system risk detection method and device based on parallel Markov chain Monte Carlo resampling, wherein the method comprises the steps of defining a risk index, generating sample variables according to power equipment running states and load power losses, simulating according to the Markov chain Monte Carlo method through parallel threads, obtaining a first sample set and a second sample set based on the sample variable simulation, obtaining classification distribution parameters based on the first sample set, obtaining normal distribution parameters based on the second sample set, obtaining an ideal probability density function according to the classification distribution parameters and the normal distribution parameters, and obtaining a risk index importance sampling expression based on the ideal probability density function. The invention shortens the sample collection time and improves the overall calculation efficiency.",,,Y04S10/50 | G06F18/241 | G06N7/01 | G06F17/18 | G06F30/20 | G06Q50/06 | G06Q10/0639 | G06Q10/0635,G06Q50/06 | G06Q10/0639 | G06N7/01 | G06F30/20 | G06F18/2415 | G06F18/20 | G06F17/18 | G06Q10/0635,general,4,並列マルコフ連鎖モンテカルロ再サンプリングによる電力系統リスク検出。重要度サンプリングでリスク指標を算出(エネルギー分野)
CN-121562151-A,CN,A,98800249,CN-202511639025-A,20260224,20251110,Geotechnical engineering multi-mode simulation design method and model test loading device thereof,"The invention discloses a geotechnical engineering multimode simulation design method and a model test loading device, which solve the problems of single loading mode, low control precision and poor suitability of the traditional device, the method comprises the steps of establishing a pile-soil system wave equation, setting a boundary initial condition, correcting a vibration equation, deducing a displacement response curve, carrying out PID feedback adjustment, and setting up a complete mathematical model in 2s by using Kp=1.8, ki=0.4 and Kd=0.02 parameters, wherein the loading error is less than 3 percent, and the device comprises a base, a driving device and the like and is adapted to a model box with multiple specifications; the loading assembly is modularized by using an adjustable coupler and a modularized end, and the upper computer is supported to control the parameter. Compared with the prior art, the invention has the advantages of multimode loading, high-precision control, strong adaptability and high operation efficiency, meets the test requirement of complex rock and soil, and provides support for related mechanism research.",,,G06F2119/14 | G06F30/20,G06F119/14 | G06F30/20,general,1,地盤工学多モードシミュレーション試験装置、境界初期条件。物理試験装置設計
CN-121562181-A,CN,A,98791456,CN-202511718043-A,20260224,20251121,Fireflood simulation method based on multi-physical field coupling,"The invention provides a fire driving simulation method based on multi-physical field coupling, which comprises the steps of carrying out thermal analysis experiments, dynamics inversion, reaction heat acquisition and small-scale numerical check on a sample to obtain a reaction dynamics parameter set and a reaction heat parameter set, coupling five physical fields based on a geometric model and a grid, setting key coupling variables, outputting a multi-physical field coupling numerical model, defining the coupling relation among the physical fields, defining initial conditions, boundary conditions and solving the settings to obtain an operable model example, utilizing the operable model example to output a simulation result, and processing and optimizing the simulation result to obtain an optimal injection parameter combination. The invention solves the simulation problem of multi-physical field intensity coupling in the fireflood process, not only improves the mechanism authenticity and the prediction extrapolation capability, but also provides the visual diagnosis and the scheme optimizing capability which can be directly applied, and can provide reliable basis for the design and dynamic regulation of the fireflood development scheme of the oil field.",,,G06F2111/10 | G06F2119/14 | G06F2119/08 | G16C20/10 | G06F30/20,G16C20/10 | G06F119/14 | G06F119/08 | G06F111/10 | G06F30/20,general,2,火攻法(石油増進回収)のマルチフィジックス結合シミュレーション、境界/初期条件。プロセス最適化目的
CN-121562238-A,CN,A,98789439,CN-202610099926-A,20260224,20260126,Nuclear reactor passive start simulation method based on Monte Carlo method,"The invention belongs to the technical field of nuclear reactor physical simulation and safety analysis, and discloses a nuclear reactor passive start simulation method based on a Monte Carlo method, which performs single sample calculation based on the Monte Carlo direct simulation method, and obtaining calculation results of a plurality of mutually independent samples by modifying random number seeds in the input card, and finally obtaining a probability distribution result of the weak neutron field through statistics. The invention can accurately describe the physical process of the weak neutron field stage and is suitable for three-dimensional complex reactors.",,,G06F30/20 | Y02E30/30,G06F30/20,general,3,モンテカルロ法による原子炉受動起動シミュレーション。安全解析目的の物理モンテカルロシミュレーション(原子力分野)
CN-121562435-A,CN,A,98791186,CN-202610083672-A,20260224,20260122,Large-model-based steel wire rope reliable service life calculation method,"The invention discloses a steel wire rope reliable service life calculation method based on a large model, which relates to the technical field of intelligent calculation and comprises the steps of collecting three-dimensional structure data and degradation time sequence data of a steel wire rope, constructing a structure diagram and a degradation sequence, extracting local stress characteristics of the structure diagram through a graph neural network, extracting attenuation trend characteristics of the degradation sequence through the time sequence model, generating structure-degradation coupling representation in a fusion layer, inputting the structure-degradation coupling representation into a physical conservation constraint system consisting of a fatigue rule function, an energy dissipation function and a damage accumulation function, carrying out physical consistency correction, outputting a degradation curve meeting fatigue growth, damage monotonicity and material strength boundary conditions, and searching a time point reaching a failure threshold value for the first time in the degradation curve to serve as a service life prediction value of the steel wire rope. The invention achieves the synergistic lifting effect of considering fine structure expression, degeneration process learning and engineering safety constraint in the calculation of the reliable service life of the steel wire rope.",,,G06F2119/04 | G06F2119/02 | G06F2119/14 | G06F2111/04 | G06N3/042 | G06F30/27 | Y02P90/30,G06N3/042 | G06F119/14 | G06F119/04 | G06F119/02 | G06F111/04 | G06F30/27,general,2,鋼線ロープ寿命予測、物理保存制約。物理+ML寿命予測
CN-121562184-A,CN,A,98791476,CN-202511724456-A,20260224,20251123,Construction method of stress disturbance path in deep solid resource fluidization loop mining mode,"The invention belongs to the technical field of deep coal solid mineral resource safe exploitation, and discloses a method for constructing a stress disturbance path of a deep solid resource fluidization loop exploitation mode, which comprises the steps of establishing a three-dimensional numerical model, setting simulation parameters and boundary conditions, and carrying out fluidization loop and conventional exploitation mode numerical simulation under the same conditions; the method comprises the steps of obtaining a supporting stress concentration coefficient in front of a propulsion surface in a conventional mining mode, comparing and checking with an actual engineering range, correcting simulation parameters and boundary conditions when the supporting stress concentration coefficient is not matched with the actual engineering range, and taking the supporting stress concentration coefficient in front of the propulsion surface in a fluidized loop mining mode as a two-dimensional stress disturbance path basis when the supporting stress concentration coefficient is matched with the boundary conditions. The method effectively solves the problem that the stress disturbance path is difficult to determine under the condition that the actual engineering condition is absent in the fluidized loop mining mode.",,,G06F2111/10 | G06F2119/14 | G06F30/20,G06F119/14 | G06F111/10 | G06F30/20,general,1,深部固体資源流動化循環採掘の応力擾乱経路、境界条件。鉱業シミュレーション
US-2026048753-A1,US,A1,94649388,US-202519300635-A,20260219,20240815,"Method, system, apparatus, and medium for generating critical scenarios in autonomous driving tests","A method, system, apparatus, and medium for generating critical scenarios in autonomous driving tests are provided. The method includes: generating an initial scenario based on a lane-coordinate system; constructing a one-way single-lane car-following scenario, specifically including: creating a road and vehicles based on the initial scenario, the vehicles including an autonomous vehicle controlled by an intelligent driving model (IDM) and an agent vehicle; constructing a one-way dual-lane cut-in scenario, specifically including: creating a dual-lane road and vehicles based on the initial scenario, the vehicles including an autonomous vehicle controlled by the IDM model and an intelligent-agent vehicle; and generating, based on the constructed one-way single-lane car-following scenario and the constructed one-way dual-lane cut-in scenario, critical scenarios for autonomous-vehicle testing. The method efficiently and accurately produces critical scenarios for autonomous-driving systems, thereby accelerating the testing and verification of their performance and safety in complex, high-risk environments.",CHANGAN UNIV,HAO RURU | ZHOU ZHOU | ZHANG DIFEI | ZHANG LICHENG | QIU RONGTAO | CHENG XIN | LI YI | WANG ZHISHUN | SHANG XUMING | WANG JIAHUI,B60W30/12 | B60W30/18163 | B60W60/001 | B60W2050/0031 | B60W50/0098 | B60W50/045 | G06F30/20 | B60W2720/106 | B60W2554/802 | B60W2554/804 | B60W2552/10 | B60W2554/4041 | G06F30/15 | B60W2720/106 | B60W2050/0031 | B60W50/0098 | B60W30/18163 | B60W30/12 | B60W2552/10 | B60W60/001 | B60W2554/802 | B60W2554/804 | B60W2554/4041 | G06F30/15 | Y02T10/40 | G06F2111/08 | G06F2111/10 | G06F2111/04 | G06N3/092 | G06F30/15 | B60W50/045 | G06F30/27 | B60W2720/106 | B60W2554/804 | B60W2554/802 | B60W2554/4041 | B60W2552/10 | B60W2050/0031 | B60W30/18163 | B60W30/12 | G06F30/15 | B60W60/001 | B60W50/0098 | B60W50/045,G06F30/15 | B60W60/00 | B60W50/00 | B60W30/18 | B60W30/12 | B60W50/04,general,5,長安大学: 自動運転テスト向けクリティカルシナリオ(追従・割込み)の生成手法。高リスク環境でのテスト加速に直結、目的に極めて合致
EP-4695677-A1,EP,A1,93060119,EP-24789440-A,20260218,20230412,System and methods for simulating the physical behavior of objects,"Embodiments of the present disclosure provide an artificial intelligence (AI)-driven system and methods for modeling the response/behavior of physical objects within a digital environment. In some implementations, digital models of physical objects are processed using a domain decomposition method (DDM) model configured to solve a boundary value problem by splitting the digital model into a plurality of subdomains. Each subdomain can then be individually solved (e.g., using a deep learning model) to predict horizontal and vertical displacements or the whole displacement field, which in turn can be used to predict boundary conditions for the respective subdomain. From the respective boundary conditions, a displacement field over the entire domain and/or a stress field can be predicted.",OHIO STATE INNOVATION FOUNDATION,SOGHRATI SOHEIL,G06N3/08 | G06N3/045 | A63F13/57 | G06F2111/10 | G06F2119/08 | G06F2111/18 | G06F2119/14 | G06F30/23 | G06N7/00 | G06G7/48 | G06F30/27,G06G7/48 | G06N7/00 | A63F13/57 | G06F30/20 | G06F17/10 | G06F7/60,general,2,物理挙動シミュレーションのAI駆動領域分解法、境界値問題。物理+ML手法
CN-121543417-A,CN,A,98742303,CN-202511709132-A,20260217,20251120,Temperature field calculation method for composite plate heating and serpentine rolling process,"The invention discloses a temperature field calculation method for a composite plate heating and serpentine rolling process, which belongs to the technical field of metal material hot rolling processing and comprises the steps of setting heating initial parameters, calculating heat radiation and convection heat exchange quantity of a composite plate in a heating furnace, establishing heating process boundary conditions, calculating various heat sources and heat exchange coefficients of serpentine rolling, establishing serpentine rolling boundary conditions, discretizing a three-dimensional unsteady heat conduction equation containing all heat sources, correcting heat flow density coefficients according to actual measurement and calculation deviation of temperature, and finally solving discrete equations through a three-dimensional heat conduction numerical solution to obtain the temperature of each key position of the composite plate in an iterative manner.",,,G06F2111/04 | G06F2113/26 | G06F2119/08 | G06F17/11 | G06F30/27,G06F119/08 | G06F113/26 | G06F111/04 | G06F17/11 | G06F30/27,general,1,複合板加熱・蛇行圧延の温度場計算、境界条件。製造プロセス計算手法
CN-120951610-B,CN,B,97613512,CN-202511471270-A,20260217,20251015,"Optical cleaning simulation analysis method and device, electronic equipment and storage medium","The invention provides a light cleaning simulation analysis method, a light cleaning simulation analysis device, electronic equipment and a storage medium, and relates to the technical field of light cleaning. The method comprises the steps of obtaining a geometric model of the light cleaning chamber, setting simulation parameters for the geometric model, adding a geometric optical physical field and a laminar flow physical field into the geometric model, setting material initial conditions for the geometric model, carrying out ray tracing on the geometric optical physical field and carrying out steady-state solving on the laminar flow physical field, simulating ultraviolet irradiance and a gas flow field in the light cleaning chamber to obtain a simulation result, and carrying out simulation analysis on the simulation result to obtain a simulation analysis result. The method aims to solve the problems of low research efficiency and high trial-and-error cost caused by the lack of effective guiding directions when the traditional light cleaning technology is used for exploring the layout of the gas circuit and the light source, improve the research and exploration efficiency and reduce the exploration cost in experiments.",,,G06F30/10 | G06F30/28 | G06F30/20,G06F30/28 | G06F30/10 | G06F30/20,general,1,光洗浄シミュレーション解析、初期条件。設計探索ツールでレアイベント生成ではない
CN-120766839-B,CN,B,97241885,CN-202511226006-A,20260217,20250829,Nonlinear heterogeneous material layering multi-scale modeling method based on finite volume method,"The invention discloses a nonlinear heterogeneous material layering multi-scale modeling method based on a finite volume method, which belongs to the field of nonlinear solid material multi-scale mechanical behavior simulation and comprises the following steps of S1, constructing a discrete macroscopic equilibrium equation of an incremental Lagrange format, S2, constructing a macro-micro scale mapping mechanism, transmitting a deformation gradient of a macroscopic control volume center point to a microscopic representative volume unit boundary, S3, developing a generalized boundary condition engine, replacing periodic constraint by Hill-Mandel energy equivalent force conditions, S4, solving a microscopic stress field by utilizing finite volume method flux integration, homogenizing the volume average stress of a microscopic representative volume unit through Hill-Mandel energy equivalent force conditions and feeding back to a macroscopic constitutive relation, S5, introducing a numerical diffusion term into the discrete macroscopic equilibrium equation, and triggering diffusion coefficient self-adaptive lifting when the equivalent plastic strain exceeds a preset threshold. The invention realizes efficiency transition, boundary liberation and precision breakthrough through the collaborative innovation of the layered FVM architecture and the generalized boundary engine.",,,G06F2111/10 | G06F17/11 | G06F30/20 | G16C10/00 | G16C60/00,G16C10/00 | G06F111/10 | G06F30/20 | G06F17/11 | G16C60/00,general,1,非線形不均質材料の多スケールモデリング(FVM)、境界条件。材料力学解析手法
CN-121543203-A,CN,A,98756587,CN-202610069759-A,20260217,20260120,Real-time estimation method and system for internal temperature field of cylindrical lithium battery,"The invention discloses a real-time estimation method and a system for an internal temperature field of a cylindrical lithium battery, which are characterized in that a temperature space distribution model is established based on a heat conduction equation, the space-time quantity is normalized through scaling transformation, and a non-homogeneous boundary condition is converted into homogeneous condition through variable substitution; the space-time relationship between the temperature distribution quantity and the heat production quantity item is decoupled by adopting a double decomposition technology, the heat production quantity time variable is taken as a virtual source, and a limited dimension Chang Weifen equation model is established by utilizing the Galerkin method. The method comprises the steps of designing an adaptive observer, combining an adaptive learning algorithm to estimate low-order state variables and virtual source time sequences on line so as to measure and estimate a temperature error driving update rate, and reconstructing temperature distribution quantity and virtual source estimated values through space-time synthesis of the estimated sequences and a preset space basis function. Only temperature measurement data is needed, voltage and current sensors are not needed, and real-time estimation of the internal temperature field and the heat generation capacity of the cylindrical lithium battery can be effectively realized by means of a small amount of thermocouples.",,,G06F2119/08 | G06N20/00 | G06F17/13 | G06F30/27 | G06F30/15 | Y02E60/10,G06N20/00 | G06F119/08 | G06F30/27 | G06F17/13 | G06F30/15,general,2,円筒リチウム電池内部温度場推定(重複、A版)。推定手法
CN-121543304-A,CN,A,98743420,CN-202610049398-A,20260217,20260115,Simulation method of multistage supercritical carbon dioxide centrifugal compressor,"The application discloses a simulation method of a multistage supercritical carbon dioxide centrifugal compressor, which belongs to the field of centrifugal compressor simulation and comprises the steps of determining first physical property data of a compressed carbon dioxide working medium in the compressor according to entropy boundary conditions of the compressor, determining second physical property data of the carbon dioxide working medium in the compressor, determining initial flow field data of the carbon dioxide working medium in the compressor based on the first physical property data and the second physical property data, determining third physical property data of the carbon dioxide working medium in the compressor according to the initial flow field data, and determining simulated flow field data of the carbon dioxide working medium in the compressor based on the third physical property data and the second physical property data. The application realizes the accurate characterization of the flow field characteristics under the complex working condition, reduces the adverse effect caused by too high calculation complexity, and ensures that the simulation process is close to the actual running state and has higher simulation efficiency and stability.",,,G06F2111/04 | G06F2119/08 | G06F2119/14 | G06F2113/08 | G06F2111/10 | F04D17/12 | G16C20/20 | G06F30/28 | G06F30/20,G16C20/20 | G06F119/14 | G06F119/08 | G06F113/08 | G06F111/10 | G06F111/04 | G06F30/28 | F04D17/12 | G06F30/20,general,1,超臨界CO2圧縮機シミュレーション、エントロピー境界条件。設計解析目的
CN-121544233-A,CN,A,98754972,CN-202511670661-A,20260217,20251114,Power equipment fault maintenance and debugging system and method,"The invention relates to the technical field of power distribution equipment maintenance, in particular to a power equipment fault maintenance debugging system and method, wherein the system comprises a multi-mode data fusion acquisition module, a digital twin fault simulation positioning unit, a self-adaptive debugging execution module, a maintenance safety linkage control unit and a full life cycle data closed-loop management module; the method comprises the steps of multidimensional data acquisition, digital twin simulation positioning, self-adaptive strategy debugging, safety linkage monitoring and data closed-loop optimization. According to the invention, the problem of single traditional data is solved through multi-mode data fusion, the 1:1 simulation positioning of a fault scene is realized by combining digital twinning, the self-adaptive module can be automatically matched with various fault debugging strategies, the safety linkage unit interacts with the power grid dispatching system in real time through an IEC61850 protocol, the automatic early warning/power failure of the electric parameter of the overhaul region is realized, the data closed loop module optimizes the strategy library based on historical overhaul data, so that the overhaul efficiency is improved, and the debugging period is shortened.",,,G06N3/084 | G06N3/0499 | G06F18/256 | G06T17/20 | G06F30/27 | G06F30/23 | G06Q50/06 | G06Q10/20 | G01D21/02 | G01R31/12 | G01R31/56,G06T17/20 | G06Q50/06 | G06N3/084 | G06N3/0499 | G06F30/27 | G06F30/23 | G06F18/25 | G01R31/56 | G01R31/12 | G01D21/02 | G06Q10/20,general,3,電力設備故障保守デバッグ。デジタルツインで故障シーンを1:1シミュレーション位置特定(エネルギー分野)
CN-121543317-A,CN,A,98756458,CN-202610076566-A,20260217,20260121,"Construction method, equipment and storage medium based on distributed LVC simulation system","The present application relates to the field of simulation technologies, and in particular, to a method, an apparatus, and a storage medium for constructing a distributed LVC simulation system. The distributed LVC simulation system comprises a digital simulation system, a semi-physical simulation system and a flight simulator simulation system, and the method comprises the steps of dividing and merging simulation resources in all sub-systems based on preset splitting granularity to obtain a plurality of component models with independent simulation functions, selecting target component models from the plurality of component models based on simulation task requirements to be combined to construct a plurality of simulation entities, creating corresponding proxy models in the digital simulation system for external target component models which do not belong to the digital simulation system, and performing bidirectional state synchronization on the proxy models and the corresponding external target component models in the simulation operation process, and performing data interaction on the representation of the external target component models and the digital simulation system. The flexibility and the expandability of the simulation are improved.",,,G06F2009/45595 | G06F2009/45562 | G06F9/45558 | G06F30/20,G06F9/455 | G06F30/20,general,2,分散LVCシミュレーションシステム構築(デジタル+半物理+飛行シミュレータ)。アーキテクチャ相互運用性が目的
CN-121543438-A,CN,A,98742814,CN-202511820068-A,20260217,20251204,"Topology optimization method and device based on deep learning and considering volume constraint, boundary condition and design domain","The invention discloses a topology optimization method and a topology optimization device based on deep learning and considering volume constraint, boundary condition and design domain, belonging to the technical field of topology optimization design, according to the method, a training data set under various constraint conditions and design domains is constructed, and the full convolution neural network is used for offline training, so that a full convolution neural network model capable of representing a topological optimization design rule is obtained. In practical application, the topological optimization result can be rapidly output through the trained neural network only by inputting corresponding boundary conditions and design domain information, thereby replacing the traditional iterative calculation process. The invention remarkably reduces the calculation complexity and time consumption while maintaining the topology optimization precision, realizes the high efficiency and the intellectualization of the topology optimization, and has good engineering application prospect.",,,G06F2119/14 | G06F30/23 | G06F30/15 | G06F30/27,G06F119/14 | G06F30/23 | G06F30/15 | G06F30/27,general,2,深層学習トポロジー最適化、多様な制約/境界条件下の訓練データセットを構築。設計最適化目的の多条件訓練データ
CN-121543473-A,CN,A,98754775,CN-202511201551-A,20260217,20250826,Bionic-driven soil infiltration process simulation optimization method,"The invention discloses a simulated optimization method of a bionic-driven soil infiltration process, which comprises the steps of preprocessing and standardizing multisource data, enabling a root voxel unit to correspond to a hydraulic response of a specific time step through a space-time registration unified coordinate system, constructing a model framework integrating root characteristics and infiltration dynamics, realizing bidirectional mapping of spatial characteristics and time characteristics through a cross-modal fusion cross-attention mechanism module, embedding physical constraints, training and optimizing the model through a staged course learning strategy, adjusting learning rate through a physical perception optimizer, combining importance sampling with anti-training and improving model generalization capability, outputting a priority flow prediction result based on the trained model, and analyzing the prediction result from microscopic, mesoscopic and macroscopic scales through an interpreter. Therefore, the method has the advantages of high prediction precision, strong applicability, low parameter acquisition cost, introduction of a dynamic mechanism, physical rationality and the like.",,,G06F2119/14 | G06F2113/08 | G06N3/098 | G06N3/0985 | G06N3/084 | G06N3/0464 | G06N3/0442 | G06N3/045 | G06F30/27 | G06F30/28,G06N3/0985 | G06N3/098 | G06N3/084 | G06N3/0464 | G06N3/045 | G06N3/0442 | G06F119/14 | G06F113/08 | G06F30/27 | G06F30/28,general,2,バイオニック土壌浸透シミュレーション、重要度サンプリング+敵対的学習を用いるが予測精度向上が主眼
CN-119514349-B,CN,B,94652987,CN-202411574877-A,20260217,20241106,Topology optimization method for simultaneously optimizing supporting position and structure topology,"The invention discloses a topology optimization method for simultaneously optimizing supporting position and structure topology, and relates to the technical field of topology optimization. The method specifically comprises the steps of determining an initial structure design domain, a support design domain and boundary conditions of topological optimization, establishing a topological optimization model with minimum compliance by adopting a variable density method, calculating sensitivity information of an objective function and constraint, solving the structure design domain and the support design domain based on a gradient optimization method and a discrete particle swarm algorithm, and verifying the effectiveness of the method through a numerical value case. The invention can effectively determine the optimal supporting position by a discrete particle swarm algorithm, and can efficiently process density variables in a design domain by adopting a variable density method to establish a structural topology optimization model.",,,G06F2119/14 | G06F2111/04 | G06N3/006 | G06F30/18 | G06F30/15 | G06F30/27,G06N3/006 | G06F119/14 | G06F111/04 | G06F30/18 | G06F30/15 | G06F30/27,general,1,支持位置構造トポロジー同時最適化、境界条件。設計最適化手法
CN-116950622-B,CN,B,88450724,CN-202310909475-A,20260217,20230721,Method for improving recovery ratio by injecting water between cracks of dense oil reservoir volume fracturing horizontal well,"The invention relates to the technical field of petroleum exploitation, in particular to a method for improving recovery ratio by injecting water among fracturing horizontal well cracks of a tight oil reservoir volume. The invention establishes a physical simulation method for supplementing energy for water injection between the cracks of the volume fracturing horizontal well of the tight oil reservoir, explores the pressure distribution characteristics and the production characteristics in the water injection process between the cracks, and improves the recovery ratio of the tight oil reservoir.",,,G06F30/20 | G06Q50/02 | E21B47/06 | E21B47/00 | E21B43/20,G06Q50/02 | G06F30/20 | E21B47/06 | E21B47/00 | E21B43/20,general,1,緻密油貯留層フラクチャリング水攻法の物理シミュレーション。回収率向上手法
CN-121543197-A,CN,A,98751475,CN-202511719633-A,20260217,20251121,Intelligent automobile reliability calculation method based on restrictive particle swarm algorithm,"The invention relates to an intelligent automobile reliability calculation method based on a restrictive particle swarm algorithm, which comprises the steps of obtaining a whole automobile target parameter, establishing a RXCY equivalent relation model of whole automobile target reliability and confidence coefficient according to the whole automobile target parameter, determining a system-level reliability target, constructing a target function for minimizing the sum of logarithmic deviation of the system reliability and a penalty function, setting constraint conditions of the target function according to the system-level reliability target, carrying out iterative solution on the target function by adopting a particle swarm optimization algorithm, obtaining optimal reliability distribution values of all parts, and introducing the penalty function aiming at the reliability boundary conditions of all the parts in the iterative solution process, so as to provide an optimization direction for a particle swarm.",,,G06F2119/02 | G06F2111/04 | G06N3/006 | G06F30/27 | G06F30/15 | Y02T10/40,G06N3/006 | G06F119/02 | G06F111/04 | G06F30/27 | G06F30/15,general,2,自動車信頼性計算(粒子群最適化)、境界条件。信頼性最適化手法
CN-121543277-A,CN,A,98753408,CN-202511689853-A,20260217,20251118,"Multi-physical field coupling simulation modeling method, device and equipment for fiber laser and electrolysis and storage medium","The application provides a multi-physical-field coupling simulation modeling method, device and equipment for fiber laser and electrolysis and a storage medium, and relates to the technical field of laser processing and electrochemical processing composite manufacturing. The method comprises the steps of establishing an axisymmetric geometric model, establishing a multi-physical field coupling model comprising a flow field model, a gas generation model, a heat transfer model, an electric field model, an ion diffusion model and a material removal model, setting simulation parameters and boundary conditions, and solving the multi-physical field coupling model by using finite element simulation software to obtain potential, current density, temperature, conductivity, ion diffusion coefficient, gas volume fraction and flow field distribution in the processing process. The application realizes the simulation modeling of the coupling effect of the optical-electric-thermal-flow-mass multi-physical field in the process of simulating the optical fiber laser and the electrolytic composite processing, and can be used for analyzing the dissolution characteristics of materials and obtaining the physical quantity which is difficult to measure by an experimental instrument in the processing.",,,G06F2119/14 | G06F2113/08 | G06F2111/10 | G06F2111/04 | G16C20/10 | G16C10/00 | G06F30/17 | G06F30/28 | G06F30/23 | G06F30/20,G16C20/10 | G16C10/00 | G06F119/14 | G06F113/08 | G06F111/10 | G06F111/04 | G06F30/28 | G06F30/23 | G06F30/17 | G06F30/20,general,1,光ファイバーレーザー+電解加工のマルチフィジックス結合シミュレーション、境界条件。製造プロセス解析
CN-121543191-A,CN,A,98754891,CN-202511557793-A,20260217,20251028,Piston ring structure design and performance analysis method,"The invention relates to the technical field of aeroengines, and discloses a piston ring structure design and performance analysis method, which comprises the steps of selecting a piston ring material according to the thermal expansion coefficient and the elastic modulus of the material; the method comprises the steps of determining the size of a geometric model of an assembling state of a piston ring, establishing the geometric model of the assembling state of the piston ring, designing a piston ring structure, obtaining a geometric model of a free state of the piston ring, carrying out material attribute giving, grid division and boundary condition setting, carrying out simulation of the assembling process of the piston ring at room temperature, analyzing the mechanical property and the sealing property of the piston ring at room temperature, carrying out simulation of the common temperature rise deformation process of the piston ring and a casing, and analyzing the mechanical property and the sealing property of the piston ring after the temperature rise deformation.",,,G06F2119/08 | G06F2119/14 | G06F30/20 | G06F30/15 | Y02T90/00,G06F119/14 | G06F119/08 | G06F30/20 | G06F30/15,general,1,ピストンリング設計性能解析シミュレーション、境界条件。機械設計手法
CN-121543391-A,CN,A,98752933,CN-202511520682-A,20260217,20251023,"Analysis method, device, equipment and medium for safety function characteristics","The application relates to the field of vehicle simulation, in particular to a method, a device, equipment and a medium for analyzing safety function characteristics. The method and the device realize standardization and automation of parameter test by presetting a plurality of simulation scenes and automatically executing fault-free and fault injection simulation, avoid randomness of manual test driving, greatly shorten test period, quantitatively analyze difference data of different time points of each scene to determine a torque distribution difference threshold value, ensure repeatability and accuracy of results, overcome subjectivity of engineering judgment, and drive the whole process based on data in the process of deducing safety function features by threshold value, reduce human intervention and improve efficiency and reliability. In summary, the automatic simulation is used for replacing manual operation, the quantitative analysis is used for replacing experience judgment, the determination of the torque distribution difference threshold and the safety function characteristic is efficiently and stably completed, and reliable technical support is provided for the prevention and control of the transverse torque hazard of the vehicle.",,,G06F2119/02 | G06F2111/10 | G06N20/00 | G06F30/27,G06N20/00 | G06F119/02 | G06F111/10 | G06F30/27,general,4,車両安全機能特性解析。無故障+故障注入シミュレーションを自動実行しトルク配分閾値を分析。fault injectionによる安全解析に合致
CN-121543305-A,CN,A,98756276,CN-202610050030-A,20260217,20260115,Roadway caving collapse simulation method,"The invention discloses a simulation method for roadway caving collapse, which belongs to the technical field of data simulation processing and comprises the steps of collecting data of a stratum of a collapse mining area and a roadway, establishing a two-dimensional geological section model perpendicular to the tunneling direction of the roadway in UDEC numerical simulation software, endowing the two-dimensional geological section model with physical mechanical properties, applying boundary conditions and initial conditions to the two-dimensional geological section model, solving and calculating the two-dimensional geological section model to obtain a collapse simulation result, and combining the collapse simulation result obtained by calculation with field investigation data to obtain morphological structure characteristics of a roadway caving collapse body. The simulation method for the caving collapse of the roadway can solve the problem that the existing simulation for caving collapse of the roadway is difficult to accurately simulate the dynamic process and morphological characteristics of caving collapse of the roadway.",,,G06F2111/10 | G06F2119/14 | G06F2111/04 | G06F30/10 | G06F30/20,G06F119/14 | G06F111/10 | G06F111/04 | G06F30/10 | G06F30/20,general,3,坑道崩落シミュレーション、境界/初期条件。地質災害(崩落)の物理シミュレーション
CN-121545153-A,CN,A,98756331,CN-202610063287-A,20260217,20260119,Intelligent identification method for lithium niobate super-surface defects based on reactive ion beam etching,"The invention relates to the technical field of industrial detection, and discloses an intelligent recognition method of lithium niobate super surface defects based on reactive ion beam etching, which solves the problem of scarcity of experimental data systematically through physical driving simulation and a physical-based rendering algorithm and provides large-scale field specific training data for a deep learning model. The bidirectional coupling simulation model generates defect morphology prediction data conforming to an etching dynamics rule based on real process parameters and material parameters, a physical rendering algorithm converts the prediction data into a synthetic image with real microscopic image statistical characteristics, and an automatic labeling and statistical verification flow ensures the quality and consistency of the synthetic data. The method can expand the number of samples of the ternary association database by several times, and cover extreme process conditions and rare defect modes which are difficult to acquire by experimental acquisition.",,,G06F2119/14 | G01Q60/24 | G01N23/2251 | G06F30/27 | G06F30/23 | G06N3/0895 | G06N3/084 | G06N3/094 | G06N3/0464 | G06N3/096 | G06N3/042 | G06V10/82 | G06V10/40 | G06V20/695 | G06V20/693,G06V10/82 | G06V10/40 | G06N3/096 | G06N3/094 | G06N3/0895 | G06N3/084 | G06N3/0464 | G06N3/042 | G06F119/14 | G06F30/27 | G06F30/23 | G01Q60/24 | G01N23/2251 | G06V20/69,general,5,窒化リチウムニオブ表面欠陥識別。物理駆動シミュレーション+レンダリングで極端プロセス条件・希少欠陥モードの合成訓練データを生成。目的に極めて合致
CN-121543398-A,CN,A,98751823,CN-202511616222-A,20260217,20251106,Simulation method for electric power spot transaction,"The embodiment of the invention relates to an analog simulation method based on electric power spot transaction, which comprises the steps of obtaining static structure data such as power grid topology and unit parameters, dynamic time sequence data such as load, new energy prediction and the like, preprocessing the dynamic data, dividing the dynamic data in multiple time scales, constructing a multi-agent model with differentiated characteristics based on the processed data, generating and reporting energy block information such as time blocks, continuous blocks, curve blocks or variable blocks by each agent according to perceived market environment, constructing and solving a market clearing model considering system power balance, network tide, unit operation and energy block characteristic constraint based on all the reports, obtaining clear electricity price and electric quantity, feeding back the result to the agent, and carrying out rolling collaborative simulation between the daily clear result and the real-time market through a deep reinforcement learning update strategy, wherein the daily clear result is used as a boundary condition of the real-time market. The invention improves the authenticity, accuracy and practicability of market simulation.",,,G06F2111/04 | G06Q50/06 | H02J3/008 | G06Q30/0611 | G06Q30/0201 | G06N3/092 | G06F18/214 | G06F18/10 | G06F30/18 | G06F30/27,H02J3/008 | G06Q50/06 | G06Q30/0601 | G06Q30/0201 | G06N3/092 | G06F111/04 | G06F30/18 | G06F18/214 | G06F18/10 | G06F30/27,general,1,電力スポット市場シミュレーション、境界条件。市場シミュレーション目的
CN-121545420-A,CN,A,98744045,CN-202511679792-A,20260217,20251117,Indoor laser guiding tracking and interference demonstration semi-physical simulation system and method,"The invention discloses a laser guiding tracking and interference demonstration semi-physical simulation system and a method, wherein the simulation system comprises a diffuse reflection plate, a guiding laser, a reflector turntable, a laser detector, a visible light camera, a tracking turntable, an interference laser, a synchronous processing module and a control computer; the control computer is in communication connection with each device and controls the operation of each connection device, meanwhile, the working state and simulation test data of each connection device are collected, the synchronous processing module outputs trigger signals of the guiding laser and the interference laser, the guiding laser irradiates the emitted guiding laser onto the diffuse reflection plate through the reflector turntable, the tracking turntable carries a laser detector and a visible light camera to conduct guiding laser tracking, the interference laser generates interference laser, and the laser detector is interfered to enable the laser detector to be incapable of generating correct deviation.",,,G06F30/20 | G06F30/17 | G09B23/00,G06F30/20 | G06F30/17 | G09B23/00,general,2,レーザー誘導追跡干渉半物理シミュレーション。試験実証基盤でレアイベント生成ではない
CN-121031142-B,CN,B,97773072,CN-202511580863-A,20260217,20251031,Single-phase medium nonlinear super-surface Schottky wave frequency dispersion relation calculation method and system,"The invention relates to the technical field of physical acoustics, in particular to a method and a system for calculating the dispersion relation of a nonlinear super-surface Schottky wave of a single-phase medium, wherein the method comprises the following steps of obtaining an expression of a displacement component and a stress component of the single-phase medium under the action of the Schottky wave; and applying stress and displacement continuity boundary conditions at the interface of the single-phase medium and the fluid layer based on all the expressions, so as to obtain a characteristic equation of the dispersion characteristic of the coupling system, solving the characteristic equation, and finally obtaining a dispersion curve of the coupling system. According to the invention, by providing the explicit dispersion relation of the nonlinear super-surface Schottky wave of the single-phase medium, the calculation efficiency and the prediction precision of the nonlinear super-surface interface wave propagation on the single-phase medium are improved, and the calculation cost and the design period of acoustic super-surface design, vibration suppression and waveguide regulation are reduced.",,,G06F2111/10 | G06F2113/08 | G06F2113/26 | G06F2119/12 | G06F2119/14 | G06F30/28 | G06F30/20,G06F119/14 | G06F119/12 | G06F113/26 | G06F113/08 | G06F111/10 | G06F30/28 | G06F30/20,general,1,非線形超表面ショットキー波分散計算、境界条件。音響物理計算手法
CN-121543428-A,CN,A,98755629,CN-202511752328-A,20260217,20251126,Variable boundary condition real-time physical field simulation method based on deep learning,"A variable boundary condition real-time physical field simulation method based on deep learning belongs to the field of artificial intelligence and scientific calculation intersection, and aims at the bottleneck that the prior art cannot realize real-time simulation when boundary conditions dynamically change, a general simulation model decoupled from specific boundary conditions is built through one-time offline training. For a linear field, a new boundary condition is decomposed into frequency domain coefficients by utilizing Fourier transformation in an online stage through a physical information neural network offline training base Jie Ku, and a physical field is instantaneously synthesized by weighting and linear combination of base solutions, and for a nonlinear field, space-time coordinates are mapped to a group of polynomial coefficients by learning through a training coefficient prediction network, and the frequency domain characteristics of the boundary condition are combined with the network prediction coefficients in the online stage to output a physical field solution in real time. The invention realizes second-level real-time response when boundary conditions change, uniformly supports forward and inverse problem solving, overcomes the defect of repeated training or dependence on mass data, and remarkably improves the efficiency.",,,G06F30/27,G06F30/27,general,2,可変境界条件リアルタイム物理場シミュレーション(深層学習)。境界条件変化への対応手法だが一般的計算手法
CN-121543279-A,CN,A,98744173,CN-202511697160-A,20260217,20251119,Power semiconductor heat-conducting silicone grease migration simulation method based on multi-physical field coupling,"The invention relates to the technical field of power semiconductor thermal management, in particular to a power semiconductor heat conduction silicone grease migration simulation method based on multi-physical field coupling. The method mainly aims at solving the problems of non-pertinence and the like of research structural design aiming at silicone grease migration in the industry and provides the following technical scheme that a geometric model of a power semiconductor module is built; the method comprises a first step of defining material properties, a second step of configuring a multi-physical field module and a coupling relation, a third step of setting boundary conditions and solving parameters, and a fifth step of outputting simulation key results. According to the invention, through accurate modeling, actual material definition fitting, complete multi-physical field coupling reproduction and scientific solving verification, the silicone grease migration simulation precision and pertinence are improved, a reliable basis can be provided for module structure selection and optimization, part of experiments can be replaced, the research and development cost is reduced, the long-term reliability of the power semiconductor module is improved by assistance, and the operation and maintenance risk is reduced.",,,G06F2111/04 | G06F2119/08 | G06F2119/14 | G06F2113/08 | G06F30/10 | G06F30/20 | Y02E60/00,G06F119/14 | G06F119/08 | G06F113/08 | G06F111/04 | G06F30/10 | G06F30/20,general,1,パワー半導体シリコングリース移行のマルチフィジックスシミュレーション、境界条件。信頼性設計目的
CN-120911148-B,CN,B,97557386,CN-202511447975-A,20260217,20251011,Distributed multi-physical-field collaborative simulation method,"The application discloses a distributed multi-physical field collaborative simulation method, which relates to the field of electromechanical system simulation, and comprises the steps of respectively configuring independent variable step-length integrators for physical field subsystems with different time constants; the method comprises the steps of establishing a step length mapping function among subsystems through a main controller, associating the maximum allowable step length ratio of each subsystem by the function, activating cross-field boundary condition transfer when a time sequence alignment module detects that simulation moments of at least two subsystems meet synchronous conditions, and triggering joint time step rollback of associated subsystems if Lyapunov indexes of any subsystems exceed a stability threshold. The scheme of the application can break through the global fixed step limit, replace the strong synchronous mode by using a dynamic weak coupling strategy driven by time sequence, and realize the collaborative optimization of the calculation efficiency and the numerical stability.",,,G06F30/20,G06F30/20,general,1,分散マルチフィジックス協調シミュレーション、境界条件転送。シミュレーション手法基盤
CN-121543404-A,CN,A,98747304,CN-202511670286-A,20260217,20251114,Temperature field calculation method and system based on continuous diving space induction point strategy,"The application relates to the field of temperature field numerical calculation, in particular to a temperature field calculation method and system based on a continuous subspace induction point strategy. The method comprises the steps of firstly obtaining material properties of a thermal component to be detected and unstructured grid and temperature data in a specified application scene, mapping the unstructured grid and the temperature data to a continuous latent space through an encoder, generating a structured feature map by combining induction points, carrying out dynamic feature fitting and time propulsion on the feature map by utilizing a Unet module to obtain a next-moment feature map, reversely converting the feature map into an unstructured temperature vector through a decoder, and optimizing a model through a loss function containing a heat conduction equation and boundary conditions. The application effectively solves the problem that the traditional CNN can not directly process unstructured data, realizes the efficient and high-precision solution of the transient temperature field in the complex geometric model, remarkably improves the efficiency and reliability of engineering thermal simulation, and is suitable for the design of thermal components of aviation engineering and a digital twin system.",,,G06F2119/08 | G06F2111/10 | G06N3/084 | G06N3/0464 | G06N3/0455 | G16C60/00 | G06F30/23 | G06F30/27,G16C60/00 | G06N3/084 | G06N3/0464 | G06N3/0455 | G06F119/08 | G06F111/10 | G06F30/23 | G06F30/27,general,1,誘導点戦略による温度場計算、境界条件。物理+ML計算手法
CN-121145681-B,CN,B,97995621,CN-202511689432-A,20260217,20251118,Beidou multisource fusion-based reservoir dam group deformation monitoring method and system,"The invention provides a method and a system for monitoring deformation of a stock dam group based on Beidou multisource fusion, wherein satellite observation signals and sensing data of a stock dam group monitoring area are received to obtain multisource input data, a preset stock dam group digital twin body model is input to simulate physical behaviors of a stock dam group structure to generate a global deformation field, the global deformation field is used as an initial boundary condition to be input into a deformation conduction dynamics model module in the stock dam group digital twin body model, deformation key conduction paths existing in the stock dam group are identified, stress-deformation forward algorithm and reverse tracing analysis are executed in the stock dam group digital twin body model based on the deformation key conduction paths, influence weights of core risk sources on deformation of the stock dam group are calculated, simulation scenes of various regulation strategies are constructed in the stock dam group digital twin body model, and simulation deduction is carried out on the deformation trend of the stock dam group under each simulation scene to obtain deformation early warning information. The invention effectively improves the reliability of early warning response.",,,G06F2123/02 | G06F18/253 | G06F30/23 | G06F30/27 | G01D21/02 | G01B21/32 | G01S19/42,G06F123/02 | G06F30/23 | G06F18/25 | G01S19/42 | G01D21/02 | G01B21/32 | G06F30/27,general,3,ダム群デジタルツイン変形監視。複数の規制戦略シミュレーションシーンを構築し早期警報(土木災害分野)
CN-121528072-A,CN,A,98733435,CN-202511409060-A,20260213,20250929,High-altitude physical training system based on VR and entity simulation and control method,"The invention discloses a high-altitude physical training system based on VR and entity simulation and a control method. The system comprises a training cabin body, an entity simulation device, a VR virtual reality device, an environment simulation device, a data acquisition device and a central control unit, wherein the entity simulation device, the VR virtual reality device, the environment simulation device and the data acquisition device are arranged in the cabin body. The physical simulation device comprises a lever bridge structure with adjustable difficulty, the environment simulation device comprises fans which are arranged in multiple directions, the data acquisition device is used for acquiring position and action data of a trainer in real time, the central control unit synchronously controls the VR virtual reality device to generate corresponding high-altitude scenes according to a preset training scheme and drives the environment simulation device and the physical simulation device to generate corresponding physical environment feedback, so that an immersive and multi-sense high-altitude psychological stress training environment is formed. The invention realizes accurate, controllable and safe training of psychological stress response in high altitude environment by combining deficiency and excess, and effectively improves psychological adaptability and bearing capacity of a trainer.",,,G09F19/12 | G02B27/01 | G09B5/04 | G09B9/00 | A61B5/165,G09F19/12 | G09B5/04 | G02B27/01 | A61B5/16 | G09B9/00,general,3,VR+実体高高度心理ストレス訓練システム。極限環境(高高度)での心理ストレス反応訓練シミュレーション
CN-116300529-B,CN,B,86799540,CN-202310316936-A,20260213,20230329,Hearth water-cooled wall semi-physical simulation system based on RT-LAB,"The invention discloses a hearth water-cooled wall simulation system based on RT-LAB and mechanism modeling, which relates to the technical field of coal-fired furnace simulation, and is a coal-fired boiler hearth simulation system with high precision, strong adaptability and good predictability, the adverse effect possibly generated on the operation of the water-cooled wall of the boiler when the DCS boiler control system is abnormal is researched through real-time simulation and testing, the problem that the serious abnormal accident working condition of the coal-fired boiler cannot be accurately simulated at present is solved, and a platform support and a theoretical basis are provided for the information safety protection of the DCS control system.",,,Y02P90/02 | G05B17/02,G05B17/02,general,3,石炭炉水冷壁半物理シミュレーション。異常事故条件研究(重複パターン、非自動運転)
CN-121528079-A,CN,A,98716079,CN-202610012982-A,20260213,20260107,VR-based hydrogen fuel cell car fire rescue treatment training exercise system,"The invention relates to the technical field of fire rescue training of hydrogen fuel cell automobiles and discloses a VR-based fire rescue treatment training exercise system for hydrogen fuel cell automobiles, which comprises a storage module, wherein the storage module is used for storing training data, constructing a knowledge graph based on the training data, constructing a basic vehicle model through the knowledge graph by the construction module, and generating an countermeasure sample based on the training data. The invention constructs an immersive training environment which is highly realistic, dynamically evolved, can be cooperated by multiple persons and has self-adaptive teaching capability through integrating advanced technologies such as knowledge graph, countermeasure sample generation, physical simulation, natural language interaction, intelligent behavior analysis and the like. An operator can repeatedly exercise the standardized disposal flow of various hydrogen fuel cell car accidents under the zero risk condition, obtain real-time principle explanation and operation correction, and obviously improve emergency disposal capacity and safety awareness.",,,G06N5/02 | G06F3/011 | G06Q50/2057 | G09B9/00,G06Q50/20 | G06N5/02 | G06F3/01 | G09B9/00,general,3,VR水素燃料電池車火災救助訓練(重複、A版)
CN-121525316-A,CN,A,98715368,CN-202511738512-A,20260213,20251125,Targeting digital twin construction method for construction control of large-span arch bridge,"The invention discloses a targeted digital twin construction method for construction control of a large-span arch bridge, and relates to the field of digital twin and intelligent construction control of the large-span arch bridge. According to the targeted digital twin construction method provided by the invention, the non-stress state quantity (non-stress curvature and non-stress cable length) is introduced as a reference invariant of construction control, so that the accuracy of construction monitoring of a large-span arch bridge is fundamentally improved, key monitoring elements in main arch linearity and cable force control can be accurately identified in a design stage based on mechanical sensitivity analysis of a parameter perturbation method, a three-dimensional optimization model of sensor type-quantity-space position is established, limited monitoring resources are accurately focused on a mechanical sensitive area in a main arch cantilever construction state, and the fundamental transition from &#39;empirical layout&#39; to &#39;model driving&#39; is realized.",,,G06F2119/14 | G06F2119/02 | G06Q10/04 | G06Q50/08 | G06F30/13 | G06F30/20,G06Q50/08 | G06Q10/04 | G06F119/14 | G06F119/02 | G06F30/13 | G06F30/20,general,2,アーチ橋デジタルツイン建設制御、パラメータ摂動感度分析。構造監視目的だがパラメータ摂動テーマあり
CN-121525499-A,CN,A,98701653,CN-202511719129-A,20260213,20251121,Frozen soil hydrothermal coupling model based on physical information neural network,"The invention relates to the technical field of frozen soil hydrothermal coupling, in particular to a frozen soil hydrothermal coupling model based on a physical information neural network, which comprises the following steps of deducing a control equation, namely deducing an energy conservation equation and deducing a mass conservation equation; the method comprises a first step of calculating physical field distribution in the whole domain at the beginning of calculation according to initial condition description, a second step of assisting an equation, a third step of calculating physical field distribution in the whole domain at the beginning of calculation according to initial condition description, wherein in practical application, the initial condition is usually determined based on field observation data or theoretical analysis, a fourth step of calculating physical field constraint on a domain boundary according to boundary condition description, and a fifth step of a physical information neural network method. The method realizes high-efficiency gridless calculation, provides powerful support for model parameter inversion and cold region engineering real-time prediction, and remarkably improves the practical value and application potential of the method.",,,G06F2119/14 | G06F2111/06 | G06F2113/08 | G06F2119/08 | G06F2111/10 | G06F30/28 | G06F17/11 | G06F30/27,G06F119/14 | G06F119/08 | G06F113/08 | G06F111/10 | G06F111/06 | G06F30/28 | G06F17/11 | G06F30/27,general,1,凍土水熱結合PINN、初期/境界条件。物理+ML モデリング手法
CN-121525521-A,CN,A,98714467,CN-202610043428-A,20260213,20260114,Explosion funnel volume solving method based on improved physical information neural network,"The invention discloses a blasting hopper volume solving method based on an improved physical information neural network. The method comprises the steps of 1, establishing a mechanical model of blast load of a blast hole wall, 2, establishing a blasting physical model of a columnar explosive package equivalent to a spherical explosive package by utilizing a Starfied superposition method, 3, establishing a blasting funnel volume prediction model based on a wavelet multi-scale synchronous compression transformation enhanced physical information neural network, constructing a solution space of a physical field by utilizing the wavelet multi-scale synchronous compression transformation, training a physical information neural network embedded with a blasting funnel physical control equation, an initial condition and a boundary condition as loss functions, and 4, intelligently predicting the blasting funnel volume by adopting the trained enhanced physical information neural network. The trained physical information neural network enhances the robustness and generalization capability of the blasting hopper volume prediction model, and provides high-precision theoretical support for blasting design optimization in engineering blasting.",,,G06F2111/04 | G06F2119/14 | G06F17/13 | G06N3/08 | G06N3/042 | G06F30/27,G06N3/08 | G06N3/042 | G06F119/14 | G06F111/04 | G06F17/13 | G06F30/27,general,3,爆破漏斗体積PINN、初期/境界条件。爆発(ハザード事象)の物理シミュレーション(鉱業分野)
CN-121525528-A,CN,A,98732823,CN-202610049004-A,20260213,20260115,Intelligent reconstruction method for fan vibration data missing based on deep network structure,"The invention discloses an intelligent reconstruction method for fan vibration data loss based on a deep network structure, which particularly relates to the field of data loss reconstruction, and comprises the steps of collecting fan vibration and working condition data, normalizing, designing three loss modes of random point, continuous block and channel total loss, constructing a data set, simultaneously establishing a normal working condition vibration characteristic memory bank, constructing three heterogeneous expert networks of time sequence prediction of a space-time transducer, physical simulation of a physical information neural network and contrast learning of a deep memory network, completing pre-training, constructing a dynamic arbitration fusion network, inputting expert high-level characteristics and meta-task characteristics, realizing dynamic weight distribution and divergence detection, carrying out physical verification correction on divergence results based on an energy flow and coherence constraint rule bank, carrying out weighted fusion according to expert results, and evaluating and outputting through reconstruction accuracy, physical rationality and real-time indexes.",,,G06F2111/04 | G06N3/09 | G06N3/0895 | G06N3/0985 | G06N3/0442 | G06N3/045 | G06F30/27,G06N3/0985 | G06N3/09 | G06N3/0895 | G06N3/045 | G06N3/0442 | G06F111/04 | G06F30/27,general,2,ファン振動データ欠損再構成(重複、A版)
CN-121525332-A,CN,A,98732136,CN-202511810914-A,20260213,20251203,Two-stage simulation method of liquid forming process using flow auxiliary material,"The invention discloses a two-stage simulation method of a liquid forming process using a flow auxiliary material, which comprises the steps of determining a liquid forming near net-shaped body geometric model, simplifying the cleaning of the liquid forming near net-shaped body geometric model, importing/drawing and repairing the geometric model, adding a geometric entity of a reinforcing body lamination group or a single layer in geometric modeling or simulation software, meshing/directly importing a grid, liquid forming injection simulation and the like. According to the simulation method, the technological process is decoupled into two serial stages of flow auxiliary material flow and preform impregnation, the influence of the first stage is equivalent to a high-precision pressure boundary condition and is applied to the second stage, and meanwhile, a multi-stage micro flow model driven by viscosity-capillary effect is introduced and subdivided in preform impregnation, so that the resin flow and impregnation process can be predicted more quickly and accurately from a macroscopic scale to a microscopic scale, and a reliable basis is provided for optimizing technological parameters, predicting and eliminating manufacturing defects.",,,G06F2113/26 | G06F2119/14 | G06F2113/08 | G16C60/00 | G06F30/10 | G06F30/20,G16C60/00 | G06F119/14 | G06F113/26 | G06F113/08 | G06F30/10 | G06F30/20,general,1,液体成形プロセス2段階シミュレーション、圧力境界条件。製造プロセスシミュレーション
CN-121525441-A,CN,A,98714752,CN-202511570830-A,20260213,20251030,Airport photovoltaic glare detection method based on multi-source data coupling,"The application discloses an airport photovoltaic glare detection method based on multi-source data coupling, which breaks through the limitation of single model prediction through multi-source data fusion, the measured data provides a dynamic calibration standard for simulation, and the machine learning algorithm effectively compensates errors caused by fluctuation of environmental variables under physical constraint. The continuous learning mechanism replaces the traditional periodic manual calibration flow, and the self-adaptive evolution of the model is realized while the operation and maintenance cost is reduced. The three-dimensional scene projection and space-time matching technology solves the problem of collaborative analysis of multi-source heterogeneous data, provides a high-precision spatial expression basis for risk assessment, and provides a high-precision spatial reference for coupling subsequent physical simulation and measured data by integrating multi-source data such as runways, taxiways, terrains, vision and flight paths, thereby reducing dependence on high-frequency field measurement.",,,G06F2113/08 | G06F2119/08 | G06F2111/08 | G06F2111/04 | G06N20/00 | G06F18/24 | G06F18/10 | G06F16/29 | G06F30/27,G06N20/00 | G06F119/08 | G06F113/08 | G06F111/08 | G06F111/04 | G06F18/24 | G06F18/10 | G06F16/29 | G06F30/27,general,2,空港太陽光発電グレア検知、多源データ結合。ハザード検知システムだが物理+ML結合が主眼
CN-121531971-A,CN,A,98704225,CN-202511603120-A,20260213,20251104,Pin coplanarity intelligent leveling system and process in high-density QFN package,"The invention relates to the technical field of semiconductor packaging, in particular to an intelligent leveling system and process for pin coplanarity in high-density QFN packaging, comprising the following steps: the method comprises the steps of constructing a theoretical model based on element design data, acquiring multi-dimensional scanning data of a QFN element by using a multi-dimensional scanner, constructing a physical simulation model by combining physical properties of materials, comparing the physical simulation model with the theoretical model to obtain an initial difference sequence, generating an initial correction instruction for the initial difference sequence by using a correction decision intelligent model, performing simulation correction on the physical simulation model to acquire an optimized final correction instruction, and finally executing the final correction instruction by using a piezoelectric actuator and circularly detecting whether the element is qualified or not. The invention can improve the efficiency, accuracy and intelligence of the coplanarity detection and repair of the QFN element pins.",,,G06T2207/20164 | G06T2207/30148 | G06T2207/10028 | G06T7/60 | G06T15/04 | G06T17/00 | G06T7/13 | G06T7/136 | G06T7/11 | G06T5/90 | G06T5/70 | G06T7/0004 | G06F30/27 | G06F30/398 | H10P74/20 | H10P72/0606 | H10P72/50 | Y02P90/30,H10P74/20 | H10P72/00 | G06T17/00 | G06T15/04 | G06T7/60 | G06T7/136 | G06T7/13 | G06T7/11 | G06T7/00 | G06T5/90 | G06T5/70 | G06F30/398 | G06F30/27 | H10P72/50,general,1,QFNピン共面性物理シミュレーションモデル。製造QC目的
CN-121031366-B,CN,B,97772628,CN-202511529514-A,20260213,20251024,Intelligent heat transfer prediction method and system for heat exchanger based on deep learning,"The invention discloses a heat exchanger intelligent heat transfer prediction method and system based on deep learning. The method comprises the steps of firstly obtaining input characteristic data comprising a fluid state and a heat transfer state, secondly, adopting a cascade calibration architecture to conduct prediction, utilizing a first machine learning model to generate an initial heat transfer performance predicted value, utilizing a second machine learning model to predict and correct a predicted residual of the initial heat transfer performance predicted value, obtaining a high-precision final predicted value after superposition of the initial heat transfer performance predicted value and the predicted residual of the second machine learning model, and finally, generating an operation parameter adjustment scheme which takes heat transfer efficiency and energy consumption into consideration through a multi-objective optimization algorithm based on the final predicted value and flow resistance data. The invention solves the problems of low prediction precision, incapability of balancing optimization and poor adaptability of the prior art by combining physical simulation with AI, cascading residual error calibration, dynamic balancing optimization and self-adaptive updating mechanism, and remarkably improves the prediction precision, decision scientificity and reliability of long-term operation of the system.",,,G06F2119/08 | G06F2111/06 | G06N20/10 | G06F30/28 | G06N3/126 | G06F18/24323 | G06N20/20 | G06F30/27,G06N20/20 | G06N20/10 | G06N3/126 | G06F119/08 | G06F111/06 | G06F30/28 | G06F18/243 | G06F30/27,general,1,熱交換器伝熱予測深層学習+物理。予測手法でレアイベント生成ではない
CN-121525359-A,CN,A,98717290,CN-202511517028-A,20260213,20251023,Three-dimensional dynamic simulation method and system for whole tunnel blasting process,"The invention relates to the technical field of three-dimensional simulation, in particular to a three-dimensional dynamic simulation method and system for the whole process of tunnel blasting. The method comprises the steps of obtaining a three-dimensional set counting model of a tunnel, identifying a high-risk geometrical region of the tunnel in the three-dimensional set counting model of the tunnel, constructing a space blasting constraint field covering blasted rock mass based on the high-risk geometrical region of the tunnel, reversely planning an ideal blasting drilling path, deducing a blasting energy sequence according to the ideal blasting drilling path, executing rock damage dynamics blasting simulation by taking the ideal blasting drilling path as a boundary condition, evaluating drilling layout correction parameters for correcting undermining risks, and applying the drilling layout correction parameters to a preset tunnel blasting scheme to obtain an optimized tunnel blasting scheme. According to the invention, by constructing the space blasting constraint field, the accurate dynamic simulation of the non-circular tunnel blasting process is realized, so that the problem of the super-undermining prediction misalignment of the key position of the complex section is solved.",,,G06F2119/14 | G06F2113/08 | G06F30/27 | G06F30/25 | G06F30/28 | G06F30/13 | G06F30/23,G06F119/14 | G06F113/08 | G06F30/28 | G06F30/27 | G06F30/25 | G06F30/13 | G06F30/23,general,3,トンネル発破3次元動的シミュレーション、境界条件。発破(ハザード事象)の物理シミュレーション
CN-121525497-A,CN,A,98710826,CN-202511715817-A,20260213,20251121,Water supply network hydraulic model calibration and leakage positioning method and system,"The invention relates to the technical field of intelligent water affairs and urban water supply system informatization, in particular to a water supply network hydraulic model calibration and leakage positioning method and system, wherein the method comprises the steps of acquiring pressure and flow data of a plurality of monitoring points in a network in real time; the method comprises the steps of driving a hydraulic model to conduct real-time simulation by taking the hydraulic model as a boundary condition, calculating a theoretical value, calculating residual errors of the theoretical value and the actual value of a monitoring point, judging a trigger model calibration event or a leakage suspicion event based on a residual error abnormal mode, inverting and updating a model global parameter through an optimization algorithm to achieve self calibration if the calibration is triggered, determining a suspicion area if the leakage is triggered, and accurately positioning a leakage pipe section through simulation and correlation analysis. According to the invention, the model can adapt to the change of the pipe network system through the closed-loop feedback of the real-time data and the model, so that the dynamic self-calibration of the hydraulic model of the water supply pipe network is realized, and the problem of the precision attenuation of the traditional static model is solved.",,,G06F2123/02 | G06F2119/14 | G06F2113/08 | G06F2113/14 | F17D5/06 | F17D5/02 | G06N5/041 | G06F18/29 | G06F18/2337 | G06F18/241 | G06F18/2113 | G06F16/29 | G06F30/18 | G06F30/28 | G06F30/27,G06N5/04 | G06F123/02 | G06F119/14 | G06F113/14 | G06F113/08 | G06F30/28 | G06F30/18 | G06F18/241 | G06F18/2337 | G06F18/2113 | G06F18/20 | G06F16/29 | F17D5/06 | F17D5/02 | G06F30/27,general,1,給水管網水理モデル較正漏水検知、境界条件。インフラ監視目的
CN-121525574-A,CN,A,98702446,CN-202511700171-A,20260213,20251119,CFD-based cultivation pool set pollution discharge efficiency prediction method,"The invention discloses a CFD-based culture pond set sewage efficiency prediction method, which comprises the following steps of constructing a three-dimensional model of a culture pond, defining geometric parameters and installation positions of a pond structure, a water inlet structure and a sewage collecting device, extracting a calculation domain of the three-dimensional model of the culture pond, carrying out integral grid division and boundary layer grid division, setting flow field solving parameters and boundary conditions of pretreatment of calculation, defining release sources and physical parameters of different types of pollution particles in the culture pond, carrying out two-phase flow coupling solving based on interaction of water flow and the pollution particles, defining monitoring lines and surfaces, analyzing hydrodynamic characteristics and the aggregation rule of the pollution particles, and quantitatively analyzing an influence mechanism of factors such as flow field evaluation indexes on the sewage efficiency of the culture pond set.",,,G06F2119/14 | G06F2113/08 | G06F2111/10 | G06N3/006 | G06F30/27 | G06F30/28,G06N3/006 | G06F119/14 | G06F113/08 | G06F111/10 | G06F30/27 | G06F30/28,general,1,CFD養殖池汚染排出効率予測、境界条件。設計解析目的
CN-121532772-A,CN,A,87570103,CN-202380100604-A,20260213,20230721,PINN-based proxy modeling using local turbulence estimation,"Systems and methods use physical information neural networks (FINNs) and Deep Neural Networks (DNNs) to optimize hydrodynamic modeling. The DNN is trained to create a data driven map of invariant and reynolds stress tensors associated with the fluid field based on the simulation data. The FINN is trained using the Reynolds stress tensor correction term derived from the mapping and invariants and tensors derived from the estimated flow field variables using the loss based on the Navier-Stokes and continuity equations. The FINN inputs include boundary conditions, as well as the spatiotemporal coordinates of the sampling points in the fluid flow field, which describe the time evolution of turbulence problems depending on the geometric boundaries of the flow field.",,,G06N3/08 | G06F2111/10 | G06N3/0895 | G06N3/045 | G06F2113/08 | G06F30/27 | G06F30/28,G06N3/0895 | G06N3/045 | G06F113/08 | G06F111/10 | G06F30/28 | G06F30/27,general,1,PINN乱流代理モデリング、境界条件。物理+ML流体モデリング手法
CN-121525191-A,CN,A,98708805,CN-202511638020-A,20260213,20251110,Runner blade optimization method and runner of mixed-flow water turbine,"The application provides a runner blade optimization method and runner of a mixed flow turbine, the method comprises the steps of establishing a full-runner three-dimensional model of an overflow component of the mixed flow turbine in a water flow direction, selecting a mixed turbulence model, setting boundary conditions to obtain simulation results of the runner under different design working conditions and critical working conditions, determining a core loss area for restricting maximum output, setting meridian plane parameters, airfoil section parameters and space distortion parameters of the runner blade according to the positions of the core loss area, respectively establishing a parameterized model of the runner blade based on a plurality of groups of blade parameters, comparing and analyzing the simulation results of the parameterized models under the same working condition, screening target blade parameters with high correlation with the maximum output, and optimizing the runner blade based on the target blade parameters to improve the maximum output of the mixed flow turbine. The optimization method provided by the application solves the problems of insufficient flow field coupling consideration, limited parameterized modeling dimension, single optimization target and the like.",,,G06F2119/14 | G06F2113/08 | G06F2111/10 | G06F2111/06 | G06F2111/04 | F03B3/121 | G06F30/28 | G06F30/20 | G06F30/17 | Y02E10/20,G06F119/14 | G06F113/08 | G06F111/10 | G06F111/06 | G06F111/04 | G06F30/28 | G06F30/20 | F03B3/12 | G06F30/17,general,2,混流水車ランナー羽根最適化、臨界作動条件下シミュレーション。臨界条件言及あるが設計最適化目的
CN-121525471-A,CN,A,98712194,CN-202511680946-A,20260213,20251117,Satellite multi-physical-field prediction method and system based on structured self-supervision training,"The invention discloses a satellite multi-physical-field prediction method and system based on structured self-supervision training. The method includes providing a satellite dataset, providing a progressive predictive network model of a &#34;branch-trunk&#34; structure, and performing structured self-supervised training. The progressive prediction network model takes a high-fidelity reference field as a starting point, plans a path according to the parameter variation amplitude, and iteratively outputs a physical field prediction result. Meanwhile, in the reasoning process, an external reference field with high fidelity can be accessed according to a new working condition or a high-reliability requirement scene, so that the local prediction accuracy is improved. The system comprises a data preparation module, a model training module and a progressive prediction module. The method and the system can obviously improve the prediction speed and the prediction precision of satellite multi-physical-field prediction, and solve the core technical problem of error accumulation in long-range and multi-step prediction tasks of the conventional AI proxy model.",,,G06N3/0985 | G06N3/084 | G06N3/0895 | G06N3/045 | G06N5/04 | G06F30/15 | G06F30/27,G06N5/04 | G06N3/0985 | G06N3/0895 | G06N3/084 | G06N3/045 | G06F30/15 | G06F30/27,general,2,衛星マルチフィジックス予測(自己教師学習)、新作動条件への対応。物理+ML予測手法
WO-2026035929-A1,WO,A1,98735967,US-2025041073-W,20260212,20240807,Method for co-designing modeling and monitoring systems,"A method for improving a system model includes selecting a continuous-time model that includes numerically constant model parameters and time-varying variables; selecting an objective function; selecting from the model parameters a set of model parameters whose numerically constant values are to be estimated; selecting a data acquisition system to supply data for model operation and for estimation of the numerically constant values of the set of model parameters. The data acquisition system includes sensors operable to collect data associated with at least one model parameter of the set. The method further includes assigning temporary values as the numerically constant values of the set of model parameters; generating, via a processor, synthetic data from the model using the temporary values; determining, via the processor, an unidentifiable model parameter of the set presenting an identifiability issue; and displaying, via a user interface in communication with the processor, the unidentifiable model parameter.",UNIV KANSAS STATE | THE BOARD OF REGENTS FOR THE OKLAHOMA AGRICULTURAL AND MECH COLLEGES,WELCH STEPHEN M | POUDEL PRATISHTHA | ALDERMAN PHILLIP,A01H1/02 | A01H1/04 | G06N5/01 | G06N3/126 | G16B20/00 | G16B5/00 | G06N7/00 | G06F30/20 | G05B17/02 | G06N20/00,G16B20/00 | G06N7/00 | G06F30/20 | G05B17/02 | A01H1/04 | G16B5/00,general,2,モデル同定可能性のための合成データ生成(重複、A1版)
WO-2026034204-A1,WO,A1,98735116,JP-2025026144-W,20260212,20240809,Work assistance system and work assistance method,"[Problem] To provide a work assistance system that makes it possible to visually recognize, in three dimensions, each part of a fluid machine and the analysis results of flow analysis. [Solution] A work assistance system 1 comprises: an analysis data acquisition unit that receives, as analysis conditions, shape data D2 indicating the shape of a fluid machine and boundary condition data D3 indicating a boundary condition when flow analysis of the fluid machine is performed, that performs flow analysis on the basis of the analysis conditions, and that acquires analysis data D4 which includes the analysis results of the flow analysis; a visual field data acquisition unit that acquires, on the basis of the position and posture of a worker which are detected by a position/posture detection unit, visual field data D1 indicating the field of view of the worker in a virtual reality space; and a visualization data generation unit that generates visualization data D5 for causing a virtual object display unit to display, as a virtual object, a shape object based on the shape data D2 and an analysis object based on the analysis data D4, with respect to the field of view indicated by the visual field data D1.",EBARA CORP,HIRATA KAZUYA | MURASE Taro,G06F2113/08 | G06F2111/18 | G06F30/20 | G06F30/12 | G06F3/01 | G06F30/28,G06F113/08 | G06F111/18 | G06F30/12 | G06F3/01 | G06F30/28,general,1,EBARA: 流体機械流動解析VR作業支援、境界条件。可視化ツールでレアイベント生成ではない
US-12547135-B2,US,B2,75994426,US-202118548447-A,20260210,20210315,Optimization method and system for turbines of thermal power unit based on sparse big data mining,"An optimization method for turbines of a thermal power unit based on sparse big data mining in the technical field of turbine optimization. The optimization method comprises: acquiring historical operating data of a unit; selecting a set of controllable operating parameters highly correlated with the heat rate of turbines as optimized parameters; constructing a new sparse data-oriented pattern-growth association rule mining algorithm based on binary matrixes and the hyperlink technique; proposing a load balancing strategy based on matrix operation on an Apache Spark platform, and parallelly implementing the global calculation-balanced pattern-growth association rule mining algorithm; and discretizing the historical operating data by clustering, parallelly mining the discretized historical operating data to obtain an association rule, and performing de-discretization to obtain target values of the optimized parameters of the turbines under boundary conditions.",UNIV NANJING POSTS & TELECOMMUNICATIONS,LIN JINXING | LU MINGJIE | HU ZHI,G06F16/2465 | G06F16/2465 | Y04S10/50 | G06F2119/08 | G05B15/02 | G05B15/02 | G06F30/20 | G06F16/2465 | G05B15/02,G06F16/2458 | G05B15/02,general,1,タービン最適化スパースデータマイニング(重複)。無関係
CN-121502996-A,CN,A,98669471,CN-202511518236-A,20260210,20251023,"Equivalent analysis method, system, medium and electronic equipment for high-temperature superconducting cable","The invention discloses a high-temperature superconducting cable equivalent analysis method, a system, a medium and electronic equipment, which relate to the technical field of power devices and superconducting transmission and comprise the following steps of collecting a structural characteristic parameter set of a high-temperature superconducting cable, constructing a first equivalent circuit model based on the structural characteristic parameter set, adopting a multi-factor influence separation method to carry out cross commonality screening on material parameters to obtain the first equivalent parameter set, constructing a first coupling model based on the first equivalent parameter set, applying disturbance signals with different frequencies to carry out fault simulation to obtain a working condition equivalent model, extracting transient response data based on the working condition equivalent model, identifying transient quench response characteristics of the high-temperature superconducting cable based on the transient response data, constructing a multi-objective optimization function based on the transient quench response characteristics, optimizing control parameters by adopting an NSGA-III algorithm to obtain an optimal control strategy, and solving the problems that the high quench expansion risk of the high-temperature superconducting cable is difficult to regulate in time under transient faults.",,,G06F2119/16 | G06F2113/16 | G06F2111/04 | G06F2111/10 | G06F2111/06 | G06F2119/14 | G06F2119/08 | G06F2119/12 | G06F30/27 | G06F30/20 | Y02E40/60,G06F119/16 | G06F119/14 | G06F119/12 | G06F119/08 | G06F113/16 | G06F111/10 | G06F111/06 | G06F111/04 | G06F30/27 | G06F30/20,general,3,高温超電導ケーブル等価解析。擾乱信号でfault simulationを行い過渡クエンチ応答を取得(エネルギー分野)
CN-115422492-B,CN,B,84202507,CN-202211085031-A,20260210,20220906,Calculation method and system for equivalent heat conductivity coefficient of electric propulsion motor winding,"The invention discloses a method and a system for calculating equivalent heat conductivity coefficients of an electric propulsion motor winding, and relates to the field of electric propulsion motor temperature field calculation, wherein the method for calculating the equivalent heat conductivity coefficients of the electric propulsion motor winding comprises the following steps of dividing the winding into a multi-unit circular structure according to the arrangement state of the whole winding in the electric propulsion motor in a groove; according to boundary conditions in the multi-unit circular structure, solving the temperature rise of each subdomain, solving the total temperature rise of the multi-unit circular structure, enabling the whole winding to be equivalent to a circular heating body, enabling the total temperature rise of the multi-unit circular structure to be the temperature rise of the circular heating body, and calculating to obtain the equivalent heat conductivity coefficient of the whole winding. The winding equivalent model based on the analysis method provided by the invention has the advantages that the winding temperature is more accurate, and the method also provides references for temperature solving of other types of motors.",,,G06F2119/08 | G06F30/20 | G06F17/10,G06F119/08 | G06F30/20 | G06F17/10,general,1,電気推進モータ巻線等価熱伝導率計算、境界条件。物理計算手法
CN-116054780-B,CN,B,86125028,CN-202310000323-A,20260210,20230102,Particle filtering method based on state track clustering similarity and application,"The invention provides a particle filtering method based on state track clustering similarity and application thereof, comprising the steps of S1, initializing, S2, assuming prior probability density distribution as an importance probability density function, namely proposing distribution to guide particles to conduct sequential importance sampling, further recursively calculating importance weights of sampled particles, S3, combining a system real state and sampled particle state track consistency principle, conducting similarity measurement on current filtering and future multi-stage Gaussian filtering prediction measurement information by utilizing a data mining idea-clustering analysis method, S4, modifying proposition distribution in S2 by utilizing the similarity measurement of the step S3, S5, updating importance weight calculation in sequential importance sampling in the step S2 through the proposition distribution modified in the step S4, normalizing the particle weights, further obtaining an estimated value of the system state at the current moment, and S6, repeating the steps S2-S5, and sequentially outputting estimated values of the system state at different moments. Which is capable of improving the particle degradation phenomenon.",,,G06F2119/04 | G06F2111/08 | G06F30/27 | H03H17/0255,G06F119/04 | G06F111/08 | G06F30/27 | G06F18/23 | H03H17/02,general,2,状態軌跡クラスタリング類似度に基づく粒子フィルタ、重要度サンプリング。推定手法でレアイベント訓練データ生成ではない
CN-121504910-A,CN,A,98659611,CN-202610019743-A,20260210,20260108,"Method, system and device for detecting state of tobacco storage cabinet","The invention discloses a method, a system and a device for detecting the state of a tobacco storage cabinet, wherein the method comprises the steps of collecting at least one cabinet body image corresponding to a target tobacco storage cabinet; the method comprises the steps of constructing an empty cabinet environment model corresponding to a target tobacco storage cabinet by using a preset nerve radiation field modeling tool based on a cabinet body image, simulating tobacco by using a pre-trained discrete element model based on tobacco parameters corresponding to the cabinet body image to generate a dynamic mask image corresponding to the target tobacco storage cabinet in the empty cabinet environment model, detecting state characteristics of the dynamic mask image to obtain characteristic parameters corresponding to the target tobacco storage cabinet, and determining the material state of the target tobacco storage cabinet based on the characteristic parameters. By means of the technical means of combining physical simulation and visual generation, the high-precision identification and error-proof control of the state of the tobacco storage cabinet in the cross-equipment environment are realized, and the accuracy, stability and efficiency of detecting the material state of the tobacco storage cabinet are improved.",,,G06F2119/14 | G06T2207/30108 | G06T2207/20104 | G06T2207/20084 | G06T2207/20081 | G06T2207/10024 | G06N3/084 | G06T11/60 | G06N3/0499 | G06N3/045 | G06T7/269 | G06T7/30 | G06F16/90335 | G06F16/9024 | G06V10/28 | G06N3/042 | G06N5/041 | G06V10/74 | G06V10/40 | G06V10/25 | G06F30/27 | G06F30/25 | G06V10/82 | G06T7/0004 | Y02P90/30,G06V10/82 | G06V10/74 | G06V10/40 | G06V10/28 | G06V10/25 | G06T11/60 | G06T11/10 | G06T7/30 | G06T7/269 | G06N5/04 | G06N3/084 | G06N3/0499 | G06N3/045 | G06N3/042 | G06F119/14 | G06F30/27 | G06F30/25 | G06F16/903 | G06F16/901 | G06T7/00,general,1,タバコ保管庫状態検出、物理シミュレーション+視覚生成。検出システム目的
CN-121500795-A,CN,A,98660232,CN-202411075438-A,20260210,20240807,Vehicle fault simulation monitoring terminal system based on virtual reality technology,"The invention belongs to the field of vehicle fault monitoring, and discloses a vehicle fault simulation monitoring terminal system based on a virtual reality technology, which comprises a modeling device, sensing equipment, a data transmission device and virtual reality equipment, wherein the modeling device is used for acquiring a vehicle fault; the system comprises a modeling device, a sensing device, a data transmission device and a virtual reality device, wherein the modeling device is used for generating a three-dimensional digital model of a vehicle, the sensing device is arranged on the vehicle and used for collecting state data of the vehicle in real time, the data transmission device is used for transmitting the state data collected by the sensor to the virtual reality device, and the virtual reality device is used for displaying the state data of the vehicle in the three-dimensional digital model and carrying out fault monitoring based on the state data. The invention realizes the real-time remote monitoring of the vehicle state, improves the accuracy and timeliness of the vehicle fault detection and reduces the maintenance cost. Meanwhile, due to the application of the virtual reality equipment, a user can intuitively know the running state and the fault condition of the vehicle in the virtual environment, and monitoring intuitiveness and user experience are improved.",,,G05B17/02,G05B17/02,general,2,VRによる車両故障シミュレーション監視端末。リアルタイム故障表示システム
CN-121503290-A,CN,A,98668523,CN-202511880505-A,20260210,20251213,Digital twin simulation platform for acoustic wave rain-increasing meteorological condition response of river basin,"The invention discloses a watershed-oriented acoustic rain-increasing meteorological condition response digital twin simulation platform which comprises the steps of constructing a three-dimensional space lower boundary condition with physical reality, continuously receiving a multi-source meteorological observation data stream, generating a meteorological initial field and boundary conditions through data preprocessing and multi-source data fusion, coupling a non-static mesoscale meteorological model and a double-parameter cloud micro-physical parameterization scheme, outputting four-dimensional space-time distribution data, dynamically correcting the double-parameter cloud micro-physical parameterization scheme by utilizing the output of a solution acoustic wave propagation equation based on a micro-physical model, iteratively adjusting acoustic wave parameter combinations according to a preset rain-increasing objective function by adopting a global optimization algorithm and a deep neural network proxy model, and outputting optimal acoustic wave parameter combinations and corresponding predicted rain-increasing effects. The invention can realize the full-process simulation with high fidelity, reveal the sound wave-cloud interaction mechanism, and promote the applicability and economic benefit of the sound wave rain increasing technology in the actual river basin water resource management.",,,G01S13/95 | G01W1/02 | G06T17/05 | G06T15/205 | G06N3/08 | G06N3/006 | G06N3/045 | G06N3/0442 | G06N3/0464 | G06F18/214 | G06F17/11 | G06F18/24 | G06F18/25 | G06F30/27 | Y02A90/10,G06T17/05 | G06T15/20 | G06N3/08 | G06N3/0464 | G06N3/045 | G06N3/0442 | G06N3/006 | G06F18/25 | G06F18/24 | G06F18/214 | G06F17/11 | G01W1/02 | G01S13/95 | G06F30/27,general,1,音波増雨気象条件応答デジタルツインシミュレーション、境界条件。気象改変シミュレーション目的
CN-121503304-A,CN,A,98674350,CN-202610045688-A,20260210,20260114,Variational physical information neural network solving method based on self-companion operator functional constraint,"The invention discloses a solution method of a variational physical information neural network based on self-companion operator functional constraint, which relates to the field of intersection of neural networks and scientific computation, and comprises the steps of S1, constructing an energy functional which directly associates energy with a differential equation constraint term by means of symmetrical conservation characteristics of the self-companion operator based on preset boundary conditions and initial conditions, wherein each component of the energy functional is mapped with a corresponding physical field quantity in a differential equation one by one, the physical field comprises a diffusion coefficient and a convection speed, S2, verifying the correctness of the energy functional constructed in S1, and S3, substituting the verified energy functional into the variational physical information neural network for iterative training. According to the invention, functional constraints are introduced into the variational physical information neural network, so that the cooperative satisfaction of the neural network on the &#39;equation-boundary-functional&#39; multi-constraints can be regulated and controlled more accurately, and the overall accuracy and the spatial stability of the solution are improved.",,,G06F2119/14 | G06F2113/08 | G06F2111/04 | G06F30/28 | G06N3/084 | G06N3/048 | G06N3/042 | G06F30/27,G06N3/084 | G06N3/048 | G06N3/042 | G06F119/14 | G06F113/08 | G06F111/04 | G06F30/28 | G06F30/27,general,1,変分PINN(自己随伴演算子)、境界/初期条件。物理+ML数値解法
CN-121503045-A,CN,A,98675047,CN-202511651772-A,20260210,20251112,Mine sector medium-length hole rock blasting numerical simulation method based on Lsdyna and HYPERMESH,"The invention discloses a mine sector medium-length hole rock blasting numerical simulation method based on Lsdyna and HYPERMESH, which comprises the steps of firstly constructing a three-dimensional numerical model by utilizing CAD and SOLIWORKS software, then carrying out grid division and optimization by HYPERMESH software, and finally setting a material structure, a fluid-solid coupling algorithm and boundary conditions in LSDYNA software to complete numerical simulation. The invention solves the difficult problems of complex model construction and grid division through multi-software cooperation, improves simulation efficiency and accuracy, and provides theoretical support for mine blasting parameter optimization.",,,G06F2111/10 | G06T17/205 | G06F30/20,G06T17/20 | G06F111/10 | G06F30/20,general,2,鉱山発破数値シミュレーション(LSDYNA)、境界条件。発破設計最適化目的が主
CN-121502991-A,CN,A,98660553,CN-202511477886-A,20260210,20251016,Optimization method of FPSO super-heavy type module structure based on offshore floating hoisting,"The invention discloses an optimization method of an ultra-heavy type FPSO module structure based on offshore floating hoisting, which belongs to the technical field of FPSO ultra-heavy type module structure optimization, and comprises the following steps of S1, establishing an ultra-heavy type module overall structure model, S2, establishing an ultra-heavy type module overall quality model, S3, establishing an ultra-heavy type module floating hoisting model, S4, calculating equivalent loads under the action of various load couplings, S5, obtaining boundary conditions of the module structure floating hoisting, S6, calculating stress distribution of the ultra-heavy type module overall structure, and S7, strengthening the structure of the ultra-heavy type module overall structure. By implementing refined structural strength calculation and key part optimization design, the method can realize advanced pre-judgment and prevention control of potential failure modes in the floating type hoisting process, improve the safety of floating type hoisting of the extra-heavy type module, reduce the risks of structural failure and accidents, and protect the safety of personnel and the environment.",,,G06F2119/14 | G06F30/17 | G06F30/20,G06F119/14 | G06F30/17 | G06F30/20,general,3,FPSO超重量モジュール構造最適化、境界条件。潜在的破損モード予防に関連(海洋分野)
CN-121507224-A,CN,A,98661735,CN-202511692886-A,20260210,20251118,Battery thermal management optimization method and device,"The application provides a battery thermal management optimization method and device. The method is applied to a collaborative platform, the collaborative platform comprises a physical simulation platform, an intelligent optimization platform, an intelligent processing platform and an acquisition control platform, the physical simulation platform takes preprocessed data as simulation parameters, executes battery thermoelectric coupling simulation to obtain simulation results of battery thermoelectric coupling simulation, the intelligent optimization platform adjusts the simulation parameters according to the simulation results to obtain adjusted simulation parameters, the intelligent optimization platform calls the physical simulation platform to conduct one or more times of iterative simulation of battery thermoelectric coupling according to the adjusted simulation parameters to obtain optimized parameters, the intelligent processing platform conducts post-processing on the optimized parameters to obtain control parameters, the acquisition control platform conducts logic verification on the control parameters and transmits the control parameters to a test system to conduct battery charging test, and overall efficiency of battery thermal management optimization is improved.",,,G06F2119/08 | G06F30/20 | H01M10/48 | H01M10/4285 | H01M10/625 | H01M10/613 | H01M10/633 | Y02E60/10,H01M10/625 | H01M10/613 | H01M10/48 | H01M10/42 | G06F119/08 | G06F30/20 | H01M10/633,general,1,電池熱管理最適化物理シミュレーションプラットフォーム反復。設計最適化目的
CN-121503026-A,CN,A,98667731,CN-202511591911-A,20260210,20251103,Modeling method and system for cement industry whole-flow production considering energy flow-material flow,"The invention discloses a modeling method and a modeling system for cement industry whole-flow production taking energy flow-material flow into account, which belong to the technical field of cement industry and comprise the steps of constructing a modeling structure for covering cement production flow, respectively constructing a modeling module for describing material behaviors and a modeling module for describing the energy behaviors, respectively connecting coupling models of all the process units according to the process flow sequence, setting output variables of an upstream process unit as input boundary conditions of a downstream process unit, constructing a cross-unit continuous modeling structure, constructing a dynamic simulation system comprising a time stepping calculation mechanism based on the modeling structure, and updating the material and energy state variables by time by the simulation system to realize joint description of energy distribution and material evolution process in the cement production flow. According to the invention, through full-flow coupling modeling, parameters of each link can be dynamically adjusted, so that the total energy consumption of the system is minimum, and the global optimal energy efficiency is realized.",,,G06F2111/04 | G06F2111/10 | G06F2119/06 | G06F30/20,G06F119/06 | G06F111/10 | G06F111/04 | G06F30/20,general,1,セメント産業全流程モデリング、境界条件。プロセスモデリング目的
CN-121505941-A,CN,A,98665957,CN-202511510573-A,20260210,20251022,Digital twin and AI-based platform door intelligent simulation training system,"The invention discloses a platform door intelligent simulation training system based on digital twinning and AI, and belongs to the technical field of rail transit training. The invention discloses a platform door intelligent simulation training system based on digital twinning and AI, which comprises a system architecture module, a hardware composition module, a software composition module and a core function module. The invention solves the problems that the existing platform door training mode depends on physical equipment, has single function, is difficult to simulate a complex fault scene and lacks intelligent teaching assistance, realizes high-precision control by constructing a hardware and software collaborative simulation training system and adopting a three-layer distributed control architecture, combines digital twin technology 1:1 to restore the structure and the running state of a real platform door, integrates AI voice interaction and a professional knowledge base, supports fault simulation, principle teaching, actual operation exercise and intelligent question answering, effectively improves the immersion sense, interactivity and teaching efficiency of training, and meets the urgent demands of modern rail transit on specialized and intelligent training.",,,G09B25/02 | G09B9/00,G09B25/02 | G09B9/00,general,3,プラットフォームドア デジタルツイン+AIシミュレーション訓練。複雑な故障シーンのfault simulationに対応(鉄道分野)
CN-120874201-B,CN,B,97457618,CN-202511374947-A,20260210,20250925,Automatic generation method and system for modular design of AI-driven curtain wall,"The application discloses an automatic generation method and system for AI-driven curtain wall modularized design, wherein the method comprises the steps of obtaining real-time state data of a main structure to construct and update a built state digital twin model; the method comprises the steps of extracting transient boundary conditions of a module to be installed from the model, inputting the boundary conditions into an adaptive design generation model to generate adaptive adjustment parameters, correcting a standardized digital model by the parameters, generating an adaptive module digital model which is accurately matched with a built-up state structure, and converting the adaptive module digital model into manufacturing instructions to be output. According to the application, through automatic real-time design adjustment, the problem of curtain wall installation conflict caused by dynamic deformation of a main body structure is solved, accurate matching of a prefabricated component and an actual structure interface is realized, the construction efficiency and the construction quality are improved, and the construction cost is reduced.",,,G06N3/094 | G06N3/0475 | G06N3/045 | G06N3/092 | G06N5/04 | G06F30/27 | G06F30/13,G06N5/04 | G06N3/094 | G06N3/092 | G06N3/0475 | G06N3/045 | G06F30/27 | G06F30/13,general,1,AIカーテンウォールモジュラー設計自動生成、過渡境界条件。設計自動化目的
CN-121505161-A,CN,A,98675011,CN-202511611866-A,20260210,20251105,Dynamic scene generation method and device,"The application relates to the technical field of virtual scene generation and discloses a dynamic scene generation method and device, wherein the method comprises the steps of modeling a multi-view scene image based on three-dimensional Gaussian splatter and establishing an object geometric model of a target scene; the method comprises the steps of carrying out surface Gaussian point cloud analysis on an object geometric model, sampling to obtain a simulation driving point used for simulating a target scene, constructing a driving framework of the target scene according to the simulation driving point, mapping deformation of the driving framework to deformation of a three-dimensional Gaussian kernel through deformation physical simulation to obtain a dynamic framework of the target scene, and rendering the dynamic framework to generate a corresponding dynamic scene.",,,G06T2200/04 | G06F2119/14 | G06F30/20 | G06T15/005 | G06T13/20 | G06T19/20 | G06T17/00,G06T19/20 | G06T15/00 | G06T13/20 | G06F119/14 | G06F30/20 | G06T17/00,general,2,3Dガウシアンスプラッティング+変形物理シミュレーションによる動的シーン生成。用途は不明確だが物理ベースのシーン生成
CN-117253400-B,CN,B,89133264,CN-202311417239-A,20260210,20231030,"Physical simulation experiment system, method and equipment based on geological structure","The invention discloses a physical simulation experiment system, a physical simulation experiment method and physical simulation experiment equipment based on a geological structure, and relates to the technical field of geological structures. Obtaining relevant geological data, geometric parameters, kinematic parameters and lithology parameters of a simulation area to be researched, constructing a sand box physical model of the simulation area to be researched by adopting a similarity constitutive relation method, determining the size of the sand box physical model, the size of magnetic fluid, the thickness of an overlying sand body and the range of the overlying sand body according to the relevant geological data, obtaining the magnetic fluid sand box physical model in an environment with zero magnetic field intensity, then adjusting the magnetic field intensity to a first preset intensity value to obtain the overlying sand box physical model, obtaining shear stress and yield stress, obtaining stratum viscosity relation according to the shear stress and the yield stress, and using the stratum viscosity relation to represent a physical simulation experiment result based on geological structures. The invention improves the accuracy and reliability of the physical simulation experiment data of the geological structure and greatly reduces the experiment consumable cost and the time cost.",,,Y02A90/30 | G09B23/40 | G09B9/00,G09B23/40 | G09B9/00,general,1,地質構造の物理シミュレーション実験(サンドボックス)。物理実験手法
CN-121503022-A,CN,A,98662563,CN-202511582108-A,20260210,20251031,Dynamic magnetic coupling structure design method,"The invention provides a dynamic magnetic coupling structure design method, which comprises the steps of determining a magnetic core model according to output power/secondary voltage and calculating an AP value of a constraint magnetic core, establishing a three-dimensional geometric model of a magnetic coupling coil, dispersing a solving domain in the three-dimensional geometric model through grids, conducting encryption/sparseness operation on the grids according to error values, setting boundary conditions according to actual working conditions, conducting iterative solution, controlling convergence accuracy within 10  ‑6  in the iterative process, keeping the AP value of the constraint magnetic core unchanged, and maximizing a coupling coefficient by changing the cross-section area and window area of the magnetic core, so that transmission efficiency is optimal. The automatic charging device is used for solving the problems of high cost, severe requirements on AGV charging coils and coil arrangement on a driving path and complex charging path of the dynamic wireless charging technology in the prior art.",,,G06T17/00 | G06F30/20,G06T17/00 | G06F30/20,general,1,動的磁気結合構造設計、境界条件。電磁設計手法
CN-121500019-A,CN,A,98667741,CN-202511615126-A,20260210,20251106,Microdischarge inhibition method based on microdischarge causes,"S1, continuously testing an insulating medium under different voltage levels and frequencies to obtain the relation between parameter changes and micro-discharge, wherein the method has the beneficial effects that the numerical relation between the parameter changes and the micro-discharge is accurately obtained by continuously testing the insulating medium under different voltage levels and frequencies and recording related parameter changes in detail, so that a rich and accurate data basis is provided for deep analysis of the micro-discharge causes, scientific understanding of a micro-discharge generation mechanism is facilitated, and a powerful support is provided for formulating an effective inhibition strategy; the ANSYS I CEPAK software is utilized to perform physical field simulation processing on a plurality of key aspects of the high-voltage power supply, physical parameters and boundary conditions are reasonably set, the physical field distribution condition of the high-voltage power supply in an actual working state is simulated, and the recording simulation result provides important data support for the subsequent analysis of the relationship between the micro-discharge phenomenon and the power supply parameters.",,,G06F30/27 | G06F30/23 | G01R31/00 | G01R31/20 | G01R31/1263,G06F30/27 | G06F30/23 | G01R31/20 | G01R31/00 | G01R31/12,general,1,微小放電抑制、物理場シミュレーション境界条件。設計解析目的
CN-121501372-A,CN,A,98666197,CN-202511639900-A,20260210,20251111,DLL simulation interface conforming and fault injection method for reuse carrier,"The invention relates to a DLL simulation interface conforming and fault injection method for a reusable carrier. The method comprises the steps of 1, automatically identifying parameter types and pointer marks through analyzing DLL function interface definitions, generating standardized parameter configuration, and constructing a unified DLL simulation container through designating input and output ports. 2. The initialization dynamic loading, single step execution and resource release of the DLL function are achieved by predefined start, step, stop functions. 3. Support for fault function hot switching based on external signals. The invention solves the problems of complex interface adaptation and insufficient safety in the traditional DLL integration, can be widely applied to embedded system simulation, hardware in-loop test and third-party closed source assembly integration scenes, and remarkably improves the flexibility, testability and safety of a simulation system.",,,G06F30/20 | G06F9/5022 | G06F9/45558 | G06F9/44521,G06F30/20 | G06F9/50 | G06F9/455 | G06F9/445,general,3,再利用キャリア向けDLLシミュレーションインタフェース適合+fault injection手法。HILテスト基盤
CN-121503008-A,CN,A,98676540,CN-202511532141-A,20260210,20251024,SBFEM-based analysis method for structural foundation interaction of regional non-uniform foundation gravity dam,"The invention discloses a method for analyzing structural foundation interaction of a partitioned non-uniform foundation gravity dam based on SBFEM, which realizes fine simulation of seismic wave propagation, reflection and energy dissipation processes under the condition of the partitioned non-uniform foundation through coupling modeling of a proportional boundary finite element method and a finite element method, avoids calculation deviation caused by simplifying boundary conditions or neglecting material non-uniformity in the traditional method, establishes a finite element model containing a layered foundation by utilizing general finite element software in the analysis process, realizes SBFEM core algorithm solution by programming software, and finally completes convolution integral and dynamic response analysis in a numerical calculation software platform to form a complete and efficient dynamic response analysis system. The earthquake response spectrum output by the method can truly reflect the dynamic characteristics under the coupling action of the foundation and the structure, has clear calculation logic and standard operation flow, and can effectively avoid the problem of analysis result distortion caused by oversimplification or conservation of the assumed conditions.",,,G06F2119/12 | G06F2119/14 | G06F17/11 | G06F17/15 | G06F17/14 | G06F17/16 | G06F30/23 | G06F30/13 | G06F30/20,G06F119/14 | G06F119/12 | G06F30/23 | G06F30/13 | G06F17/16 | G06F17/15 | G06F17/14 | G06F17/11 | G06F30/20,general,2,重力ダムのSBFEM地震応答解析、境界条件。地震(ハザード隣接)構造解析目的
CN-121503081-A,CN,A,98663147,CN-202511740741-A,20260210,20251125,Device and method for simulating hydraulic fracturing of multi-horizontal well of shale in stratum based on real-time CT scanning,"A simulated device and a simulated method for hydraulic fracturing of a multi-horizontal well of a shale in a stratum based on real-time CT scanning are used for obtaining a fracture form under the condition of construction parameters by adopting different well pattern hydraulic pressure physical simulation tests on a target reservoir according to a real-time CT scanning detection system, and a construction scheme is optimized and is suitable for the simulated test of hydraulic fracturing of the shale in the stratum and engineering application.",,,G06F2119/14 | G06Q50/02 | E21B43/26 | G06F30/20,G06Q50/02 | G06F119/14 | E21B43/26 | G06F30/20,general,1,シェールオイル水圧破砕物理シミュレーション。工学的手法でレアイベント生成ではない
CN-121502843-A,CN,A,98675150,CN-202511661670-A,20260210,20251113,Battery cooling plate design method integrating topological optimization and bionic design,"The invention discloses a battery cooling plate design method integrating topological optimization and bionic design, which comprises the following steps of firstly carrying out dimension reduction treatment, taking a cooling plate neutral layer as a topological optimization design domain, setting boundary conditions, establishing a two-dimensional topological model, describing fluid flow characteristics by adopting a Brinkman model, constructing a topological optimization model with a multi-objective optimization function and volume fraction as constraint conditions, carrying out optimal design on the two-dimensional topological model, outputting the topological optimization cooling plate, analyzing flow channels of the topological optimization cooling plate, filling solid areas by using a feather-shaped structure to obtain the bionic cooling plate, calculating the flow channels of the two by adopting a box dimension method, outputting the corresponding bionic cooling plate if the box dimension difference is smaller than a set threshold, and returning to a replacement link for correction if the box dimension difference is not smaller than the set threshold until the box dimension difference is smaller than the set threshold. The invention improves the structural stability and manufacturability while guaranteeing the heat radiation performance.",,,G06F2119/14 | G06F2113/08 | G06F2111/06 | G06N3/006 | G06F30/28 | G06F30/27 | G06F30/10 | Y02E60/10,G06N3/006 | G06F119/14 | G06F113/08 | G06F111/06 | G06F30/28 | G06F30/27 | G06F30/10,general,1,電池冷却プレートのトポロジー最適化、境界条件。設計最適化目的
CN-121503253-A,CN,A,98675145,CN-202511662227-A,20260210,20251113,Rapid prediction method for DNAPL pollutant migration in groundwater based on RRDB-UNet neural network,"The invention discloses a rapid prediction method for DNAPL pollutant migration in groundwater based on RRDB-UNet neural network, belonging to the technical field of polluted hydrogeology. Aiming at the problems of high cost and low efficiency of two-phase flow numerical simulation calculation in a low-permeability heterogeneous medium, the method provides a U-Net deep learning structure combining a residual error intensive module and a spatial attention mechanism so as to realize efficient prediction of space-time evolution of a saturation field. The method comprises the steps of generating a random permeability field through Karhunen-Loeve expansion and embedding the random permeability field into a low-permeability lens body structure, generating saturation field time sequence data in batches by utilizing COMSOL Multiphysics simulation, constructing a RRDB-UNet neural network model and training, and realizing single-step prediction and autoregressive prediction mode output by taking the permeability field and the initial saturation field as inputs. Experimental results show that the method can remarkably improve the calculation efficiency and the prediction accuracy in the low-permeability medium two-phase flow simulation, and has wide application prospects in the fields of groundwater pollution restoration, petroleum exploitation optimization and the like.",,,G06F2119/14 | G06F2113/08 | G06F2123/02 | G06F30/23 | G06N3/084 | G06F18/27 | G06F18/253 | G06F18/213 | G06N3/048 | G06N3/0464 | G06N3/045 | G06F30/28 | G06F30/27,G06N3/084 | G06N3/048 | G06N3/0464 | G06N3/045 | G06F123/02 | G06F119/14 | G06F113/08 | G06F30/28 | G06F30/23 | G06F18/27 | G06F18/25 | G06F18/213 | G06F30/27,general,3,DNAPL汚染予測。COMSOLシミュレーションでランダム透水率場から飽和場時系列データをバッチ生成しUNet訓練(地下水分野)
CN-121503133-A,CN,A,98675056,CN-202511652079-A,20260210,20251112,Underground acoustic attenuation model construction method based on random forest machine learning algorithm,"The invention discloses an underground acoustic attenuation model construction method based on a random forest machine learning algorithm, which comprises the following steps of S1, establishing an underground tubular column system three-dimensional model and converting the model into a two-dimensional axisymmetric simulation geometric model, wherein the three-dimensional model comprises an oil pipe, a base pipe, a sleeve, a packer, a reducing coupling and an acoustic wave generator, S2, setting acoustic-solid coupling physical field parameters, material properties, grid parameters, boundary conditions and acoustic source excitation based on the simulation geometric model, executing parameterization scanning simulation on a plurality of structural parameters to generate a simulation data set containing sound pressure level and frequency data, S3, extracting sample points by using Latin hypercube sampling based on the simulation data set and carrying out standardization processing, dividing the sample points into a training data set and a test data set, and S4, constructing the model based on the training data set by using a random forest algorithm and optimizing the super parameters through grid search to generate an underground acoustic attenuation prediction model. The prediction model can quickly respond to the performance prediction requirements of different well structure designs.",,,G06F30/27 | G06F30/23,G06F30/27 | G06F30/23,general,3,地下音響減衰モデル。構造パラメータのパラメータ化走査シミュレーションでデータセットを生成しML訓練(地下分野)
CN-115392131-B,CN,B,84127399,CN-202211123343-A,20260210,20220915,Near-field fluctuation numerical simulation method based on physical driving deep learning,"The invention relates to a near-field fluctuation numerical simulation method based on physical driving deep learning, which comprises a sampling step, a training step and a simulation step, wherein in the sampling step, space-time sampling points are acquired by a Sobol sequence algorithm, in the training step, an artificial neural network model and a loss function are constructed, an optimizer mode is optimized, and in the simulation step, the trained artificial neural network is adopted to predict a fluctuation equation solution of near-field fluctuation of any space-time point under any resolution and each order of partial derivative of the solution. The invention has the advantages of no grid, refinement, full transmission of wave field side boundary and the like, and aiming at typical working conditions, the neural network formed by training has generalization capability under different initial conditions, and can effectively improve the training efficiency of the network by combining migration learning.",,,G06F2111/10 | G06N3/08 | G06F30/27,G06N3/08 | G06F111/10 | G06F30/27,general,2,近傍場ゆらぎPINN、異なる初期条件下での汎化。物理+ML手法だが一般的方法論
CN-121500799-A,CN,A,98691636,CN-202511826045-A,20260210,20251205,Semi-physical simulation method and system based on FPGA neural network control method,"The invention discloses a semi-physical simulation method and a semi-physical simulation system based on an FPGA (field programmable gate array) neural network control method, wherein an aircraft dynamics model is operated at a simulation end, state variables such as attitude angle, speed, angular rate and the like are transmitted to the FPGA end in real time through Socket communication, a fixed-point neural network controller is arranged at the FPGA end, control instructions are inferred in a parallel flow mode and are transmitted back to the simulation end through a TCP/IP (transmission control protocol/Internet protocol) protocol, the system realizes zero-copy data transmission by adopting a PS-PL (packet switched protocol) cooperative bus, hardware-level inference acceleration is realized by combining a Vitis HLS and a PYNQ framework, and communication delay is smaller than 400 mu s. Through closed loop verification, the FPGA reasoning result and floating point simulation error is smaller than 4.5 multiplied by 10  ‑5 , and microsecond real-time response and high consistency of a flight control algorithm are realized.",,,G05B17/02,G05B17/02,general,2,FPGAニューラルネット制御の航空機半物理シミュレーション。試験基盤でレアイベント生成ではない
CN-121502976-A,CN,A,98671024,CN-202411090267-A,20260210,20240809,Rare event sensitivity calculation method and system for comprehensive energy system,"The invention discloses a method and a system for calculating rare event sensitivity of a comprehensive energy system, which sequentially establish a probability energy flow model of the comprehensive energy system, establish a characterization model of the rare event of the comprehensive energy system considering uncertainty of a random source model, decompose the rare event into larger probability events by adopting subset simulation, reduce the number of samples, accelerate the estimation of the rare event, lighten the calculation load, establish a multi-chaos agent model of the rare event probability, reduce the number of samples required by high-efficiency global sensitivity, and calculate the uncertain global sensitivity of the model parameters of the comprehensive energy system according to the rare event probability.",,,G06F2113/04 | G06F2119/08 | G06F2113/14 | G06F2111/08 | G06F30/20,G06F119/08 | G06F113/14 | G06F113/04 | G06F111/08 | G06F30/20,general,5,総合エネルギーシステムのレアイベント感度計算。サブセットシミュレーションでレアイベントを分解しマルチカオス代理モデルで確率を算出。目的に極めて合致(エネルギー分野)
CN-121502956-A,CN,A,98672793,CN-202511343113-A,20260210,20250919,Heat supply pipe network analysis solving method and system based on frequency spectrum decomposition,"The invention provides a heat supply pipe network analytic solution method and system based on spectrum decomposition, which belong to the technical field of heat supply simulation and comprise the steps of constructing and solving a primary network water supply matrix operation model based on a heat supply pipe network topological structure to obtain primary network water supply temperature, constructing an analytic response model based on a secondary network multi-node structure, performing spectrum decomposition on the primary network water supply temperature to obtain harmonic components serving as sine boundary conditions, obtaining analytic solution temperature of a secondary network first node by utilizing a characteristic equation and the sine boundary conditions of the analytic response model, and constructing and solving a primary network backwater and CHP inlet temperature calculation model based on the primary network water supply temperature and the analytic solution temperature of the secondary network first node to obtain primary network backwater temperature and CHP inlet temperature. According to the invention, the integral solution of the whole process of primary network water supply, secondary network heat exchange and primary network water return is realized from the viewpoint of heat flow, so that the whole process of the heat supply network is efficiently simulated.",,,G06F2113/08 | G06F2119/08 | G06F17/16 | G06F17/13 | G06F30/20 | G06F30/18,G06F119/08 | G06F113/08 | G06F30/20 | G06F17/16 | G06F17/13 | G06F30/18,general,1,熱供給網解析解法、境界条件。物理計算手法
CN-121505956-A,CN,A,98658012,CN-202512037385-A,20260210,20251231,Medical operation training system based on virtual simulation technology,"The invention discloses a medical operation training system based on a virtual simulation technology, which relates to the technical field of medical simulation training, and comprises a simulation human model, a training project management platform and a training program management system, wherein the simulation human model is used for simulating the physiological state of a patient and detecting operation data, the simulation human model comprises a pressure sensing unit arranged at a chest pressing position, an air flow sensing unit arranged at a circuit board position of a waist and a Bluetooth sensing unit, and the training project management platform comprises a virtual scene display module, wherein the virtual scene display module is used for generating a virtual scene and a virtual patient which are synchronous with the physiological state of the simulation human model in real time. According to the medical operation training system, by innovatively fusing the virtual simulation and the physical simulation technology, the effect and the practicability of medical operation training are remarkably improved, the physical simulation human model is utilized to accurately simulate the physiological state of a patient, the near-real tactile feedback is provided, the problem of insufficient realism of the operation feedback in the pure virtual simulation is solved, the immersion of a learner is enhanced, and the training cost is reduced.",,,G09B23/288 | G09B9/00,G09B23/28 | G09B9/00,general,2,仮想+物理シミュレーション融合の医療手技訓練システム。訓練シミュレータだが物理レアイベント生成が主眼ではない
CN-121500943-A,CN,A,98675535,CN-202511830590-A,20260210,20251206,Full flight profile test evaluation method based on virtual-real combined flight control simulation,"The invention belongs to the technical field of semi-physical simulation, and particularly relates to a full flight profile test evaluation method based on virtual-real combined flight control simulation, which comprises the following steps of 1, constructing a semi-physical system topology architecture; step 2, developing full flight profile test evaluation based on virtual-real combined flight control simulation based on the constructed topological structure of the semi-physical subsystem; the invention can be obviously superior to the traditional method in terms of safety, cost effectiveness and efficiency through the integration of the virtual simulation with high confidence and the physical subsystem. The method can provide more diversified testing environments, reduce the requirements of actual flight testing, reduce cost and risk, and improve the accuracy and depth of data acquisition and analysis. This approach provides a more advanced and comprehensive solution for testing and evaluation of flight control systems.",,,G05B17/02 | G05B23/0208,G05B17/02 | G05B23/02,general,2,飛行制御の仮想実結合半物理シミュレーション試験評価。多様なテスト環境を提供するが評価手法が主眼
CN-121500387-A,CN,A,98664268,CN-202511597479-A,20260210,20251104,Well distributed optical fiber and surface detector data combined full-waveform inversion modeling method,"The invention discloses a well distributed optical fiber and surface wave detector data combined full-waveform inversion modeling method, which relates to the technical field of exploration geophysics and comprises the steps of establishing a pressure-strain rate equation, obtaining input data, simulating and calculating a strain rate and a pressure wave field based on the pressure-strain rate equation, simultaneously obtaining data synthesized by a wave detector and DAS, constructing a well-ground combined inversion target functional, using an accompanying state method to derive the target functional to obtain an accompanying source, loading the accompanying source to a physical component corresponding to the pressure-strain rate equation to serve as a boundary condition to carry out counter-transmission to obtain an accompanying wave field, carrying out cross-correlation on a positive transmission synthetic wave field of the pressure and the accompanying wave field to obtain a velocity gradient, further calculating energy distribution of the seismic wave field to construct an illumination item, and carrying out iterative updating on model parameters by using an optimization algorithm to realize well-ground combined full-waveform inversion. The method of the invention can greatly improve inversion precision, stability and reliability while guaranteeing data physical consistency.",,,G01V2210/665 | G01V2210/679 | G01V2210/74 | G06F30/20 | G01V1/345 | G01V1/282 | G01V1/325 | G01V1/28,G06F30/20 | G01V1/34 | G01V1/32 | G01V1/28,general,1,坑井-地表結合フルウェーブフォームインバージョン、境界条件。地球物理逆解析手法
CN-121480260-A,CN,A,98616798,CN-202511556293-A,20260206,20251029,PINN proxy model construction method based on inaccurate sparse sampling information,"The invention discloses a PINN agent model construction method based on inaccurate sparse sampling information, which particularly relates to the field of physical field reconstruction, and comprises the steps of performing sparse sampling on a coarse grid result with lower calculation cost or reading data possibly with deviation from a small number of sensors, forming sparse inaccurate tag data, normalizing the sparse inaccurate tag data, simultaneously carrying out equivalent normalization on physical information by utilizing normalization parameters of the tag data, wherein the physical information is expressed through a control equation and boundary conditions, constructing a physical information neural network based on a physical model of a current problem, constructing a data residual on the sparse inaccurate tag data, multiplying a trainable parameter for describing the reliability of the data residual and correcting in a training process, constructing the physical information residual at more dense structured nodes, and training the neural network to obtain an agent model of a corresponding physical field, thereby realizing efficient reconstruction of any resolution and local detail of the physical field.",,,G06F2119/14 | G06F2111/10 | G06N3/084 | G06N3/048 | G06N3/042 | G06F17/13 | G06F17/11 | G06F30/27,G06N3/084 | G06N3/048 | G06N3/042 | G06F119/14 | G06F111/10 | G06F17/13 | G06F17/11 | G06F30/27,general,1,疎サンプリングPINN代理モデル、境界条件。物理+ML再構成手法
CN-121480228-A,CN,A,98623958,CN-202511372423-A,20260206,20250924,Heat supply pipe network heat loss real-time monitoring and energy efficiency evaluation system,"The application belongs to the technical field of heat loss monitoring of a heat pipe network, and discloses a heat loss real-time monitoring and energy efficiency evaluation system of a heat supply pipe network, which comprises a temperature measurement unit, a heat loss calculation unit, a contribution degree determination unit, an energy efficiency dynamic evaluation unit and a visual display unit; the heat loss calculation unit can take the temperature data set as a boundary condition to be substituted into a pre-constructed finite element model, and calculate the additional heating loss power directly caused by the bracket based on the actual total heat dissipation. According to the application, by calculating and processing the heating loss of the bracket part, the energy efficiency evaluation result of the heating pipe network is more real and comprehensive, unprecedented data support is provided for accurate energy conservation, and the technical problems that the temperature field gradient is large and the traditional sparse distribution point is difficult to accurately measure under a complex structure are solved.",,,G06F2119/06 | G06F2119/02 | G06F2111/10 | G06F2119/08 | G06Q10/20 | G06Q10/04 | G06F30/23 | G06F30/27,G06Q10/20 | G06Q10/04 | G06F119/08 | G06F119/06 | G06F119/02 | G06F111/10 | G06F30/23 | G06F30/27,general,1,熱供給網熱損失監視、境界条件。インフラ監視目的
CN-115293037-B,CN,B,83825852,CN-202210926817-A,20260206,20220803,River and lake composite system hydrodynamic modeling method based on machine learning,"The embodiment of the application provides a river and lake composite system hydrodynamic modeling method based on machine learning, wherein boundary conditions of a one-dimensional hydrodynamic model provide input for machine learning, and output of the machine learning provides complex boundary conditions and downstream boundary conditions at a river and lake junction for the one-dimensional hydrodynamic model. The method improves the operation efficiency of hydrodynamic force simulation of the river and lake composite system, can quickly calculate the water level and flow of the important section position of the river and lake composite system, simultaneously reduces the requirement on topography data, does not need to input complex lake topography elevation survey data, and can effectively improve the water level simulation precision of the section near the downstream boundary.",,,G06F2113/08 | G06F30/27 | G06F30/28,G06F113/08 | G06F30/28 | G06F30/27,general,1,河川-湖沼水理ML境界条件モデリング。物理+ML手法
CN-121480316-A,CN,A,98626686,CN-202511729441-A,20260206,20251124,Multi-axis machining physical simulation method based on matrix mapping,"The invention discloses a multi-axis machining physical simulation method based on matrix mapping, which comprises the steps of firstly dispersing and mapping a cutter cutting edge and a cutter-workpiece cutting contact area with any shape into a unified two-dimensional matrix coordinate system to generate a cutter edge position matrix and a cutting contact area matrix, then calculating the instantaneous cutting thickness of each discrete point in the cutting contact area by analyzing complex kinematics of multi-axis machining to generate a cutting thickness matrix, finally determining effective cutting edge points by combining three matrixes at each moment of simulating cutter rotation, inputting relevant cutting parameters into a calculation model, predicting physical simulation parameters such as micro-element force, cutting temperature and the like according to characteristics such as cutting thickness and finally obtaining physical simulation parameters in a required coordinate space after coordinate transformation and synthesis. The method can rapidly and accurately predict the multi-axis machining physical simulation parameters in any complex cutting contact area, and has the advantages of strong geometric processing capability, good modularization and universality and high calculation efficiency.",,,G06F2119/14 | G06T17/00 | G06F30/27,G06T17/00 | G06F119/14 | G06F30/27,general,1,多軸加工物理シミュレーション。製造プロセスシミュレーションでレアイベント生成ではない
CN-121483447-A,CN,A,98610280,CN-202511571221-A,20260206,20251030,Metamaterial structure design method based on artificial intelligence generation model,"The invention discloses a metamaterial structure design method based on an artificial intelligence generation model, which comprises the steps of constructing a mapping framework from multi-granularity text description to a physical field, injecting physical constraint into a diffusion generation network through LoRA fine tuning, converting the text description into the physical field, utilizing hypergraph neural network modeling field to divide high-order interaction among fields, taking optimized physical field representation as a structure generation network input by boundary conditions, and generating a metamaterial structure which keeps strict consistency with a target physical field. Besides the method and the device can meet the requirement of inputting multi-granularity text description and generating a metamaterial structural design, the cascading characteristics of the framework can directly receive a physical field as input, so that the application scene of structural replacement is met, for example, the structural design consisting of materials which are difficult to process or high in processing cost is replaced by the structural design consisting of materials which are easy to process and lower in cost.",,,G06F2111/10 | G06F2111/04 | G06N3/0455 | G06N3/0464 | G06N3/0475 | G06N3/042 | G06F30/27 | G06F30/23 | G16C60/00,G06N3/0475 | G06N3/0464 | G06N3/0455 | G06N3/042 | G06F111/10 | G06F111/04 | G06F30/27 | G06F30/23 | G16C60/00,general,2,AI生成モデルによるメタマテリアル設計、物理制約境界条件。生成的設計手法だがレアイベント生成ではない
CN-121480005-A,CN,A,98617434,CN-202511364789-A,20260206,20250923,Modeling method for photon transmission mechanism of optical fiber cone-CMOS coupling system,"The invention discloses a modeling method of a photon transmission mechanism of an optical fiber cone-CMOS coupling system, which belongs to the technical field of physical simulation, and comprises the steps of constructing an optical fiber cone-CMOS coupling system model and initializing parameters; the optical fiber light cone-CMOS coupling system comprises a light source, an optical fiber light cone and a CMOS sensor, wherein the model is used for generating and tracking light rays, performing light ray-object intersection simulation test, calculating the transmittance of the optical fiber light cone and counting the spatial distribution and the energy distribution of photons on the surface of the CMOS sensor based on the light ray-object intersection simulation test result. The invention can explore the influence of different taper ratios and taper lengths on the light transmission characteristics of the optical fiber taper and the photon distribution rule on the CMOS sensor, thereby providing theoretical basis and method support for optimizing the structural design of the optical fiber taper-CMOS sensor coupling system and improving the coupling efficiency.",,,G06F2111/10 | G06T17/00 | G06T15/506 | G06T15/06 | G06F30/10 | G06F30/20,G06T17/00 | G06T15/50 | G06T15/06 | G06F111/10 | G06F30/10 | G06F30/20,general,1,光ファイバーコーン-CMOS光子伝搬モデリング。光学物理シミュレーション
CN-121483445-A,CN,A,98619024,CN-202511518416-A,20260206,20251023,Equi-geometric analysis-based method for calculating multidirectional stress of composite material laminated plate,"The invention belongs to the field of composite material simulation, and provides a method for calculating the directional stress of a composite material laminated plate based on isogeometric analysis, which comprises the steps of establishing a mapping relation between a physical model and a spline surface based on the size of the composite material laminated plate, establishing a displacement strain relation of the composite material laminated plate through a high-order shear deformation function, establishing a stress strain relation of the composite material laminated plate through a constitutive equation, the displacement of a control point on the composite material laminated plate is solved and obtained by applying boundary conditions, adopting an isogeometric analysis method and a virtual work principle and a discrete balance equation, and the stress distribution in the plate thickness direction of the composite material laminated plate is obtained by a displacement strain relation, a constitutive equation and a high-order shear deformation function, so that the stress calculation of the composite material laminated plate is completed. The method has the advantages of high solving efficiency, accurate obtained stress value, small simulation calculation amount and great significance for evaluating the structural strength of the composite material.",,,G06F2113/26 | G06F2111/04 | G06F2119/14 | G06F30/20 | G16C60/00 | Y02T90/00,G06F119/14 | G06F113/26 | G06F111/04 | G06F30/20 | G16C60/00,general,1,複合材積層板応力の等幾何解析、境界条件。構造計算手法
CN-121479943-A,CN,A,98620633,CN-202511437251-A,20260206,20251009,Gas turbine performance quantitative evaluation method and system based on blade tip abrasion,"The embodiment of the application provides a quantitative evaluation method and a quantitative evaluation system for turbine performance of a gas turbine based on blade tip abrasion, wherein the method comprises the steps of obtaining turbine geometric parameters of a target gas turbine, constructing a turbine three-dimensional model based on the geometric parameters, establishing a dynamic association relation of random group operation time length changes of cold blade tip clearances of turbine blades based on periodical overhaul actual measurement data, establishing a numerical calculation grid based on the turbine three-dimensional model, setting multi-load working condition boundary conditions, determining operation thermal deformation amounts of the turbine blades under different loads corresponding to the unit operation time length through multi-physical field coupling numerical calculation, determining hot blade tip clearances with different operation time lengths based on the dynamic association relation and the operation thermal deformation amounts, constructing a turbine numerical calculation model corresponding to the operation time length and the load working conditions based on the hot blade tip clearances, comparing the performance parameters of the different blade tip clearances under the same boundary conditions, and quantifying the influence of the blade tip abrasion on the turbine performance.",,,G06F2119/14 | G06F2119/08 | G06F2111/10 | G06F30/20 | G06F30/17,G06F119/14 | G06F119/08 | G06F111/10 | G06F30/20 | G06F30/17,general,1,ガスタービン翼先端摩耗評価、多負荷境界条件。物理性能評価目的
CN-121479879-A,CN,A,98627908,CN-202511496966-A,20260206,20251020,Method for determining out-of-plane model of cable structure with cross-inside lateral spring support,"The invention discloses an out-of-plane model determining method of a cable structure with a lateral spring support arranged in a crossing manner, which comprises the following steps of 1) establishing a single-gear cable-multipoint spring constraint system with lateral spring constraint to obtain a general solution of an out-of-plane self-vibration model of the system, 2) establishing a local coordinate system for each cable segment to obtain a local model function of each segment of cable, 3) establishing boundary conditions, wherein the boundary conditions comprise that displacement of two ends of the cable is 0 and displacement of the spring support is continuous, 4) obtaining a model function of an arbitrary cable segment structure according to the boundary conditions in the step 3), 5) obtaining constraint conditions according to force balance at spring constraint points, 6) establishing an overrun equation by utilizing the force balance of the spring constraint points, and 7) solving the overrun equation to obtain frequency and vibration mode of the cable structure. The method provides a theoretical basis for vibration control design of the lateral restraint cable system, and remarkably reduces test and numerical simulation cost.",,,G06F30/20 | G06F30/13 | G01M13/00,G06F30/20 | G01M13/00 | G06F30/13,general,1,ケーブル構造振動モデル、境界条件。構造計算手法
CN-121480264-A,CN,A,98630652,CN-202511569888-A,20260206,20251030,Intelligent system failure analysis method based on fault identification,"The invention discloses an intelligent system failure analysis method based on fault identification, which relates to the technical field of intelligent system reliability analysis, and the specific steps of the analysis method are that Modelica is adopted to construct a multi-physical-domain digital twin model, and historical data are combed to construct a structured fault mode library; the method comprises the steps of developing a fault injection algorithm to collect data to form a standardized data set, preprocessing the data to construct a causal link and a probability flow network, combing task scenes to construct a reliability assessment model and training, inputting actual parameters to trace faults to generate an optimized plan, and outputting an analysis report and the plan after verification.",,,G06F2119/02 | G06N20/00 | G06F30/27,G06N20/00 | G06F119/02 | G06F30/27,general,4,知的システム故障解析。Modelicaマルチフィジックスデジタルツイン+fault injectionアルゴリズムで標準化故障データセットを構築し信頼性評価モデルを訓練。目的に合致
CN-121480130-A,CN,A,98623791,CN-202511322312-A,20260206,20250916,"Method, system, equipment and medium for calculating diffusion distribution concentration of dissolved gas in transformer oil","The invention discloses a method, a system, equipment and a medium for calculating the diffusion distribution concentration of dissolved gas in transformer oil, which relate to the technical field of power equipment state monitoring and fault diagnosis and comprise the steps of establishing a three-dimensional dynamic transportation model of the dissolved gas in the oil in a transformer, setting initial release conditions of the three-dimensional dynamic transportation model, setting limited boundary conditions of the three-dimensional dynamic transportation model, and solving the three-dimensional dynamic transportation model by an integral transformation method to obtain a gas concentration distribution function under the instantaneous gas production source, constructing three-dimensional gas concentration distribution under the continuous gas production state by time integration based on the instantaneous gas production concentration distribution, and calculating the concentration of dissolved gas in oil by combining the fluid motion parameters in the transformer. The method realizes high-precision and high-efficiency calculation of the concentration distribution of the dissolved gas in the transformer oil, solves the problem that the traditional method cannot consider the calculation speed and the calculation precision, and provides a core technical support for real-time monitoring and digital twinning of the transformer faults.",,,G06F2113/08 | G01R31/00 | G01N25/20 | G01N25/00 | G01N13/00 | G01N33/28 | G01N33/26 | G06F17/13 | G06F16/284 | G06F30/28 | G06F30/27 | G06F30/23,G06F113/08 | G06F30/28 | G06F30/27 | G06F17/13 | G06F16/28 | G01R31/00 | G01N33/28 | G01N33/26 | G01N25/20 | G01N25/00 | G01N13/00 | G06F30/23,general,1,変圧器油中ガス拡散計算、境界条件。物理計算手法
CN-120145826-B,CN,B,95944613,CN-202510207936-A,20260206,20250225,FCNN-based satellite electromagnetic docking process generalization simulation method,"The invention discloses a satellite electromagnetic docking process generalization simulation method based on FCNN, which belongs to the field of spacecraft electromagnetic docking dynamics simulation and comprises the following steps of firstly generating magnetic field data of electromagnetic actuators of different types under random excitation current through finite element simulation, constructing and training FCNN-D models to realize prediction of input of parameters, spatial positions and currents of the actuators to magnetic field intensity, secondly collecting stress data of the actuators in an external magnetic field, constructing FCNN-F models to predict electromagnetic force/moment by taking model, pose and currents of the actuators as input, then carrying out dynamics simulation, carrying out stepping input on the force/moment calculated by FCNN-F, calculating electromagnetic force according to the current pose in each step simulation, updating Wei Xingwei poses until boundary conditions are met, and finally realizing the docking process visualization. The invention utilizes FCNN to avoid electromagnetic force/moment model, solves the defect of limited application scale of electromagnetic simulation, and obtains a full-scale and high-precision electromagnetic butt joint simulation method.",,,G06F2119/14 | G06F30/23 | G06F30/27,G06F119/14 | G06F30/23 | G06F30/27,general,2,衛星電磁ドッキングFCNNシミュレーション、境界条件。物理+ML手法
CN-121480029-A,CN,A,98620920,CN-202511550335-A,20260206,20251028,"Photovoltaic system fault modeling simulation method, device, equipment and storage medium","The application relates to a photovoltaic system fault simulation method, device, equipment and medium, wherein the method comprises the steps of carrying out equivalent circuit modeling according to physical characteristic parameters of a photovoltaic module to obtain an equivalent circuit model of the photovoltaic module; performing array modeling based on a photovoltaic module equivalent circuit model to obtain a photovoltaic array model containing the characteristic of uneven parameter distribution among modules, performing fault coupling modeling according to a preset fault type and a corresponding logic relation to obtain a multi-fault coupling model, performing model coupling processing on the photovoltaic array model and the multi-fault coupling model to obtain a photovoltaic system fault model, and performing fault simulation according to the photovoltaic system fault model to obtain a photovoltaic system fault simulation result. By adopting the method, the conditions of uneven parameter distribution and multi-fault coupling among modules in the photovoltaic system can be accurately simulated, and the accuracy of fault early warning and the scientificity of operation and maintenance decisions are improved.",,,G06Q50/06 | G06F30/20,G06Q50/06 | G06F30/20,general,3,太陽光発電システム故障モデリングシミュレーション。モジュール間パラメータ不均一分布のマルチ故障結合シミュレーション(エネルギー分野)
CN-121483408-A,CN,A,98617304,CN-202511391913-A,20260206,20250926,Lithium ion battery lithium precipitation quantitative grading evaluation method based on electrochemical simplified model,"The invention discloses a lithium ion battery lithium analysis quantitative grading evaluation method based on an electrochemical simplified model, which utilizes a voltage curve of the simplified electrochemical-lithium analysis model to simulate a battery under different temperatures and working conditions to determine lithium analysis conditions and lithium analysis trigger current boundary values of the battery, calculates reversible lithium analysis quantity, irreversible lithium analysis quantity and total lithium analysis quantity of the battery, takes the determined lithium analysis trigger current boundary values as initial conditions of the model, simulates lithium analysis quantity change and capacity attenuation rate in a battery circulation process, establishes association relation between lithium analysis degree and capacity attenuation rate, determines grading indexes and values of lithium ion battery lithium analysis degree, utilizes the electrochemical simplified model and the lithium analysis model to dynamically simulate and calculate the irreversible lithium analysis quantity in the battery operation process, and combines the battery capacity attenuation rate to realize the grading evaluation of lithium analysis of the battery. The invention can quickly simulate the lithium precipitation conditions and lithium precipitation amount of the battery under different working conditions, and realize automatic grading evaluation of lithium precipitation of the battery in operation.",,,G06F2119/02 | G06F30/20 | G16C20/60 | G16C20/10,G16C20/60 | G06F119/02 | G06F30/20 | G16C20/10,general,2,電池リチウム析出電気化学シミュレーション、異なる作動条件下。劣化評価目的
CN-121477679-A,CN,A,98625136,CN-202511808909-A,20260206,20251203,Dynamic simulation test verification method and system for monitoring system of pumped storage unit,"The invention discloses a dynamic simulation test verification method and system for a pumped storage unit monitoring system, which comprises the steps of establishing a high-dimensional system state matrix of the pumped storage unit based on physical parameters and structural characteristics of hydraulic, mechanical and electrical systems of the unit, performing dimension reduction treatment on the high-dimensional system state matrix to obtain a dynamic simulation model of multi-physical field coupling of the unit, constructing a multidimensional parameter space based on parameter sensitivity coefficients and working condition boundary conditions of the dynamic simulation model, calculating optimal test point distribution through a high-dimensional point flow diameter algorithm to obtain a test scene library, obtaining a real-time monitoring signal sequence conforming to a communication protocol of the monitoring system based on the dynamic simulation model and the test scene library, and testing signal acquisition, logic judgment and alarm control functions of the monitoring system through an automatic test script based on the real-time monitoring signal sequence to obtain a performance evaluation result of the monitoring system. The invention improves the comprehensiveness and effectiveness of the test of the monitoring system of the pumped storage unit.",,,G05B17/02,G05B17/02,general,3,揚水発電監視動的シミュレーション検証。作動条件境界条件からテストシーンライブラリを生成(エネルギー分野)
CN-121480238-A,CN,A,98620758,CN-202511426371-A,20260206,20250930,Single particle selective reinforcement method based on machine learning,"The invention relates to a single particle selective reinforcement method based on machine learning. The method comprises the steps of reading basic information and structural information of triggers in a target circuit, randomly extracting part of triggers to perform fault injection, counting soft error rates and functional masking rates of the triggers to obtain a golden model, training weight factors of different features of the soft error rates and the functional masking rates through the golden model respectively, clustering all the triggers in the circuit by using K-Means classifiers with feature weights for the soft error rates and the functional masking rates respectively, and determining sensitive triggers in the circuit and selectively reinforcing the sensitive triggers by arranging products of the soft error rates and the functional masking rates. The invention reduces the number of fault injection times required by the circuit, thereby improving the efficiency and being applicable to the selective design reinforcement for coping with single-particle soft errors in the integrated circuit design.",,,G06F2119/02 | G06N20/00 | G06F18/213 | G06F18/214 | G06F18/23213 | G06F30/25 | G06F30/27,G06N20/00 | G06F119/02 | G06F30/25 | G06F18/23213 | G06F18/214 | G06F18/213 | G06F30/27,general,3,単一粒子選択強化ML。fault injectionでソフトエラー率を取得(半導体分野)
CN-120317119-B,CN,B,96332171,CN-202510394638-A,20260206,20250331,"Three-dimensional space field prediction method, device, equipment and medium based on large model and data compression","The application discloses a three-dimensional spatial field prediction method, device, equipment and medium based on a large model and data compression, and relates to the field of spatial field prediction. The method comprises the steps of generating a dynamic three-dimensional space field data set of each irregular grid under different boundary conditions in a simulation mode, mapping the irregular grids into regular grids, compressing dynamic three-dimensional space field data by using a downsampling method, constructing a training set according to the three-dimensional space field compressed data and the boundary conditions and the three-dimensional space field compressed data at the next historical moment, thereby training a large model pre-training network, combining a 3D convolutional neural network and a self-encoder structure, obtaining a three-dimensional space field prediction large model, and predicting three-dimensional space field distribution at the future moment by using the model. The application can accurately and efficiently predict the three-dimensional space field.",,,G06F2119/14 | G06F2119/08 | G06F2113/08 | G06N3/0455 | G06N3/0464 | G06F18/217 | G06F18/214 | G06F30/27,G06N3/0464 | G06N3/0455 | G06F119/14 | G06F119/08 | G06F113/08 | G06F18/214 | G06F18/21 | G06F30/27,general,3,大規模モデルによる3次元空間場予測。異なる境界条件下でのシミュレーションデータセットを生成し訓練
CN-121480306-A,CN,A,98625310,CN-202511663746-A,20260206,20251113,Neural network-based rapid heat transfer simulation method and device,"The application discloses a method and a device for simulating rapid heat transfer based on a neural network, and relates to the technical field of physical simulation. The method comprises the steps of training a hybrid neural network model, learning operator mapping from an input function to a temperature or a heat flow field, encoding physical constraints such as a heat conduction partial differential equation and the like into a loss function, carrying out single forward inference by using the operator mapping for a new simulation task, quickly generating an initial prediction result, calculating a physical residual error of the initial prediction according to the encoded physical constraints, and carrying out a small amount of optimization iteration to quickly and locally correct when the residual error exceeds a preset threshold value by taking the prediction as an initial value. The application solves the problems of long calculation time consumption of the traditional numerical method and insufficient physical fidelity of the traditional neural network method, and realizes high efficiency and high precision of heat transfer simulation.",,,G06F2119/08 | G06F2111/04 | G06N3/08 | G06N3/045 | G06N3/042 | G06F30/27,G06N3/08 | G06N3/045 | G06N3/042 | G06F119/08 | G06F111/04 | G06F30/27,general,1,ニューラルネットによる高速伝熱シミュレーション、物理制約。物理+ML手法
CN-117148739-B,CN,B,88911177,CN-202311080648-A,20260206,20230825,SOFC-PV/T-HP semi-physical simulation system design method,"A design method of an SOFC-PV/T-HP semi-physical simulation system comprises physical equipment, operation monitoring software of the physical equipment and a simulation model, and comprises the following steps of firstly establishing a basic structure of the SOFC-PV/T-HP system and a steady-state model of the equipment, carrying out capacity configuration on virtual equipment based on the steady-state model on the basis of capacity of the PV/T-HP physical equipment, establishing an equipment mechanism model, setting up a dynamic simulation model of a cogeneration system according to the capacity of the equipment, initializing virtual equipment parameters and simulation initial parameters, setting up a communication interface of the physical equipment and the virtual equipment, realizing data transmission of the physical equipment and the virtual equipment, carrying out semi-physical simulation, carrying out control system design according to the dynamic characteristics of the system, and carrying out control operation on the semi-physical simulation system according to equipment control parameters. The invention reduces the research cost, improves the control experiment research safety and research efficiency, and has higher credibility compared with the control research by adopting a simulation model.",,,G05B17/02,G05B17/02,general,2,SOFC-PV/T-HP半物理シミュレーションシステム設計。シミュレーション基盤設計
CN-121480312-A,CN,A,98610825,CN-202511694962-A,20260206,20251118,Sea state mapping-based FPV system strength evaluation method,"The invention discloses a sea state mapping-based FPV system strength evaluation method, which belongs to the technical field of floating photovoltaic system design, and comprises the following steps of 1 inputting preliminary parameters established by an FPV system and establishing a preliminary design scheme of the FPV system, 2 establishing a local strength model of the FPV system by using the preliminary parameters, 3 inputting sea state parameters, calculating a time domain dynamic response result by using the sea state parameters, generalizing, 4 determining an environment boundary condition according to the generalization result, 5 carrying out strength evaluation on the FPV system by combining the boundary condition, and 6 generating an optimal design decision guide according to the strength evaluation result.",,,B63B2035/4453 | G06F2119/14 | G06F2119/02 | B63B35/44 | G06F30/27,G06F119/14 | G06F119/02 | B63B35/44 | G06F30/27,general,2,浮体式太陽光発電の海象境界条件下強度評価。環境条件変動下の設計評価目的
CN-121480989-A,CN,A,98624759,CN-202610004202-A,20260206,20260105,Power distribution network toughness improving method based on data fusion algorithm,"The invention belongs to the technical field of power distribution networks, and provides a power distribution network toughness improving method based on a data fusion algorithm, which comprises the steps of collecting and fusing multi-dimensional data of the power distribution network, identifying regional-level toughness blocks with similar toughness characteristics by using a clustering algorithm, and identifying system-level toughness key nodes with the greatest influence on the overall survivability of a system by combining a complex network theory and fault simulation to form a toughness region and key node set; aiming at the toughness region and the key node set, evaluating the node level, region level and system level toughness index values corresponding to different distributed resource space allocation schemes under a preset extreme scene, and calculating the toughness increment by comparing whether the toughness increment exists or not. An optimization model integrating the verified causal relationship and multi-objective coordination is established, and a scientific resource allocation strategy which ensures the maximization of the overall toughness of the system and gives consideration to the balance of the toughness among areas is output, so that the precision, reliability and coordination promotion of the toughness of the power distribution network are realized.",,,G06F2111/06 | G06F2113/04 | G06F30/20 | G06F18/22 | G06F18/23213 | G06Q50/06 | G06Q10/06313 | G06Q10/063 | H02J3/381 | H02J3/00,H02J103/35 | H02J3/38 | H02J3/00 | G06Q50/06 | G06Q10/0631 | G06F113/04 | G06F111/06 | G06F30/20 | G06F18/23213 | G06F18/22 | G06Q10/063,general,3,配電網靭性向上。複雑ネットワーク理論+fault simulationでレジリエンスノードを特定、極限シーン下で評価(エネルギー分野)
CN-121480227-A,CN,A,98625354,CN-202511364792-A,20260206,20250923,Optical fiber cone modeling and transmittance calculating method,"The invention discloses a fiber light cone modeling and transmittance calculating method, which belongs to the technical field of three-dimensional modeling and physical simulation, and comprises the steps of constructing a simplified fiber light cone three-dimensional physical model; classifying the primary multifilament rods according to radial distances based on a simplified three-dimensional physical model of the optical fiber taper, and counting to obtain a functional relation between the number of the primary multifilament rods and the radial distances, wherein the radial distances refer to the distances between the central position of the primary multifilament rod on the end face of the large end of the optical fiber taper and the central position of the optical fiber taper, the transmittance of the primary multifilament rods is calculated in a numerical simulation mode to obtain the transmittance of the primary multifilament rods with different radial distances, a curve between the radial distances and the transmittance is fitted, and the effective transmittance of the optical fiber taper is calculated based on the functional relation and the curve. The invention can realize efficient modeling of the optical fiber cone and effectively balance the calculation precision and the calculation complexity.",,,G06F2111/10 | G06F18/243 | G06T17/00 | G06F30/10 | G06F30/27,G06T17/00 | G06F111/10 | G06F30/10 | G06F18/243 | G06F30/27,general,1,光ファイバーコーンモデリング透過率計算。光学物理シミュレーション
CN-121477675-A,CN,A,98623869,CN-202411065566-A,20260206,20240805,Helicopter simulation system with 6-degree-of-freedom turntable,"The invention relates to a helicopter simulation system based on a 6-degree-of-freedom turntable. The system simulates various attitudes and motion states of the helicopter in flight through the 6-degree-of-freedom turntable, and combines a high-precision sensor and simulation software to realize real-time simulation of the flight process of the helicopter. Experiments show that the system can efficiently and accurately simulate the flight characteristics of the helicopter, and is suitable for pilot training and flight performance testing. The technical scheme is that the three-degree-of-freedom semi-physical simulation platform and the experimental method of the single-rotor unmanned aerial vehicle are provided. The prior art can only perform the algorithm simulation of the controller, and has no education training and flight training functions of the simulation system. The existing simulation system is difficult to comprehensively simulate the complex flight attitude and motion state of the helicopter. This patent provides a helicopter simulation system based on 6 degrees of freedom revolving stage, can effectively solve this problem.",,,G05B17/02,G05B17/02,general,2,ヘリコプター6自由度ターンテーブルシミュレータ。訓練シミュレータ一般
CN-121469637-A,CN,A,98618381,CN-202610014338-A,20260206,20260107,"Vehicle track generation method, device and medium based on variable neighborhood search","The invention belongs to the technical field of automatic driving, and relates to a vehicle track generation method, device and medium based on variable neighborhood search, wherein a trapezoid neighborhood and an annular neighborhood at the moment t are constructed, a track planning path equation of a vehicle and boundary conditions thereof are constructed, when the curvature change rate of a road where the vehicle is located is smaller than a preset threshold value, the trapezoid neighborhood at the moment t+1 in the track planning path of the vehicle is used as a constraint, the track planning path equation of the vehicle and the boundary conditions thereof are solved, when the curvature change rate of the road where the vehicle is located is greater than or equal to the preset threshold value, the annular neighborhood at the moment t+1 in the track planning path of the vehicle is used as the constraint, the track planning path equation of the vehicle and the boundary conditions thereof are solved, and a track candidate set of the vehicle is obtained.",,,B60W2520/125 | B60W2520/12 | B60W2520/105 | B60W2520/10 | B60W2050/0043 | B60W2050/0031 | G06Q10/047 | B60W50/0098 | B60W60/0011,G06Q10/047 | B60W50/00 | B60W60/00,general,2,可変近傍探索による車両軌道生成、境界条件。オンライン軌道計画手法
CN-121483133-A,CN,A,98623587,CN-202511889615-A,20260206,20251215,Gradient utilization battery detection rack and method for teaching in professional universities,"The application relates to the technical field of battery teaching equipment, and discloses a gradient utilization battery detection rack and a method for teaching in professional institutions, wherein the gradient utilization battery detection rack comprises a semi-closed cabin body, a cabin door is arranged on the cabin body, and a transparent observation window is arranged on the cabin door; the intelligent control system is characterized in that an exhaust fan and a smoke sensor are arranged on the inner side of a cabin body, a battery cassette assembly is arranged in the cabin body, the battery cassette assembly is adaptive to various battery core types and is provided with a 12-pin foolproof plug, a central monitoring unit and a fault simulation module are arranged in the cabin body, the central monitoring unit is used for collecting battery voltage, current, temperature and cabin body smoke concentration parameters in real time, the fault simulation module is used for injecting various controllable faults, and a plurality of external test interfaces are arranged on the lower portion of a cabin door. The application not only gives consideration to the industrial-grade test function and the safety guarantee, but also has the openness, interactivity and fault simulation function required by teaching, and the cost is controlled within 20-30% of industrial-grade equipment, thereby improving the teaching efficiency and quality.",,,G09B9/00 | G09B23/187 | Y02E60/10,G09B9/00 | G09B23/18,general,3,勾配利用電池教習ラック。fault simulation moduleで様々な制御可能故障を注入(電池教育分野)
CN-121483120-A,CN,A,98609287,CN-202511912277-A,20260206,20251217,Electrical simulation training system for medium-sized high-speed motor vehicle,"The invention relates to the technical field of vehicle simulation training, and provides an electric simulation training system of a medium-sized high-speed motor vehicle, which comprises an electric loop simulation module, a fault injection and diagnosis module, a data acquisition and analysis module, a virtual-real interaction control module and a safety protection module, wherein the electric loop simulation module comprises a power supply simulation unit, a load simulation unit and a line impedance simulation unit, the output voltage of the power supply simulation unit is regulated within the regulation range of 12V-28V, the voltage ripple is less than or equal to 50mV, and the load simulation unit supports 0.5A-20A adjustable constant current load output. The electric loop simulation module is used for accurately reproducing various electric working conditions of the vehicle, the fault injection module can simulate various common and complex faults such as short circuit, poor contact and the like, the constructed virtual model and the force feedback operator are combined to realize immersive operation of virtual-real fusion, and meanwhile, the data acquisition and analysis module is used for capturing parameter changes and predicting trends in real time, so that a power assisting practical training person can quickly master fault diagnosis and parameter adjustment skills.",,,G09B9/00,G09B9/00,general,3,中型高速自動車の電気シミュレーション訓練システム。fault injection and diagnosis moduleで様々な故障をシミュレート(自動車電気分野)
CN-121480393-A,CN,A,98625875,CN-202610023979-A,20260206,20260109,Method for predicting multi-component spatial distribution in transformer,"The invention discloses a multi-component spatial distribution prediction method in a transformer, which relates to the technical field of monitoring of the running state of power equipment, and comprises the steps of firstly constructing a multi-gas component transportation physical simulation model of transformer oil based on fluid simulation software, and configuring an observation system mapped with the position of an actual sensor; the method comprises the steps of constructing a time sequence error matrix of actual observation and simulation prediction, dividing the time sequence error matrix into a training set and a verification set, generating a dynamic B matrix by utilizing an LSTM network on the basis, fusing simulation data with real-time sensor observation data through an EnKF algorithm to realize dynamic updating and error correction of a simulation model, assisting an adaptive step length regulation and abnormality processing mechanism in a data assimilation process, and finally dynamically displaying the spatial distribution of each gas component in an oil tank in various forms. The invention effectively solves the problems of space limitation, static simulation prediction error accumulation and the like of the traditional monitoring, and realizes accurate and dynamic prediction of the spatial distribution of multiple gas components in the transformer.",,,G06F2119/14 | G06F2113/08 | G06F2111/04 | G06N3/08 | G06N3/0442 | G06F30/27 | G06F30/28 | G01D21/02 | G01N33/0004,G06N3/08 | G06N3/0442 | G06F119/14 | G06F113/08 | G06F111/04 | G06F30/27 | G01N33/00 | G01D21/02 | G06F30/28,general,2,変圧器内多成分分布予測(重複、A版)
CN-120949610-B,CN,B,97622596,CN-202511461606-A,20260206,20251014,Heterogeneous interconnection multi-core distributed simulation experiment system and cooperative control method,"The invention relates to the technical field of simulation, and particularly discloses a heterogeneous interconnection multi-core distributed simulation experiment system and a cooperative control method, wherein the system comprises a semi-physical simulation system and a virtual system; the semi-physical simulation system comprises a plurality of semi-physical simulation nodes, a plurality of multi-core parallel simulation nodes, a digital simulation system, an experimental environment model, a virtual-real combined simulation experiment platform and a dynamic deduction visual simulation engine, wherein each semi-physical simulation node can simulate a semi-physical simulation entity, each multi-core parallel simulation node can simulate a plurality of parallel semi-physical simulation entities, the virtual system comprises the digital simulation system, the digital simulation system can simulate a plurality of parallel digital simulation entities, the experimental environment model is used for simulating generation of experimental environment modeling data, the virtual-real combined simulation experiment platform is used for deduction and rendering of a working scene, and the dynamic deduction visual simulation engine is used for rendering environment information by using the experimental environment modeling data. The system has the capability of multi-core simulation, and can further improve the upper limit of the access of the semi-physical simulation model to the semi-physical system, so that the semi-physical system can perform cluster simulation.",,,G05B17/02,G05B17/02,general,1,異種相互接続マルチコア分散シミュレーションシステム。シミュレーション基盤アーキテクチャ
CN-121476946-A,CN,A,98625349,CN-202511335489-A,20260206,20250918,Multi-mode coupling lithium battery thermal runaway multi-stage early warning method and system,"The invention provides a multi-mode coupling multi-stage early warning method and a multi-stage early warning system for thermal runaway of a lithium battery, which belong to the technical field of lithium battery safety monitoring, wherein the method comprises the following steps of S1, collecting a large number of historical multi-mode monitoring data in the operation process of the lithium battery to construct a data set; the method comprises the steps of S2, creating a thermal runaway monitoring model based on a time-frequency characteristic extraction module, a characteristic fusion module, a reconstruction decoding module, a physical simulation module, a multi-source information fusion module and a report output module, training and deploying the thermal runaway monitoring model through a data set, S3, collecting the thermal runaway monitoring model deployed by real-time multi-mode monitoring data input of the lithium battery, obtaining a monitoring report carrying a temperature average value, a temperature standard deviation, a voltage average value and a voltage standard deviation, and S4, carrying out thermal runaway early warning on the lithium battery based on the monitoring report. The method has the advantages that the accuracy, the working condition adaptability and the reliability of the thermal runaway early warning of the lithium battery are greatly improved.",,,G01R31/392 | G01R31/378 | G01R31/396 | G01R31/367 | G06F30/20 | G06N3/045 | G06F18/214 | G06F18/253 | G06F18/213 | G06F18/10 | G06F18/256 | Y02E60/10,G06N3/045 | G06F30/20 | G06F18/25 | G06F18/214 | G06F18/213 | G06F18/10 | G01R31/396 | G01R31/392 | G01R31/378 | G01R31/367,general,2,リチウム電池熱暴走多段階早期警報。物理シミュレーションモジュールを含むハザード早期警報(電池安全分野)
CN-121479102-A,CN,A,98628620,CN-202511630195-A,20260206,20251109,Underwater two-dimensional sound field calculation method based on Fourier feature embedding PINN,"The application discloses an underwater two-dimensional sound field calculation method based on Fourier feature embedding PINN, which relates to the technical field of sound field calculation and comprises the steps of encoding into a partial differential equation physical loss function, constructing PINNs, determining corresponding sound source conditions, sea surface boundary conditions and seabed boundary conditions, encoding into boundary condition physical loss functions, constructing a data auxiliary loss function according to observed data of a calculation area, preliminarily selecting different sigma parameters to modify frequencies corresponding to Fourier bases, pre-training the preliminarily selected different sigma parameters PINNs in a set step length, calculating point-by-point average errors according to sound pressure output by PINNs after training is finished, searching optimal sigma parameters, performing two-stage training according to the optimal sigma parameters, and calculating sound propagation loss prediction results according to sound pressure real parts and imaginary parts output by PINNs. The application can enable the network to learn the high-frequency component, thereby forecasting the multi-scale marine sound propagation phenomenon.",,,G06N3/08 | G06N3/042 | G06F30/27 | G06F17/13,G06N3/08 | G06N3/042 | G06F30/27 | G06F17/13,general,1,水中音場PINN、境界条件。物理+ML音響計算手法
CN-119397958-B,CN,B,94430479,CN-202411602864-A,20260206,20241111,Numerical simulation method and system for two-phase flow heat transfer,"The application relates to a numerical simulation method and a numerical simulation system for two-phase flow heat transfer, wherein the method comprises the following steps of S01, setting physical parameters, grid parameters and calculation parameters of simulation contents according to the simulation contents, initializing grids, S02, initializing a two-phase parameter field, a speed field and a temperature field, giving boundary conditions, S03, calculating time evolution conditions of the two-phase parameter field, the speed field and the pressure field by using a two-phase flow model, S04, calculating and obtaining the time evolution conditions of the temperature field by using a convection diffusion equation based on the time evolution conditions of the obtained speed field, and S05, combining the time evolution conditions of the obtained two-phase parameter field, the speed field, the pressure field and the temperature field, and outputting required simulation data. According to the application, on the basis of the self-adaptive grid, the temperature field is used as a passive scalar to be added into the flow field, so that the application range of the numerical simulation method, the reliability of the simulation result and the convenience of analyzing the problem are improved.",,,Y02T90/00 | G06F2119/14 | G06F2119/08 | G06F2113/08 | G06F2111/10 | G06F18/2135 | G06F30/27 | G06F30/28,G06F119/14 | G06F119/08 | G06F113/08 | G06F111/10 | G06F30/27 | G06F18/2135 | G06F30/28,general,1,二相流伝熱数値シミュレーション、境界条件。物理シミュレーション手法
US-2026037696-A1,US,A1,92424334,US-202418806630-A,20260205,20240801,Acoustic device simulation system with digital twin acoustic robot and simulation method thereof,"An acoustic device simulation system with digital twin acoustic robot comprising: a computing device and a simulation program which can be executed by the computing device to cause the computing device to perform operations comprising the following steps: receiving data from a physical system to create an acoustic computer-assisted engineering model; importing data from the operation of the physical system into the acoustic computer-assisted engineering model, and generating a digital twin virtual three-dimensional model; running a physical simulation through the digital twin virtual three-dimensional model; and modifying or replacing the simulation conditions of the digital twin virtual three-dimensional model in order to obtain simulation results under different conditions.",CHENG UEI PREC IND CO LTD,LEE JAMES CHENG | WU KUO-YANG | CHUNG HSIANG-LING | YANG YI-LIN | LIN HENG-CHUAN | WANG YI-SIANG,G06F30/27 | G06F2111/04 | G06F30/27 | G05B17/02 | G09B23/14 | G06F30/20 | G06F30/17 | G06F30/27 | G06F30/27,G06F30/27,general,2,音響デバイスデジタルツインシミュレーション。異なる条件下でシミュレーション条件を変更し結果取得
WO-2026026427-A1,WO,A1,93264378,CN-2025105761-W,20260205,20240730,Simulation method for flow field distribution and deposition morphology in ultrafast laser-assisted electrochemical deposition,"The present invention relates to the technical field of electrodeposition, and relates to a simulation method for flow field distribution and deposition morphology in ultrafast laser-assisted electrochemical deposition. The steps of the method comprise: constructing, in multiphysics simulation software, a two-dimensional axisymmetric multiphysics coupled field model for heat transfer, solid and fluid heat transfer, tertiary current distribution, and laminar flow; constructing a geometric model of a deposition cell and a substrate, and setting laser properties, material physical parameters, and electrodeposition properties in the multiphysics simulation software; constructing an ultrafast laser heat transfer model on the basis of a two-temperature equation; setting initial and boundary conditions of the ultrafast laser heat transfer model, and constructing an electrodeposition field; coupling the ultrafast laser heat transfer model with the electrodeposition field to construct an ultrafast laser-assisted electrochemical deposition model; delineating a grid; and performing calculation and analysis. In the present invention, ultrafast laser is incorporated to perform multiphysics coupling of a thermal field, a flow field, an electric field, etc., and a two-temperature equation and tertiary current distribution are incorporated to the model, thereby achieving the accuracy and comprehensiveness of prediction models.",UNIV NORTHWESTERN POLYTECHNICAL,YU JUN | TIAN LIJUN | ZHANG ZILONG | LIN XIN | WANG JUNJIE | CHEN HUI | HUANG WEIDONG,G06F2113/08 | G06F2119/14 | G06F2119/08 | G06F30/23 | G06F30/28 | G06F30/20,G06F30/20,general,1,超高速レーザー支援電気化学堆積のマルチフィジックスシミュレーション、境界条件。製造プロセス解析
EP-4687061-A1,EP,A1,92424334,EP-24194636-A,20260204,20240801,Acoustic device simulation system with digital twin acoustic robot and simulation method thereof,"A acoustic device simulation system with digital twin acoustic robot comprising: a computing device and a simulation program which can be executed by the computing device to cause the computing device to perform operations comprising the following steps: receiving data from a physical system to create an acoustic computer-assisted engineering model; importing data from the operation of the physical system into the acoustic computer-assisted engineering model, and generating a digital twin virtual three-dimensional model; running a physical simulation through the digital twin virtual three-dimensional model; and modifying or replacing the simulation conditions of the digital twin virtual three-dimensional model in order to obtain simulation results under different conditions.",CHENG UEI PREC IND CO LTD,LEE JAMES CHENG | WU KUO-YANG | CHUNG HSIANG-LING | YANG YI-LIN | LIN HENG-CHUAN | WANG YI-SIANG,G06F2111/04 | G06F30/27 | G05B17/02 | G09B23/14 | G06F30/27 | G06F30/20 | G06F30/17 | G06F30/27,G06F30/27 | G06F30/17,general,2,音響デバイスデジタルツインシミュレーション(重複、EP版)
CN-121453401-A,CN,A,98584804,CN-202511829859-A,20260203,20251205,Engine fault simulation system and method based on virtual rack,"The application relates to the field of engine fault simulation, in particular to an engine fault simulation system and method based on a virtual rack, wherein the system comprises a VTB virtual rack which is respectively in communication connection with a control upper computer, an ECU and real hardware; the VTB virtual bench comprises a real-time simulation machine for running an engine model, a multifunctional digital template card module for carrying out signal conversion between the real-time simulation machine and an ECU, a wire harness connection fault test box connected between the multifunctional digital template card module and the ECU, a signal generating device connected to the wire harness connection fault test box and used for injecting hardware fault signals into the ECU through the wire harness connection fault test box, and user driving data collected by a remote mobile terminal and used for configuring the model initial state of the real-time simulation machine and/or generating test working conditions by controlling an upper computer. And the high cost and the hardware damage risk brought by the dependence of the physical bench on the entity prototype and the destructive test are avoided.",,,G05B17/02 | G01M15/02,G05B17/02 | G01M15/02,general,4,仮想リグベースのエンジン故障シミュレーション。ワイヤーハーネス経由でECUにハードウェア故障信号を注入。fault injectionに強く合致(自動車分野)
CN-121457083-A,CN,A,98587409,CN-202511510685-A,20260203,20251022,Method for analyzing defects of vertical interconnection structure and computer equipment,"A method for analyzing defects of vertical interconnection structure includes setting up defect-free model of vertical interconnection structure and defect-containing model containing void defects, setting up electric, thermal and mechanical boundary conditions of model, setting up virtual buffer layer with high thermal conductivity and used only for heat conduction on top surface of substrate, applying generalized heat source on said buffer layer, setting up coupling relation between electric, thermal and mechanical multiple physical fields and executing multiple physical field coupling solution, carrying out third-order analysis by comparing global key index of defect-containing model and defect-free model, analyzing physical quantity distribution on key interface between metal filler of vertical interconnection structure and substrate and analyzing physical quantity distribution on longitudinal section line passing through defect center. The invention can realize comprehensive, quantitative and multi-scale evaluation of the influence of the micro-nano cavity defect in the vertical interconnection structure under the electric-thermal-force coupling field.",,,G06F2119/14 | G06F2119/08 | G06F2111/04 | G06T17/00 | G06F30/10 | G06F30/20,G06T17/00 | G06F119/14 | G06F119/08 | G06F111/04 | G06F30/10 | G06F30/20,general,2,垂直相互接続構造欠陥解析、電気-熱-機械境界条件。物理シミュレーションによる欠陥解析目的
CN-121457055-A,CN,A,98587319,CN-202511290117-A,20260203,20250910,Wire current-carrying capacity-sag coupling modeling method and system based on electric-thermal-force coupling,"The invention discloses a wire current-carrying capacity-sag coupling modeling method and system based on electric-thermal-force coupling, which belong to the technical field of transmission wires, and are characterized in that a heat balance equation is established based on acquired joule heat power, solar heat absorption power, convective heat dissipation power and radiant heat dissipation power, the heat balance equation is solved to obtain the surface temperature of the wire, the surface temperature of the wire is used as a boundary condition, a concentric multilayer radial heat conduction model is constructed, the radial temperature gradient of the wire is obtained, the strain of various materials in the wire is calculated based on the radial temperature gradient of the wire, the real horizontal stress is obtained through self-adaptive iteration, and the real horizontal stress and the acquired geometrical parameters of the wire are substituted into a parabolic model to obtain the maximum sag of the wire under the current working condition. The invention improves the temperature evaluation precision of the lead, avoids systematic deviation caused by isothermal or neglected irradiation/wind-induced heat exchange of the conductor, and provides a reliable thermal boundary for dynamic current-carrying capacity evaluation.",,,G06F2119/14 | G06F2119/08 | G06F2111/04 | G06F30/17 | G06F30/20 | Y02E60/00,G06F119/14 | G06F119/08 | G06F111/04 | G06F30/17 | G06F30/20,general,1,導線電流容量-弛み結合モデリング、境界条件。物理計算手法
CN-121454249-A,CN,A,98578770,CN-202511609866-A,20260203,20251105,Adjustable cable partial discharge fault simulation experiment system based on real defects,"The invention discloses an adjustable cable partial discharge fault simulation experiment system based on real defects, which comprises a data acquisition and preprocessing module, a frequency spectrum construction and index extraction module, a defect tensor initialization module, a partial discharge simulation generation module, a tensor evolution path extraction module and a structural distribution matching evaluation module, wherein the data acquisition and preprocessing module is used for acquiring original multi-mode signal data and preprocessing, the frequency spectrum construction and index extraction module is used for executing frequency spectrum decomposition operation and calculating defect response indexes, the defect tensor initialization module is used for generating a to-be-simulated defect tensor according to a target simulation reference tensor, the partial discharge simulation generation module is used for carrying out simulation processing according to partial discharge simulation points, the tensor evolution path extraction module is used for constructing a simulation defect tensor evolution graph through Soft-DTW distance and carrying out path search to obtain a final simulation defect tensor, and the structural distribution matching evaluation module is used for carrying out Sliced-Wassestein distance calculation. The invention combines tensor modeling and feedback optimization mechanisms to construct an adjustable partial discharge fault simulation system.",,,G01R31/083 | G01R31/088 | G01R31/1272 | G06F18/22 | G06F30/20 | Y02E60/00,G06F30/20 | G06F18/22 | G01R31/08 | G01R31/12,general,3,実欠陥ベースの調整可能ケーブル部分放電fault simulation実験システム。テンソルモデリングによる故障シミュレーション(エネルギー分野)
CN-121457206-A,CN,A,98580788,CN-202511622197-A,20260203,20251107,Phase field modeling method for SAC305 lead-free solder viscoplastic corrosion fracture,"The application relates to the field of modeling methods, and particularly discloses a phase field modeling method for the viscoplastic corrosion fracture of SAC305 lead-free solder, which comprises the steps of determining parameters of a viscoplastic constitutive model of SAC305 material based on stress-strain data of a uniaxial tension experiment, carrying out a corrosion experiment on the SAC305 material to determine the corrosion morphology evolution rule of the SAC305 material, establishing a corrosion-fracture phase field model, and calibrating the parameters of the phase field model. According to the scheme, parameters of the constitutive model of the SAC305 are calibrated according to a uniaxial tension experiment, corrosion boundary conditions of the model are confirmed according to corrosion experiment results, a corrosion-fracture phase field model is constructed, corrosion-induced strength attenuation, crack initiation and propagation paths can be simulated accurately, and the method can be used for reliability assessment, design optimization and service life prediction of the SAC305 welding spots in electronic packaging and provides basis for engineering application of key interconnection components in a corrosion environment.",,,G06F2119/14 | G06F2111/10 | G06F30/27 | G06F30/23,G06F119/14 | G06F111/10 | G06F30/27 | G06F30/23,general,2,SAC305はんだ粘塑性腐食破壊のフェーズフィールドモデリング、腐食境界条件。信頼性評価目的の破壊シミュレーション
CN-121457320-A,CN,A,98575023,CN-202511654895-A,20260203,20251112,Method and system for online estimation of microscopic state of lithium ion battery,"The invention belongs to the technical field of lithium ion batteries, and provides a method and a system for estimating microscopic states of a lithium ion battery on line, wherein a P2D electrochemical model is built, electrochemical data under different working conditions are generated, a deep neural network model is built and verified by using the generated electrochemical data, a partial differential equation in the P2D model is solved, boundary values of the partial differential equation are combined into state variables in a neural network node mode to forcedly meet boundary conditions of the electrochemical model, and in the training process, the electrochemical PDE control equation is used as a loss function of the deep neural network model to endow the deep neural network model with physical constraint, so that information physical fusion is realized, and the microscopic states in the battery are obtained. The invention utilizes physical constraint to avoid dependence on internal state data which is difficult to acquire.",,,G06F2119/08 | G06F2111/04 | G06N3/08 | G06N3/0455 | G06N3/0464 | G16C20/10 | G06F17/13 | G06F30/27 | G01R31/385 | G01R31/382 | G01R31/367 | G01R31/378 | G01R31/36 | Y02E60/10,G16C20/10 | G06N3/08 | G06N3/0464 | G06N3/0455 | G06F119/08 | G06F111/04 | G06F17/13 | G01R31/385 | G01R31/382 | G01R31/378 | G01R31/367 | G01R31/36 | G06F30/27,general,3,リチウム電池微視状態オンライン推定P2Dモデル。異なる作動条件下で電気化学データを生成しDNNを訓練(電池分野)
CN-116721712-B,CN,B,87864365,CN-202310733917-A,20260203,20230620,Iterative calculation method for concrete temperature field under surface running water state of heat preservation material,"The invention provides an iterative calculation method for a concrete temperature field under a surface running water state of a heat preservation material. Deducing the temperature of the inner side of the heat insulation material according to the heat flow of the concrete and the temperature of the outer side of the heat insulation material, and calculating a concrete temperature field by taking the temperature of the inner side of the heat insulation material as a first type of boundary condition. The invention can more accurately calculate the concrete temperature field under the surface running water state of the heat preservation material, and provides scientific basis for formulating and adjusting the temperature control anti-cracking measure of the mass concrete.",,,G06F2119/08 | G06F2113/26 | G06F30/20 | G16C60/00 | G16C20/30,G16C60/00 | G06F119/08 | G06F113/26 | G06F30/20 | G16C20/30,general,1,コンクリート温度場計算、境界条件。物理計算手法
CN-121456955-A,CN,A,98574365,CN-202511537393-A,20260203,20251027,Method for analyzing stability of reservoir bank dangerous rock based on directional progressive degradation,"The invention discloses a method for analyzing stability of reservoir bank dangerous rock based on directional progressive degradation, and relates to the technical field of geological disaster prevention and control. The method comprises the steps of determining physical and mechanical properties and boundary conditions of the reservoir bank dangerous rock, constructing a geologic model of the reservoir bank dangerous rock, establishing the reservoir bank dangerous rock model by utilizing FLAC3D software based on the determined physical and mechanical properties, dividing grids, endowing mechanical parameters to rock mass units in the model according to a directional progressive degradation principle, carrying out stability analysis by utilizing FLAC3D based on the established reservoir bank dangerous rock model and the endowed mechanical parameters, obtaining stress distribution, strain distribution and displacement, verifying analysis results and outputting treatment suggestions. According to the invention, through finely acquiring basic geological information and physical mechanical parameters and combining the degradation level division of directional layering, the accurate simulation of the dangerous rock degradation process is realized, and the defect that the degradation directionality and the degradation level cannot be reflected by the homogenization parameter assignment in the existing method is overcome.",,,G06F2119/14 | G06F30/20 | G06F30/13,G06F119/14 | G06F30/20 | G06F30/13,general,2,貯水池岸危岩安定性の方向性漸進劣化解析、境界条件。地質ハザードシミュレーション
CN-121457144-A,CN,A,98572876,CN-202511699730-A,20260203,20251119,Dynamic analysis modeling method for magnetic field modulation type governor bearing-birotor system,"The invention relates to a dynamic analysis modeling method for a bearing-double-rotor system of a magnetic field modulation type governor, which belongs to the technical field of dynamic analysis and comprises the following steps of S1, analyzing electromagnetic characteristics of a modulated magnetic field, S2, establishing a dynamic numerical analysis model of each fault in the bearing-double-rotor system, and S3, establishing a coupling fault model of the bearing-double-rotor system. The invention effectively solves the key problems of the existing bearing-rotor system dynamics modeling technology in the aspects of application range, feature characterization, solving precision, boundary conditions and the like.",,,G06F2111/04 | G06F2111/10 | G06F2119/14 | G06F17/13 | G06F17/11 | G06F30/17 | G06F30/20,G06F119/14 | G06F111/10 | G06F111/04 | G06F30/17 | G06F17/13 | G06F17/11 | G06F30/20,general,3,磁場変調型ガバナ軸受-二重ロータ系の動的解析モデリング。各故障+結合故障モデルを構築(機械分野)
CN-121464440-A,CN,A,93939734,CN-202480041658-A,20260203,20230629,Apparatus and method for accelerating physics-based simulation using artificial intelligence,"The invention provides a method and apparatus for performing a physical-based simulation. The processing device includes a memory and a processor. The processor is configured to perform a physics-based simulation by performing a portion of the physics-based simulation, training a neural network model based on results from performing a first portion of the physics-based simulation, performing an inference process based on results of training of the neural network model, and providing a prediction back to the physics-based simulation as input based on the inference process.",,,G06F30/27 | G06F30/27,G06N3/08 | G06F9/38 | G06F30/27,general,3,AIを用いた物理ベースシミュレーションの高速化装置。部分シミュレーション結果でNNを訓練し予測を返す物理+ML手法
CN-121456829-A,CN,A,98585183,CN-202610003021-A,20260203,20260105,Wind field correction method based on multi-stage hybrid physical-data driving,"The invention discloses a wind field correction method based on multi-stage hybrid physical-data driving, and relates to the technical field of wind field data processing and climate mode application. The method comprises the steps of performing dynamic downscaling simulation by using a regional climate simulation tool to obtain a multi-dimensional candidate variable field, screening target candidate climate variables according to ERA5 wind speed data to form a multi-dimensional key variable field, constructing a model to be trained comprising a multi-dimensional space feature extraction module, a time dynamic feature extraction module, multi-dimensional space-time feature fusion and an output module, training by using the multi-dimensional key variable field to obtain a hierarchical multi-dimensional space-time fusion network for correcting wind field data, and generating a high-resolution wind field correction field by using a complex topography micro-scale flow field fine-correction solver by using the wind field correction field as a boundary condition. The wind speed prediction method not only improves the accuracy of wind speed prediction, but also ensures the physical reality and consistency of the high-resolution wind field under the influence of complex terrain through physical constraint.",,,G06F30/27 | G06N3/0464 | G06N3/0442 | G06F18/214 | G06F18/213 | G06F18/253 | Y02A90/10,G06N3/0464 | G06N3/0442 | G06F30/27 | G06F18/214 | G06F18/213 | G06F18/25,general,1,物理-データ駆動風況補正手法(重複、A版)
CN-121457322-A,CN,A,98577006,CN-202511665879-A,20260203,20251114,Dynamic hazard source identification and safety path generation method for fire scene,"The invention discloses a dynamic hazard source identification and safety path generation method for a fire scene in the technical field of data processing for prediction purposes, and relates to the technical field of data processing for prediction purposes.A multi-source heterogeneous data is acquired in real time through a multi-dimensional sensor network to form a multi-mode state snapshot; and the dynamics control equation is obtained by carrying out forward solution by using an embedded physical information neural network and taking real-time data as boundary conditions, outputting a core dynamics vector comprising the fire spreading speed and the toxic gas generation rate, driving a fire digital twin model coupled with the building information model, compressing a minute-level evolution process to a second-level by utilizing parallel calculation to complete prediction, and generating a high-precision three-dimensional risk map capable of accurately simulating a nonlinear jump-type diffusion mode under the influence of an obstacle, thereby improving the prediction speed and accuracy.",,,G06F2111/10 | G06F2119/14 | G06F18/241 | G06F18/29 | G06N5/041 | G06Q10/047 | G06F30/27,G06Q10/047 | G06N5/04 | G06F119/14 | G06F111/10 | G06F18/241 | G06F18/20 | G06F30/27,general,4,火災シーンの動的ハザード源特定+安全経路生成。物理情報NN+火災デジタルツインで障害物影響下の非線形拡散を含む高精度3Dリスクマップを生成。ハザードシナリオシミュレーションに合致
CN-121462431-A,CN,A,98573965,CN-202610014083-A,20260203,20260107,Index system dynamic construction method and device based on CNN-Kriging model,"The application relates to a dynamic construction method and a device of an index system based on a CNN-Kriging model, wherein the method is applied to a central node of a distributed intelligent spectrum access system comprising the central node and a plurality of distributed edge nodes; the method comprises the steps of preprocessing data samples reported by distributed edge nodes, dividing preprocessing results into a training set and a testing set, training a CNN-Kriging model, generating a synthetic data set according to the trained CNN-Kriging model, carrying out statistical analysis and index optimization according to the synthetic data set by adopting a global sensitivity analysis method, updating the data samples according to an optimized index system, and updating the index system to obtain an optimized index system oriented to spectrum access decisions. The method solves the problems of low frequency spectrum efficiency, poor reliability and incapability of adapting to dynamic environments caused by static and unexplained interference management strategies under dense deployment of mass Internet of things equipment.",,,G06F30/20 | G06N3/0464 | H04L43/024 | H04L41/16 | H04L41/142 | H04L41/145,H04L43/024 | H04L41/16 | H04L41/142 | G06N3/0464 | G06F30/20 | H04L41/14,general,2,CNN-Kriging合成データセットでスペクトルアクセス指標系を最適化。統計解析目的で通信分野
CN-121459669-A,CN,A,92424334,CN-202411086721-A,20260203,20240801,Electroacoustic device simulation system with digital twin acoustic robot,"The invention discloses a digital twin-assisted electroacoustic device simulation system, which comprises a computing device and a simulation program, wherein when the simulation program is run by the computing device, the computing device is enabled to execute the operations comprising the following steps of receiving various data of a physical system to establish an acoustic computer-assisted engineering model, importing the running data of the physical system into the acoustic computer-assisted engineering model and generating a digital twin virtual three-dimensional model, running physical simulation through the digital twin virtual three-dimensional model, and modifying or replacing simulation conditions of the digital twin virtual three-dimensional model to obtain simulation results under different conditions.",,,G06F2111/04 | G06F30/27 | G05B17/02 | G09B23/14 | G06F30/27 | G06F30/20 | G06F30/17 | G06F30/27,G06F111/04 | G06F30/27 | G05B17/02 | G09B23/14,general,2,音響デバイスデジタルツインシミュレーション(重複)
CN-121457074-A,CN,A,98582106,CN-202511438986-A,20260203,20251009,"Intensity simulation method, device and equipment for transverse double continuous fiber leaf springs","The application relates to a strength simulation method, a device and equipment for transverse double continuous fiber leaf springs, which comprises the steps of cutting the transverse double continuous fiber leaf springs, establishing a local coordinate system of each fiber leaf spring section, dividing grids corresponding to fiber leaf springs based on a layering base surface of each fiber leaf spring, establishing grids within the length range of each fiber layering into a Set unit Set, stacking the fiber layering according to the material attribute and the layering attribute of each fiber layering to obtain a composite material layering plate, stacking the composite material layering according to the stacking direction of the composite material layering to obtain a simulation model of each fiber leaf spring, establishing a simulation model of a suspension system according to the simulation model, a second connection relation and a first connection relation of each fiber leaf spring, and performing strength test on the simulation model of the suspension system to obtain a strength simulation result. Therefore, the problems of non-convergence of calculation, easy distortion of boundary conditions and inaccurate modeling of a layering in simulation are solved.",,,G06F2119/02 | G06F30/17 | G06F30/20 | Y02T90/00,G06F119/02 | G06F30/17 | G06F30/20,general,1,板ばね強度シミュレーション、境界条件。構造設計シミュレーション
CN-121457109-A,CN,A,98580106,CN-202511587409-A,20260203,20251103,Line elastic critical stress calculation method for axisymmetric buckling of large-diameter steel casing,"The invention relates to a line elastic critical stress calculation method for axisymmetric buckling of a large-diameter steel casing, which comprises the steps of constructing constitutive equation and deformation coordination equation of axisymmetric steel casing bending deformation, constructing buckling equation of axisymmetric steel casing on the basis of bending theory, obtaining general solution of the buckling equation by solving a high-order differential equation, introducing mechanical boundary conditions of axial uniform loading in consideration of working conditions of the upper part of the steel casing, substituting general solution form containing radial displacement into the boundary conditions, giving numerical solution by adopting a multi-area bisection method, and obtaining critical buckling stress analysis solution of a cylindrical shell. The method has the beneficial effects that the method breaks through the limitations of the classical beam buckling theory and the buckling theory which only considers the cylindrical thin shell, can improve the calculation accuracy of the integral buckling characteristic of the semi-buried steel casing, and simultaneously considers the improvement of the buckling resistance of the steel casing by the characteristic of soil.",,,G06F2119/14 | G06F30/20 | Y02T90/00,G06F119/14 | G06F30/20,general,1,鋼ケーシング座屈計算、境界条件。構造計算手法
CN-121456949-A,CN,A,98578602,CN-202511414492-A,20260203,20250929,Method and system for evaluating risk of machine blocking of rear supporting system of tunnel boring machine,"The invention relates to the technical field of tunnel boring machines, in particular to a method and a system for evaluating the risk of machine blocking of a system matched with the tunnel boring machine, wherein the method comprises the steps of establishing a surrounding rock mechanical model; loading the tunnel face space supporting effect, the initial lining supporting effect and the reserved space between the rear supporting system and the initial lining into the surrounding rock mechanical model as boundary conditions of the model, pushing the tunneling process in a time increment mode, calculating convergence response of the lining/supporting member based on rigidity and installation state of the current supporting member, comparing the obtained convergence difference, repeating the steps until reaching preset termination conditions, comparing the maximum convergence value obtained by time sequence calculation with the reserved space between the rear supporting system and the initial lining, judging and outputting a machine-blocking risk warning.",,,G06F2111/10 | G06F30/20 | G06F30/13,G06F111/10 | G06F30/20 | G06F30/13,general,2,TBM機ブロッキングリスク評価、境界条件。物理シミュレーションによるハザードリスク評価(トンネル工学)
CN-121457191-A,CN,A,98581534,CN-202511551304-A,20260203,20251028,Design method of ultra-compact photoelectric integrated device based on large language model,"A design method of an ultra-compact photoelectric integrated device based on a large language model relates to the field of photonic integrated circuit design and comprises the steps of discretizing a design area into a structural sequence, generating a structural-response data set based on the structural sequence, applying a low-rank adaptive fine tuning technology on a pre-training large language model, jointly optimizing forward prediction and reverse generation tasks, wherein the reverse generation task explicitly models a long-range electromagnetic coupling effect by using a self-attention mechanism, generating the structural sequence from a target response and verifying response characteristics through physical simulation. The invention realizes the efficient learning of small samples through the strong generalization capability of LLM and LoRA fine tuning technology, and solves the problem of local optimum caused by neglecting long-distance coupling in the traditional photon design by explicitly capturing the long-range electromagnetic coupling effect by using a self-attention mechanism.",,,G06N3/08 | G06N3/045 | G06N5/02 | G06F30/27 | G06F30/23,G06N5/02 | G06N3/08 | G06N3/045 | G06F30/27 | G06F30/23,general,2,LLM+物理シミュレーション検証による光電子デバイス設計。設計手法でレアイベント生成ではない
CA-3096873-C,CA,C,75491196,CA-3096873-A,20260203,20191018,Method of designing a switchgear with arc-flash simulation and energy transmission thereof,"A method of evaluating a stress applied to components of a switchgear cabinet for sustaining an arc-flash with an arc-flash event simulation and energy transmission thereof is presented with steps comprising providing a location of the arc-flash in an internal volume of the switchgear cabinet, simulating the arc-flash as a local ambient boundary condition at the location of the arc flash with an input energy, diffusing the input energy in an air domain inside the switchgear cabinet, applying the input energy as a thermal history to specific arc-flash elements, multiplying the thermal history by specific heat to calculate energy units at the arc-flash, identifying a desired thermal energy magnitude and history of deposition and calibrating the desired thermal history to substantially match an estimated mechanical power generated by the arc-flash.",TECH DUAL ADE INC,HECKMAN JEFFREY | PIN ANAELE,G06F2113/08 | G06F2119/08 | G06F30/23 | G06F2119/02 | G06F2111/10 | G06F30/10 | Y02E60/00 | Y04S40/20 | G06F2119/06 | G06F2119/08 | G06F2119/02 | G06F2113/08 | G06F30/23 | G06F30/20 | G06F30/20,H02B1/26 | G06F30/20,general,3,スイッチギアのアークフラッシュ(電気事故)シミュレーション。ハザード物理事象のシミュレーション
CN-121457038-A,CN,A,98577948,CN-202410762366-A,20260203,20240613,Comprehensive simulation platform for AC/DC series-parallel power distribution network system,"The invention discloses an integrated simulation platform of an alternating current-direct current hybrid power distribution network system, and relates to the technical field of power engineering. The system comprises a modeling simulation module, a scheduling simulation module, a multi-energy simulation module and a fault simulation module, wherein the modeling simulation module is used for independently modeling each region in the alternating current-direct current hybrid power distribution network and establishing an optimal power distribution model, and comprises a modeling unit, a reliability simulation unit and an optimization unit. According to the power distribution network simulation platform, the modeling simulation modules are arranged, so that the simulation platform can perform simulation experiments of different scenes, each region is independently modeled, the power distribution of the corresponding region is more suitable, the energy utilization rate can be greatly improved, the efficiency and the reliability of the system are improved through arranging the scheduling simulation modules and the multi-energy simulation modules, and the problems that the simulation result of the conventional power distribution network simulation platform is not ideal enough in accuracy and the simulation model is not matched with the actual conditions of each region are solved.",,,G06F2113/04 | G06F30/20 | G06F30/18,G06F113/04 | G06F30/20 | G06F30/18,general,3,AC/DC配電網統合シミュレーションプラットフォーム。fault simulation moduleで多様なシーン実験(エネルギー分野)
CN-121456271-A,CN,A,98579438,CN-202610002486-A,20260203,20260105,Rapid calculation method for broadband sound field of shallow sea complex fluctuation boundary,"The application belongs to the technical field of marine acoustics, and provides a rapid calculation method of a shallow sea complex fluctuation boundary broadband sound field, which comprises the steps of establishing an equivalent source model, extracting a plurality of discrete frequency points from a target frequency band to generate a discrete frequency point combination, sequentially extracting the discrete frequency points from the discrete frequency point combination as first discrete frequency points, and solving the first discrete frequency points The method comprises the steps of determining source intensity of each virtual sound source of an equivalent source model at each first discrete frequency point by a dimensional matrix equation until a trend of the source intensity of each virtual sound source changing along with the first discrete frequency points meets a frequency domain continuation condition of the source intensity, determining the source intensity of each virtual sound source at each second discrete frequency point based on the frequency domain continuation of the source intensity, and calculating a broadband sound field of a target shallow sea area based on the source intensity of each virtual sound source at each discrete frequency point in a discrete frequency point combination. The rapid calculation method provided by the application can remarkably reduce the calculated amount of calculating the shallow sea broadband sound field by using the equivalent source model under the complex fluctuation boundary condition.",,,G06F30/20 | G06F17/16,G06F30/20 | G06F17/16,general,1,浅海広帯域音場計算(重複)。音響物理計算手法
CN-115544665-B,CN,B,84735150,CN-202211279504-A,20260203,20221019,Experiment bench design method for diesel-electric hybrid propulsion system,"The invention discloses a diesel-electric hybrid propulsion system experiment bench design method, which is characterized in that the maximum power of a machine is calculated, the power coefficient of the propeller is obtained according to the absorption power of the propeller and the rotating speed of the propeller, a diesel engine is selected by combining a given maximum continuous power area of the diesel engine, the power ranges of a diesel-electric hybrid power PTH mode, a PTO mode and a PTI mode are divided according to the operating characteristic curves of the use area of the diesel engine and the diesel engine, the control logic of a gearbox clutch is designed aiming at the diesel engine mode, the PTO mode, the PTI mode and the PTH mode of the diesel-electric hybrid propulsion system, the main transmission ratio, the PTH transmission ratio and the PTO transmission ratio are calculated, the running modes such as a diesel-electric hybrid power system PTH, PTO, PTI can be realized, the fault simulation experiment of typical faults is designed, and the basis can be provided for the influence caused by the performance and monitoring parameters of different fault modes in each running mode.",,,G06F2119/06 | G06F2119/02 | G06F30/20 | G06F30/17 | G06F30/15,G06F119/06 | G06F119/02 | G06F30/20 | G06F30/17 | G06F30/15,general,3,ディーゼル電気ハイブリッド推進系実験台。典型故障のfault simulation experimentを設計(船舶分野)
CN-121457002-A,CN,A,98574649,CN-202511586671-A,20260203,20251102,LabVIEW-based aircraft power distribution system reconstruction method and visual simulation platform,"The invention belongs to the technical field of simulation and control of aircraft power distribution systems, and provides a LabVIEW-based aircraft power distribution system reconstruction logic algorithm and a LabVIEW-based visual simulation verification platform, wherein the LabVIEW-based aircraft power distribution system reconstruction logic algorithm comprises a generator reconstruction matrix algorithm, a bus bar contactor control algorithm, a load power control algorithm and a LabVIEW-based visual simulation verification platform; the visual simulation verification platform can display the state of the power distribution system in real time, support fault injection and system reconstruction demonstration, and provide a parameter configuration interface to adapt to different power distribution systems. The invention adopts an event driving mechanism, a state machine mechanism and a modularized programming thought, clearly manages the system behaviors in different flight phases and fault states, has good expandability and reusability, can verify the logic of the power distribution system in the initial stage of design, improves the design efficiency and quality, and reduces the development cost and risk.",,,G06F30/20 | G06F30/15,G06F30/20 | G06F30/15,general,3,航空機電力配分システム再構成のLabVIEW可視化シミュレーション。fault injectionとシステム再構成デモをサポート(航空分野)
KR-20260015062-A,KR,A,98787164,KR-20240147772-A,20260202,20240724,Method for creating a model for predicting dam inflow using boundary conditions,,UNIV DANKOOK IACF,BOOSIK KANG | TAEHYEONG KIM | JIYOUNG SUNG,Y02A90/10 | Y02A10/40 | G06F2113/08 | G06F2111/10 | G06F30/27 | G01W1/10 | G06Q50/26 | Y02A90/10 | Y02A10/40 | G06F2111/10 | G06F2113/08 | G01W1/10 | G06F30/27 | G06Q50/26,G06F113/08 | G06F111/10 | G06F30/27 | G01W1/10 | G06Q50/26,general,1,境界条件を用いたダム流入予測モデル(要旨なし)。物理予測手法
CN-121432957-A,CN,A,98541088,CN-202511756541-A,20260130,20251127,LVC multi-domain collaborative semi-physical simulation system,"An LVC multi-domain collaborative semi-physical simulation system belongs to the technical field of software and hardware system integration. The system brings digital simulation and semi-physical simulation into the same scene to perform combined countermeasure verification, realizes information interaction in the fight node through the integrated middleware, realizes information interaction between fight platforms through the networking middleware, and solves the information integration problem of the fight node and the heterogeneous fight network by adopting heterogeneous computing equipment. The simulation architecture verifies the functions and performances of the multi-domain cooperative system under the system fight design, and builds a system countermeasure verification environment with expansibility and authenticity under the condition of limited semi-physical equipment. Based on the digital environment in the system, the fight node in the system fight design can be changed at low cost, and the function and performance of the semi-physical system in the system fight design can be verified by accessing the semi-physical system into the digital environment.",SHENYANG AIRCRAFT DESIGN & RES INST AVIC | UNIV DALIAN TECH,WANG GUANGYAO | GAO JUNJIE | HU YAHUI | QIAN WEI,G05B17/02,G05B17/02,general,2,LVCマルチドメイン協調半物理シミュレーション。対抗策検証アーキテクチャ(防衛分野)
CN-120930519-B,CN,B,97583518,CN-202511468064-A,20260130,20251015,Underwater target sound scattering modeling method and system based on physical information neural network,"The invention belongs to the technical field of underwater sound and discloses an underwater target sound scattering modeling method and system based on a physical information neural network. The method comprises the steps of establishing an acoustic-solid coupling mathematical model of an underwater target, constructing a loss function of a physical information neural network, constructing a decoupling parallel double-network architecture, using a fluid domain neural network to learn and output a scattering sound pressure field of a fluid domain, using the elastomer domain neural network to learn and output a displacement field of an elastomer domain, realizing physical coupling by sharing sampling points and corresponding boundary condition loss functions at the acoustic-solid coupling boundary by the two networks, generating training data, performing iterative training on the decoupling parallel physical information neural network, and calculating the scattering sound pressure field outside the target and the displacement field inside the elastomer by using the trained model. The invention applies the physical information neural network to the field of underwater target sound scattering innovatively, and provides a new thought and a new way for accurately forecasting the underwater target sound scattering field.",,,G06F2119/14 | G06F2111/10 | G06F2113/08 | G01S7/539 | G06F17/13 | G06F30/28 | G06F30/27,G06F119/14 | G06F113/08 | G06F111/10 | G06F30/28 | G06F17/13 | G01S7/539 | G06F30/27,general,1,水中目標音散乱PINN、境界条件。物理+ML音響モデリング
CN-115408827-B,CN,B,84159624,CN-202210931551-A,20260130,20220804,Oil and gas pipeline broken pipe rebound calculation method,"The invention discloses a method for calculating the rebound of a broken pipe of an oil and gas pipeline, which relates to the technical field of oil and gas pipeline maintenance and aims at solving the problems that a pipe replacement section is often complicated in geological environment and limited in operation space, so that the difficulty of pipe breakage operation and welded junction assembly is greatly increased and the risk in the pipe replacement repair process of the pipeline is greatly improved; S2, analyzing the pipeline load and calculating the rebound displacement and direction of the pipeline notch, S3, establishing a soil three-dimensional solid analysis model and a pipeline shell analysis model, S4, solving the boundary condition of the external load of the pipeline, and calculating the rebound displacement and rebound direction of the pipeline based on the boundary condition of the external load to provide technical support and preventive control measures for pipeline replacement. The effects of providing technical support for pipeline replacement and providing preventive control measures for pipeline replacement are achieved.",,,G06F2119/14 | G06F30/20,G06F119/14 | G06F30/20,general,1,石油パイプライン破断リバウンド計算、境界条件。物理計算手法
CN-120893231-B,CN,B,97506737,CN-202511416207-A,20260130,20250930,Salt spray filter selection method and device based on simulation,"The application provides a salt spray filter selection method and device based on simulation, wherein the method comprises the steps of obtaining boundary conditions of a plurality of salt spray environment parameters, obtaining a plurality of groups of salt spray environment parameter combinations based on the boundary conditions of the plurality of salt spray environment parameters, obtaining salt spray particle sizes corresponding to the plurality of groups of salt spray environment parameter combinations based on a constructed salt spray environment simulation system, obtaining particle size distribution entering at a salt spray filter inlet corresponding to each group of salt spray environment parameter combinations, inputting a plurality of filter module design schemes into a salt spray filter simulation model one by one based on the particle size distribution corresponding to each group of salt spray environment parameter combinations, obtaining simulation results of the plurality of filter module design schemes under the group of salt spray environment parameter combinations, and obtaining optimal filter module design schemes corresponding to each group of salt spray environment parameter combinations based on the simulation results so as to select a proper salt spray filter.",,,G06F30/20,G06F30/20,general,2,シミュレーションベースの塩霧フィルタ選定、複数環境パラメータ境界条件下。多条件設計選定目的
CN-118656968-B,CN,B,92707139,CN-202410841923-A,20260130,20240627,Beryllium ore treatment simulation method by microwave heating hydrofluoric acid,"The invention relates to a simulation method for treating beryllium ore by microwave heating hydrofluoric acid, which is characterized by determining the reaction process and related parameters of treating beryllium ore by microwave heating hydrofluoric acid, selecting COMSOL simulation microwave to treat beryllium ore, wherein the method comprises four physical fields of electromagnetic wave-frequency domain, fluid heat transfer, reaction engineering and dilute substance transfer, performing geometric modeling on a reaction kettle, setting boundary conditions and constraint conditions, drawing grids, performing grid independence test, and performing multi-physical field coupling through mathematical equations and functions. The influence of microwave frequency, beryllium ore powder granularity, hydrofluoric acid concentration and stirrer rotating speed on beryllium smelting is changed, the simulation data of the beryllium ore treated by microwave heating hydrofluoric acid is compared with experimental data, theoretical basis and guidance are provided for the beryllium smelting process to improve the beryllium recovery rate, the experimental precision is improved, the experimental trial-and-error cost is reduced, and the experimental time is saved.",,,Y02P10/20 | G06F2111/04 | G16C20/10 | G06F30/20,G16C20/10 | G06F111/04 | G06F30/20,general,1,ベリリウム鉱処理マイクロ波シミュレーション、境界条件。マルチフィジックスプロセスシミュレーション
CN-120832833-B,CN,B,97395434,CN-202511336321-A,20260130,20250918,Nonlinear ground stress field inversion method and device based on physical data neural network,"The application provides a nonlinear ground stress field inversion method and a nonlinear ground stress field inversion device based on a physical data neural network, which are used for constructing a corresponding back propagation neural network to perform optimized interpretation by taking nonlinear ground stress field boundary conditions as optimization targets, analyzing nonlinear characteristic rules of ground stress field distribution caused by formation structure complexity and mechanical parameter heterogeneity, and obtaining optimal nonlinear ground stress field boundary conditions so as to solve the problems of larger error of nonlinear ground stress field inversion results and unreliable inversion results in engineering practice.",,,G06F2119/14 | G06F2111/10 | G06F2111/04 | G01L5/00 | G06N3/084 | G06N3/042 | G06F18/27 | G06F30/23 | G06F30/27,G06N3/084 | G06N3/042 | G06F119/14 | G06F111/10 | G06F111/04 | G06F30/23 | G06F18/27 | G01L5/00 | G06F30/27,general,1,非線形地応力場逆解析PINN、境界条件。物理+ML逆解析手法
CN-121435685-A,CN,A,98538234,CN-202511484212-A,20260130,20251017,Tunnel multi-physical-field coupling simulation and support design method considering construction disturbance,"The invention relates to the field of tunnel engineering, in particular to a method for simulating multi-physical field coupling and supporting design of a tunnel by considering construction disturbance, which comprises the following steps of modeling disturbance sources, collecting disturbance factor information introduced in a tunnel construction process or an external environment, and establishing a disturbance source model to represent the spatial position, strength and evolution characteristics of the disturbance sources; the method comprises the steps of constructing a three-dimensional disturbance propagation function, coupling the three-dimensional disturbance propagation function with a multi-physical field model, introducing disturbance as a source item into a tunnel thermal-hydraulic-mechanical coupling model, adjusting modeling parameters and solving strategies by a labor-method control mechanism according to the characteristics of different tunnel construction methods, and setting corresponding disturbance source model parameters, boundary conditions and constitutive relation adjustment coefficients for different construction methods. The method solves the problems of rough disturbance modeling, idealized disturbance propagation mechanism, disjoint with a multi-physical field model and no disturbance response system in a construction method.",UNIV HUAZHONG SCIENCE TECH,ZHENG JUNXING | GAO LIN | LIU HUABEI | MIAO YU | TANG HAN | QIAO JUNWEI | JIN DALONG | FENG JIANJUN | JIA SHIKUI | LI XIAOBO | Wan Binghong | YANG JUN,G06F2119/14 | G06F2113/08 | G06F2111/10 | G06F2119/02 | G06F2119/08 | G06F2111/04 | G06F18/241 | G06F30/28 | G06T17/20 | G06F30/23 | G06F30/17 | G06F30/13 | G06F30/27,G06T17/20 | G06F119/14 | G06F119/08 | G06F119/02 | G06F113/08 | G06F111/10 | G06F111/04 | G06F30/28 | G06F30/23 | G06F30/17 | G06F30/13 | G06F18/241 | G06F30/27,general,2,トンネルマルチフィジックス結合の施工擾乱シミュレーション。ハザード隣接(施工リスク)だが支保設計目的
CN-120822351-B,CN,B,97375815,CN-202511332008-A,20260130,20250918,Laser powder bed material-increasing workpiece temperature field simulation prediction method based on temperature monitoring,"The invention discloses a temperature monitoring-based laser powder bed material-increasing workpiece temperature field simulation prediction method, which comprises the steps of firstly, testing boundary conditions related to temperature field simulation in a laser powder bed material-increasing manufacturing process and parameters related to temperature in material properties by adopting an existing experimental test method, establishing a temperature-parameter correlation model, then, correcting the obtained temperature-parameter correlation model by comparing temperature field simulation data with temperature field test data, finally, obtaining an accurate temperature-parameter correlation model, and integrating a program package to establish the accurate temperature field prediction method. The method realizes the accurate prediction of the temperature distribution and evolution of the whole area (surface and inside) of the laser powder bed material-increasing workpiece, solves the problem of the simulation misalignment of the temperature field caused by inaccurate parameters, is applicable to the temperature field prediction of workpieces of different shapes, and avoids the problem that temperature measuring kits cannot be transplanted in the experimental test of the temperature fields of workpieces of different shapes.",,,Y02P10/25 | G06F2113/10 | G06F2119/08 | G06F30/20,G06F119/08 | G06F113/10 | G06F30/20,general,1,レーザー粉末床温度場シミュレーション予測。製造プロセスシミュレーション
CN-120805771-B,CN,B,97318896,CN-202510920437-A,20260130,20250704,Hemodynamic calculation method based on micro-element nerve operator,"The invention discloses a blood flow dynamics calculation method based on a micro-element nerve operator, which comprises the steps of realizing time shift prediction of an intravascular flow field through a pre-trained prediction network based on an initial flow field, a blood vessel geometry and boundary conditions, realizing high-efficiency calculation of blood flow dynamics simulation of different calculation domains through designing a micro-element nerve operator with constant micro-element correlation and displacement, training the prediction network by adopting a supervised learning mode, minimizing mean square error of multi-step recursive prediction under a multi-step circulation frame, and realizing two-dimensional or three-dimensional rapid simulation by decomposing a blood flow dynamics problem into sub-problems with the micro-element correlation and learning a universal time shift operator. Compared with the prior art, the method can adapt to various calculation domains without retraining, remarkably improves the calculation efficiency and the accuracy, and is suitable for the field of medical blood flow simulation.",,,G06F2113/08 | G06F2119/14 | G06N3/09 | G06F30/27 | G06F30/28,G06N3/09 | G06F119/14 | G06F113/08 | G06F30/27 | G06F30/28,general,1,血流動態計算ニューラル演算子、境界条件。物理+ML医療シミュレーション
CN-119596723-B,CN,B,94837926,CN-202411561448-A,20260130,20241104,Semi-physical simulation system and method for anchor-windlass low-temperature test,"The invention provides a semi-physical simulation test system and method for a low-temperature anchor and mooring machine. The test system is divided into a physical part and a model part according to whether the test system is a physical part or not, and comprises a test environment system, a data acquisition system, a semi-physical simulation system, a joint simulation system and a display system. The semi-physical simulation test system and the semi-physical simulation test method for the low-temperature anchor-windlass realize the semi-physical simulation of the anchor-windlass based on actual low-temperature working condition data, improve the accuracy of the semi-physical simulation result, enable the real hydraulic system to operate in combination with other simulated components or enable the simulated hydraulic system to operate in combination with the real other components, and realize the data processing and displaying of test data and simulation data through the data processing and display assembly.",,,G05B17/02,G05B17/02,general,2,アンカーウインドラス低温試験の半物理シミュレーション。極限条件(低温)試験だが設計検証目的
WO-2026020731-A1,WO,A1,93347705,CN-2024142499-W,20260129,20240722,"Model training method and apparatus, and readable storage medium","A model training method and apparatus, and a readable storage medium. The method comprises: inputting multiple sets of verification parameters of a refrigeration device into a scenario simulation model to obtain scenario simulation data corresponding to each set of verification parameters among the multiple sets of verification parameters, wherein the refrigeration device is used for cooling multiple network devices, the multiple sets of verification parameters comprise multiple sets of refrigeration parameters under different boundary conditions, and the scenario simulation data comprises the energy consumption of refrigeration device and temperature data of a region where each network device among the multiple network devices is located; and training a reinforcement model on the basis of the multiple sets of verification parameters to obtain a target reinforcement model, wherein the target reinforcement model is used for determining a target refrigeration parameter on the basis of the current boundary condition of the refrigeration device, the target refrigeration parameter is the one, among multiple sets of candidate refrigeration parameters, that results in the lowest energy consumption of the refrigeration device, and when the refrigeration device executes the candidate refrigeration parameters, the temperature data of the region where each network device is located is lower than a temperature threshold.",CHINA UNITED NETWORK COMMUNICATIONS GROUP COMPANY LTD | CHINA INFORMATION TECH DESIGN & CONSULTING INSTITUTE CO LTD,ZHU XU | HE XIAO | CHEN JUNCHENG | LIU PAI | GAO JIAN | WU JIANGFENG,Y02D10/00 | G06F2119/08 | G06F2119/06 | G06F2119/14 | G06F2113/08 | G06T17/00 | G06N3/092 | G06F30/28 | G06F30/27,G06N3/092 | G06F119/08 | G06F119/06 | G06F30/28 | G06F30/27,general,3,冷凍設備モデル訓練(重複、CN版と同一内容)。境界条件下シーンシミュレーションでRLモデル訓練
CN-115586009-B,CN,B,84781826,CN-202211402299-A,20260127,20221109,Fault diagnosis and health management system and method,"The embodiment of the invention provides a fault diagnosis and health management system and method, wherein the system comprises a data acquisition module, a data simulation module, a data processing module and a health degree evaluation module, the data acquisition module is used for acquiring operation data of each subsystem of a diesel engine under different operation conditions, the data simulation module is used for establishing a diesel engine simulation model, calibrating the diesel engine simulation model according to real-time operation data of the diesel engine at the current moment, so as to simulate and generate health simulation data under various operation conditions by using the calibrated diesel engine simulation model, fault simulation data under various operation conditions are generated by injecting the fault model simulation, the data processing module is used for developing a data processing algorithm according to the real-time operation data and the health simulation data under various operation conditions, the fault simulation data, and obtaining an operation condition identification result and abnormal result information, and the health degree evaluation module is used for evaluating the overall health degree of the diesel engine so as to obtain a health degree evaluation result.",,,Y02T10/40 | G06F30/20 | G06Q10/063 | G01M15/05 | G01M15/04,G06Q10/06 | G06F30/20 | G01M15/05 | G01M15/04,general,4,故障診断健康管理システム。校正したディーゼルエンジンモデルで様々な運転条件下の健全/故障シミュレーションデータを生成。目的に合致(エンジン分野)
CN-120928722-B,CN,B,97587393,CN-202511453349-A,20260127,20251013,"Digital physical simulation method and device for wind turbine generator, equipment and storage medium","The application provides a digital physical simulation method, a device, equipment and a storage medium of a wind turbine, belonging to the technical field of wind turbine simulation; the method comprises the steps of calculating aerodynamic loads born by blades of a wind driven generator based on an external wind field and an aerodynamic characteristic model of the wind driven generator in a wind turbine generator, determining mechanical transmission parameters of mechanical transmission parts in the wind driven generator based on the aerodynamic loads born by the blades, calculating electric parameters of the wind driven generator according to the mechanical transmission parameters, determining simulation results based on the aerodynamic loads born by the blades, the mechanical transmission parameters and the electric parameters, sending the simulation results to a signal conversion cabinet, enabling the signal conversion cabinet to convert the simulation results into action instructions, and sending the action instructions to the wind driven generator control cabinet, wherein the action instructions are used for triggering the wind turbine control cabinet to execute actions carried in the action instructions. The application can provide a wind turbine generator simulation method combining digital and physical.",,,Y02E10/72 | G05B17/02,G05B17/02,general,1,風力タービンのデジタル物理シミュレーション、空力荷重。制御目的シミュレーション
CN-120850558-B,CN,B,97418699,CN-202510936527-A,20260127,20250708,Intelligent discrimination and enhancement method for effective barrier layer under protection of aquifer in mining area,"The invention provides an intelligent distinguishing and reinforcing method for an effective barrier layer under the protection of a water-bearing layer of a mining area, and belongs to the technical field of water-retaining exploitation. According to the method, geological parameters of a plurality of experimental mines and physical and mechanical parameters of coal and rock mass are obtained, the 3DEC numerical value is utilized to simulate the rock covering crack form after exploitation, a water resource seepage model is built by combining COMSOL Multiphysics software, and the water resource invasion depth is calculated. And then taking the relevant parameters as input and the water resource invasion depth as output, training an SVM model to construct an intelligent judgment model for the water resource seepage of the barrier layer, further predicting the water resource invasion depth, calculating the thickness of the effective barrier layer by combining the safety coefficient, and judging and correspondingly processing the effective barrier layer according to different conditions. The invention adopts the intelligent distinguishing and reinforcing method for the effective barrier layer under the protection of the water-bearing layer of the mining area, and realizes the protection of water resources of the mining area by distinguishing and reinforcing the water-resisting capacity of the effective barrier layer.",,,G06F2111/10 | G06F2119/14 | G06F18/2411 | G06F30/27 | G06F30/20,G06F119/14 | G06F111/10 | G06F30/27 | G06F18/2411 | G06F30/20,general,3,採鉱区帯水層バリア層。3DEC+COMSOLシミュレーションで水侵入深度データを生成しSVMを訓練(鉱業分野)
CN-121413187-A,CN,A,98491923,CN-202511399740-A,20260127,20250928,Coarse tooth surface meshing heat-stress-abrasion coupling modeling and analyzing method,"The invention discloses a modeling and analyzing method for coarse tooth surface meshing heat-stress-abrasion coupling, and belongs to the technical field of mechanical transmission. The method comprises the steps of constructing a rough tooth surface geometric model based on a fractal theory, establishing a gear steady-state temperature field by defining thermal boundary conditions in a partitioning mode, analyzing the influence of the temperature field on contact stress by adopting a thermal-mechanical sequential coupling method, and establishing a dynamic wear model by combining an Archard wear theory and an ALE self-adaptive grid technology to realize real-time updating of the wear depth. According to the invention, through the coupling surface microscopic morphology, the temperature field, the stress field and the abrasion process, the gear contact stress calculation precision and the abrasion prediction accuracy are remarkably improved, and a reliable basis is provided for gear life assessment.",UNIV CHANGSHA SCIENCE & TECH,WANG HONGBING | YAN CAN | HU BO | YIN LAIRONG | HU XIAOLAN,G06F2119/08 | G06F2119/14 | G06T17/20 | G06F30/23 | G06F30/20 | Y02T90/00,G06T17/20 | G06F119/14 | G06F119/08 | G06F30/23 | G06F30/20,general,1,歯面噛合熱-応力-摩耗結合モデリング。摩耗予測目的の物理シミュレーション
CN-120633392-B,CN,B,96968864,CN-202510692969-A,20260127,20250527,Real-time evaluation method for reliability of offshore autonomous water surface ship mechanical equipment,"The invention discloses a real-time assessment method for reliability of marine autonomous water surface ship mechanical equipment, which comprises the steps of S1, constructing a synthetic data set of ship mechanical equipment operation conforming to an actual degradation rule, solving the problem of unbalance between small samples and data, S2, assessing the health index value of the ship mechanical equipment by adopting a comprehensive weighting method and a plurality of processed operation characteristic data, S3, constructing an unsupervised health index prediction model for predicting the health index value, training the unsupervised health index prediction model to obtain a trained unsupervised health index prediction model, S4, performing Weibull distribution fitting on the health index value predicted by the trained unsupervised health index prediction model to obtain shape parameters and scale parameters of the ship mechanical equipment under Weibull distribution, and S5, realizing real-time assessment on the reliability of the ship mechanical equipment based on the shape parameters and the scale parameters, supporting early fault detection and improving the safety of MASS.",,,G06F2111/10 | G06F2111/04 | G06F2111/08 | G06F2119/02 | G06N3/088 | G06N3/094 | G06N3/0475 | G06N3/049 | G06N3/0442 | G06F30/17 | G06F30/15 | G06F30/27,G06N3/094 | G06N3/088 | G06N3/049 | G06N3/0475 | G06N3/0442 | G06F119/02 | G06F111/10 | G06F111/08 | G06F111/04 | G06F30/17 | G06F30/15 | G06F30/27,general,3,洋上自律船舶信頼性評価。実劣化則に沿う合成データセットを構築し小サンプル不均衡を解決(海洋分野)
CN-120745249-B,CN,B,97185804,CN-202511196830-A,20260123,20250826,Visual analysis method and device for combustion simulation,"The invention relates to the technical field of combustion state monitoring and discloses a visual analysis method and a visual analysis device for combustion simulation, wherein the method comprises the steps of generating a plurality of groups of sequential fluent images of each combustion simulation example under different initial conditions of the combustion simulation; the method comprises the steps of encoding each frame of image in each group of sequential fluency images to obtain a plurality of corresponding high-dimensional embedded vectors, performing dimension reduction clustering on the plurality of high-dimensional embedded vectors to generate a dimension-reduced scatter diagram, generating a plurality of sequential tracks of each combustion simulation example based on the dimension-reduced scatter diagram, searching similar sequential tracks which are most similar to the appointed sequential tracks in a preset convergence radius, and analyzing combustion convergence and stability. The invention fully utilizes the relevance and similarity between the data, can accurately identify similar combustion evolution modes, helps an expert to grasp key characteristics such as steady state and oscillation in the combustion process more accurately, reveals the combustion rule deeply, and improves the stamping combustion simulation precision.",,,G06F2119/08 | G06F2119/12 | G01M15/02 | G01M15/14 | G06N3/0455 | G06V10/82 | G06V10/40 | G06V10/762 | G16C20/10 | G06F30/27 | G06F30/20,G16C20/10 | G06V10/82 | G06V10/762 | G06V10/40 | G06N3/0455 | G06F119/12 | G06F119/08 | G06F30/27 | G01M15/14 | G01M15/02 | G06F30/20,general,2,燃焼シミュレーション可視化解析、異なる初期条件下。可視化解析ツール目的
CN-120893149-B,CN,B,97505727,CN-202511420127-A,20260123,20250930,Collaborative design method and device of gear transmission system facing marine environment,"The invention discloses a collaborative design method and a device of a gear transmission system facing to an ocean environment, and relates to the field of mechanical design, wherein the collaborative design method comprises the steps of obtaining the working depth of the gear transmission system in the ocean environment, and calculating the ocean environment parameters based on the depth and a first relation; the method comprises the steps of calculating state parameters of lubricating oil used in a gear transmission system according to environment parameters and a second relation, selecting initial gear materials in a material performance parameter database according to the state parameters of the lubricating oil and the environment parameters of ocean, selecting initial configurations in a configuration database according to design requirements of the gear transmission system, inputting the initial gear materials and the initial configurations as initial conditions, inputting the gear materials and the configurations into a coupling performance prediction model to predict to obtain performance indexes, and adopting a multi-objective optimization algorithm to carry out iterative solution on an objective function under constraint conditions to obtain the optimal gear materials and configurations. The invention overcomes the limitation of the traditional split design and can capture complex coupling relations.",,,G06F2119/14 | G06F2119/08 | G06F2113/08 | G06F2111/20 | G06F30/28 | G06F30/27 | G06F30/17,G06F119/14 | G06F119/08 | G06F113/08 | G06F111/20 | G06F30/28 | G06F30/27 | G06F30/17,general,1,海洋環境向け歯車伝動系協調設計、初期条件。設計最適化手法
CN-120930379-B,CN,B,97590808,CN-202511448122-A,20260123,20251011,Motor stator winding turn-to-turn short circuit modeling and simulation system,"The invention discloses a motor stator winding turn-to-turn short circuit modeling and simulation system, which relates to the technical field of motor fault simulation and comprises a feature extraction module, a fault evolution modeling module, a multilevel parameter dynamic correction module and a simulation strategy optimization module, wherein the feature extraction module is used for calculating and generating a fault excitation index and winding chaos entropy from acquired motor operation data, the fault evolution modeling module is used for solving a preset fault evolution model based on the fault excitation index and the winding chaos entropy to generate an updated fault resistance, the multilevel parameter dynamic correction module is used for correcting parameters of a simulation model according to the winding chaos entropy, and the simulation strategy optimization module is used for switching among a plurality of preset simulation modes according to the winding chaos entropy. According to the invention, a closed-loop self-adaptive system is constructed, a interdisciplinary theory is fused, dynamic simulation of the turn-to-turn short circuit full life cycle of the motor is realized, and high fidelity, physical interpretability and calculation efficiency are considered through a multi-level correction and self-adaptive strategy.",,,G06F30/20 | G01R31/52 | G01R31/346 | G01R31/343,G01R31/52 | G01R31/34 | G06F30/20,general,3,モータ固定子巻線短絡モデリング(重複パターン)。故障進展シミュレーション
CN-119026200-B,CN,B,93537666,CN-202310592174-A,20260123,20230523,Foam drainage construction boundary condition determining method and system,"The invention discloses a foam drainage construction boundary condition determining method and system, which comprise the steps of constructing a wellbore multiphase flow model considering a pressure field, a temperature field and a well structure, constructing a gas reservoir production characteristic model considering reservoir shale gas adsorption analysis characteristics, constructing a critical liquid carrying speed model according to target gas well production parameters predicted by the wellbore multiphase flow model and the gas reservoir production characteristic model, predicting critical liquid carrying flow rate of the target gas well according to the critical liquid carrying speed model, predicting gas apparent flow rate of the target gas well according to the gas reservoir production characteristic model, and determining wellbore liquid accumulation time and wellbore liquid accumulation characteristics of the target gas well based on the critical liquid carrying flow rate and the gas apparent flow rate. The method provided by the invention considers the influence of multiphase flow rules in the shaft on the production dynamics of the gas reservoir and the foam drainage construction effect, and can judge the foam drainage construction effect and the subsequent filling system according to the real-time shaft dropsy condition.",,,G06F2119/14 | G06F2119/02 | G06F30/20 | G06F30/13,G06F119/14 | G06F119/02 | G06F30/20 | G06F30/13,general,1,泡沫排水坑井境界条件決定、物理モデリング。ガス井生産手法
CN-119442967-B,CN,B,94517262,CN-202411536162-A,20260123,20241031,"Fluid simulation data prediction and noise reduction method, system and device","The invention provides a fluid simulation data prediction and noise reduction method, a system and a device, which relate to the technical field of fluid simulation, wherein the method mainly comprises the following steps of 1, constructing a simulation model; the simulation model comprises a self-encoder, a denoising model and a decoder which are sequentially arranged, wherein the self-encoder is used for encoding condition input data and mapping the condition input data to a potential space to obtain characterization data, the denoising model is used for introducing noise into the characterization data and converting the noise into target data through noise reduction processing, the decoder is used for decoding the target data and mapping the target data to a functional space to obtain simulation result data, and step 2 is used for inputting initial condition data of fluid dynamics to the simulation model and outputting corresponding prediction result data. The scheme completes space noise reduction and output generation operation in potential space, can improve operation efficiency, reduce operation cost, and enable output to be smoother, thereby improving quality and stability of output.",,,Y02T90/00 | G06F2119/14 | G06F2113/08 | G06F18/21355 | G06F18/10 | G06N5/042 | G06N3/094 | G06N3/0475 | G06N3/047 | G06N3/0455 | G06F30/27 | G06F30/28,G06N5/04 | G06N3/094 | G06N3/0475 | G06N3/047 | G06N3/0455 | G06F119/14 | G06F113/08 | G06F30/27 | G06F18/2135 | G06F18/10 | G06F30/28,general,1,流体シミュレーションデータ予測ノイズ低減オートエンコーダ。物理+MLノイズ低減手法
CN-120893271-B,CN,B,97506866,CN-202511417577-A,20260123,20250930,Temperature time sequence prediction method and device for mechanism-data reconstruction particle flow system,"The invention provides a temperature time sequence prediction method and a temperature time sequence prediction device for a mechanism-data reconstruction particle flow system, wherein the method comprises a brand-new physical information neural network method (PINN) constructed by combining a normalization time, a dimensionless particle temperature and a local weight adjustment method, a theoretical comprehensive loss function is constructed by a control equation, initial conditions and limited observation data sample points, the simple uniform cooling particle flow system is taken as a case, the corresponding comprehensive loss function is determined one by one according to three inverse problems of loss energy continuous dissipation coefficient, loss initial particle temperature and loss of both, the specific comprehensive loss function is taken as a target to solve, iterative updating is carried out, and the loss values and the rule of the particle temperature in the three inverse problems with time change are sequentially and accurately determined. According to the invention, PINN is considered to combine experimental data with a simulation method, and the accuracy and the robustness are high on the conditions of predicting flow field information, a closed control equation and a primary value.",,,G06F2119/08 | G06N3/042 | G06F18/214 | G06F18/241 | G06F30/27 | G06F30/25,G06N3/042 | G06F119/08 | G06F30/27 | G06F18/241 | G06F18/214 | G06F30/25,general,1,粒子流温度時系列予測PINN、初期条件。物理+ML予測手法
CN-121145743-B,CN,B,97994484,CN-202511685821-A,20260123,20251118,Large-flow dynamic water grouting simulation method and system based on deep learning,"The invention discloses a large-flow dynamic water grouting simulation method and a system based on deep learning, and relates to the technical field of grouting simulation, wherein the method comprises the steps of constructing a neural network model; the method comprises the steps of constructing a tunnel three-dimensional simulation physical model, conducting grid division on the tunnel three-dimensional simulation physical model, setting the relative directions of large-flow moving water and grouting diffusion, setting a slurry injection port, a moving water inlet and a moving water outlet of the tunnel three-dimensional simulation physical model, setting initial conditions of grouting diffusion, inputting initial speeds of slurry and large-flow moving water and initial interval distances of the initial speeds and the initial intervals into the large-flow moving water grouting model, outputting the speed and the range of slurry diffusion at each moment by the large-flow moving water grouting model, feeding back the output value of the large-flow moving water grouting model at each moment to the tunnel three-dimensional simulation physical model, obtaining grouting effect, and guiding the grouting process of actual tunnel construction according to the grouting effect.",,,G06F2119/14 | G06F2113/08 | G06F2111/10 | G06N3/0464 | G06F18/214 | G06F30/27 | G06F30/28,G06N3/0464 | G06F119/14 | G06F113/08 | G06F111/10 | G06F30/27 | G06F18/214 | G06F30/28,general,1,大流量動水灌漿シミュレーション深層学習、初期条件。トンネル施工指導手法
CN-120832834-B,CN,B,97396982,CN-202511339695-A,20260123,20250919,Structure fracture damage simulation method and system based on deep learning,"The invention belongs to the field of structural fracture damage simulation, and provides a structural fracture damage simulation method and system based on deep learning, which are used for solving the problems that the full-flow prediction precision of complex fracture behaviors depends on network architecture design and an optimization algorithm and universality is limited. The structural fracture damage simulation method based on deep learning comprises the steps of constructing a neural network model and setting initial parameters, optimizing the initial parameters of the neural network model based on a sample set and a loss function to obtain a trained neural network model, and predicting crack initiation, expansion and bifurcation combination in a structural domain by utilizing the trained neural network model based on current structural geometric parameters, material parameters, boundary conditions and initial crack information to obtain a displacement field, a stress field and damage evolution result. The adaptability of the model to different working conditions can be enhanced by introducing multi-scale and multi-physical field information.",,,G06F2119/02 | G06F2119/14 | G06F2111/04 | G06F30/25 | G06F30/10 | G06F30/27,G06F119/14 | G06F119/02 | G06F111/04 | G06F30/25 | G06F30/10 | G06F30/27,general,2,構造破壊損傷シミュレーション深層学習。様々な境界条件下でクラック進展を予測するがツール自体が予測目的
CN-121393244-A,CN,A,98477298,CN-202511655279-A,20260123,20251112,Comprehensive assessment system for simulation explosive-handling training,"The invention discloses a comprehensive assessment system for simulated explosive-handling training, relates to the technical fields of emergency rescue, security inspection explosive-handling, anti-terrorism and military training, and aims to solve the problems that the conventional explosive-handling training means is single, and students are difficult to form comprehensive continuous assessment due to the fact that training modes are mutually independent, and the assessment link depends on subjective experience of instructors and lacks unified objective quantification standards. The system comprises three core subsystems of VR virtual explosion-venting training, an explosion-venting command sand table, indoor physical simulation training and a comprehensive assessment management platform. The platform can be communicated with all subsystems to collect and process student operation data, and can automatically score based on a scoring model established by national and industry standards and combined with explosion venting expert experience, personal log files can be generated by integrating the data, final result of students is calculated according to preset weights, comprehensiveness of training assessment, objectivity and authority of scoring are achieved, training immersion and safety are guaranteed, and meanwhile support is provided for accurate coaching and training effect assessment through data management.",BEIJING DEMEI ZHONGMAO TECH CO LTD,XIAO LEI | YANG SONGZHU | YUAN SHUAI,G09B9/003 | G09B9/00,G09B9/00,general,3,VR爆発物処理訓練総合評価システム。ハザード(爆発)シナリオ訓練シミュレーション
WO-2026015921-A1,WO,A1,96848097,AT-2025060286-W,20260122,20240718,Determining deformation parameters for a crash test by means of machine learning,"The invention relates to a computer-implemented method and system for indirectly measuring, by means of a trained machine learning model, deformation parameters for a crash test of a vehicle to be analyzed, having the following work steps: • detecting geometry parameters of a plurality of different vehicles, the parameters being measured by means of a sensor; • calculating a location probability distribution for each component and/or assembly, in particular each crash-relevant component and/or assembly, within a vehicle configuration space of the vehicle to be analyzed, the location probability distribution being derived from the detected geometry parameters; • determining boundary conditions with respect to the vehicle structure, in particular the arrangement of the components and the rigidities thereof, of the vehicle to be analyzed; • determining the vehicle structure, which is characterized by at least one geometry parameter, of a vehicle to be analyzed on the basis of the boundary conditions and the location probability distribution; • detecting at least one material parameter of individual portions of the vehicle structure, said parameters characterizing the mass, plastic properties, and elastic properties, in particular moduli of elasticity and flow curves, of the individual portions of the vehicle structure, the at least one geometry parameter and the at least one material parameter forming vehicle data relating to the vehicle to be analyzed; • calculating output data means of the machine learning model on the basis of input data, the input data being based on the vehicle data and the output data comprising a value for at least one first deformation parameter for the intrusion into the vehicle to be analyzed; and • outputting the at least one value for the first deformation parameter. The invention further relates to a computer-implemented method and a system for training the machine learning model.",AVL LIST GMBH,PAUER-NUSSBAUMER GERNOT | KNOTZ CHRISTOPH | WOLF CHRISTOPH | HAUPTMANN THOMAS | GROJER BERND | WERNIG JOHANNES,G06N3/0464 | G06N3/084 | G06N3/04 | G06N3/045 | G06F2119/14 | G06F2119/02 | G06F30/23 | G06N3/08 | G06F30/27 | G06F30/15 | G06N3/08 | G06F2119/14 | G06F2119/02 | G06F2111/10 | G01L5/0052 | G01M17/0078 | G06N20/00 | G06F30/23 | G06F30/27 | G06F30/15,G06N3/08 | G06F119/14 | G06F119/02 | G06F30/27 | G06F30/23 | G06F30/15,general,4,AVL: 機械学習によるクラッシュテスト変形パラメータ推定。境界条件から車両構造を決定しMLモデルを訓練。衝突(ハザード)シミュレーション+ML訓練に合致
WO-2026017170-A1,WO,A1,93709021,CN-2025109445-W,20260122,20240718,Tunnel lining design method and system based on complex variable function method,"The present invention relates to the field of tunnel construction. Disclosed are a tunnel lining design method and system based on a complex variable function method. The method comprises: selecting a tunnel excavation radius, a tunnel burial depth, a lining elastic modulus and a lining thickness, and determining a rock mass region of a tunnel and a lining region thereof; on the basis of a mapping function, respectively mapping the rock mass region and lining region of the tunnel into a rock mass annular region and a lining annular region, so as to respectively construct analytical functions of the rock mass region and the lining region under different contact conditions; solving the analytical functions on the basis of boundary conditions and continuity conditions of the rock mass region, the lining region and the contact surface therebetween; respectively calculating and acquiring the stress and displacement of any point in the lining region and the rock mass region by combining stress and displacement expressions for lining and rock mass; and determining whether a tunnel design meets design requirements, and if the tunnel design does not meet the design requirements, adjusting the lining elastic modulus and the lining thickness until the design requirements are met. The present invention is applicable to lining design parameters of tunnels of different shapes, and can effectively improve the accuracy of calculating lining design parameters.",UNIV SHANDONG,LI LIPING | LIU HONGLIANG | CAI HUI | CHEN CHANGYUAN | TU WENFENG | SUN SHANGQU | GAO XIN | WANG SHICHENG | ZHANG XUTONG,G06F2113/14 | G06F30/20 | G06F30/13,G06F30/20 | G06F30/13,general,1,複素変数関数法によるトンネル覆工設計、境界条件。構造設計計算手法
CN-118664007-B,CN,B,92730154,CN-202410679711-A,20260120,20240529,"Mechanism and support vector regression-based solder paste temperature soft measurement method, system, electronic equipment and storage medium","The invention discloses a solder paste temperature soft measurement method, a solder paste temperature soft measurement system, electronic equipment and a storage medium based on mechanism and support vector regression, wherein the method comprises the steps of obtaining a one-dimensional heat conduction differential equation, an inner surface boundary condition equation and an initial temperature distribution condition in a solder paste heating process according to an energy conservation law and a Fourier law; the method comprises the steps of obtaining a one-dimensional heat conduction differential equation, obtaining a first mathematical model by discretizing the one-dimensional heat conduction differential equation according to a finite difference method, simplifying the boundary condition equation of the inner surface to obtain a second mathematical model, obtaining the measured temperature of the outer surface of the solder paste, obtaining a mechanism model according to the measured temperature of the outer surface, the first mathematical model, the second mathematical model and the initial temperature distribution condition, and obtaining the inner surface temperature of the solder paste according to the mechanism model. The method is simple in implementation and accurate in calculation result, can effectively improve the temperature measurement progress in the welding process and improve the welding quality, and can be widely applied to the technical field of laser soft soldering modeling.",,,G06F2119/08 | G06F30/27 | G06F30/23 | G06F17/13 | G01K7/02 | G01J5/00 | B23K3/08 | B23K1/0056,G06F119/08 | G06F30/27 | G06F30/23 | G06F17/13 | G01K7/02 | G01J5/00 | B23K3/08 | B23K1/005,general,1,はんだペースト温度ソフト計測、境界条件。物理+ML計測手法
CN-116047931-B,CN,B,86128376,CN-202211496459-A,20260120,20221127,Semi-physical simulation test method for overturning and terminal control,"The invention relates to a turning and tail end control semi-physical simulation test method, which is characterized in that corresponding control logic is designed according to control requirements of different stages of an aircraft, in an initial stage of emission, inertial smoothing is carried out on a course angle, a pitch angle, a course line of sight angle and a pitch line of sight angle, in a tail end guidance stage, exponential smoothing transition is carried out on a rolling angle according to a certain rule according to a bullet line of sight distance, and in a tail end attack stage, the course line of sight angle and the pitch line of sight angle are reassigned according to the change amounts of the course line of sight angle and the pitch line of sight angle so as to control the course line of sight angle and the pitch line of sight angle of a five-axis turntable. The invention effectively solves the problems that the aircraft cannot turn over maneuver and end attack simulation due to the limit of the five-axis turntable rolling frame and the limit of the angular acceleration of each frame in the semi-physical simulation test.",,,Y02T90/00 | G05B17/02,G05B17/02,general,2,旋回・終端制御の半物理シミュレーション(五軸ターンテーブル)。極限機動シミュレーション試験(防衛関連)
CN-121351457-A,CN,A,98394781,CN-202511368804-A,20260116,20250924,Industrial product defect detection method and system based on physical simulation and meta-learning,"The invention discloses an industrial defect detection method and system based on physical simulation and meta learning, wherein the method comprises the following steps of S10, generating physical simulation data; S20, data fusion and distribution alignment, S30, meta learning optimization, S40, and outputting a defect detection model. According to the invention, the diversified defect samples are generated through physical simulation, and a training frame is constructed together with real small sample data, and the quick adaptability of the meta-learning optimization model is utilized, so that the problems of scarcity of defect data, large distribution difference and insufficient detection precision in an industrial scene are effectively solved.",MSTAR TECH INC,ZHOU ROUGANG | ZHOU CAIJIAN | ZENG DONGSHENG | XU QINGYANG | ZHAO SHUWEN | CHEN AN | Xiao Enjing,G06F2119/14 | G06N3/098 | G06N3/094 | G06N3/045 | G06N3/0475 | G06F30/27 | G06F30/23,G06N3/098 | G06N3/094 | G06N3/0475 | G06N3/045 | G06F119/14 | G06F30/27 | G06F30/23,general,4,物理シミュレーション+メタ学習による工業製品欠陥検出。物理シミュレーションで多様な欠陥サンプルを生成しデータ不足を解決。目的に合致
US-2026015000-A1,US,A1,98176976,US-202519248686-A,20260115,20240712,Computer-implemented method and system for checking and modifying trajectory suggestions for an automated operating mode of a vehicle,"A computer-implemented method for checking and modifying trajectories suggested by at least one planning module for an automated operating mode of a vehicle. Situation-specific information is aggregated to ascertain at least one possible non-critical behavior of the vehicle, wherein each thus ascertained behavior is described by a set of boundary conditions. Based on the boundary conditions of the at least one ascertained behavior, the suggested trajectory is classified as critical or non-critical. At least when only critical trajectories are suggested, at least one of the critical trajectories is modified by selecting at least one of the ascertained non-critical behaviors as the target behavior and then modifying the critical trajectory such that it satisfies the boundary conditions of the target behavior at least in a given section.",BOSCH GMBH ROBERT,MUELLER JOHANNES CHRISTIAN | FREIENSTEIN HEIKO | KOHLHAAS RALF,B60W60/0011 | B60W50/06 | B60W60/0011 | B60W50/06 | B60W60/0011 | B60W60/0015,B60W60/00 | B60W50/06,general,3,Bosch: 軌道提案のクリティカル/非クリティカル分類と修正。境界条件に基づく自動運転のクリティカル軌道判定・修正
US-2026017439-A1,US,A1,93026401,US-202519208776-A,20260115,20240715,Methods and systems for optimizing aerodynamic characteristics of flow equalization air ring structures in medium-speed coal mills based on fluent simulation,"The present disclosure relates to a method and system for optimizing aerodynamic characteristics of a flow equalization air ring structure in a medium-speed coal mill based on Fluent simulation. The method comprises establishing and optimizing a model of the flow equalization air ring structure, meshing the model using Ansys ICEM, importing meshes, arranging an MRF rotating region on a dynamic ring structure, selecting an energy equation model, setting a DPM and a boundary condition, and adopting a modified mixture gas model based on empirical formulas for boundary conditions at an inlet and outlet, initializing computation information of a mesh node, setting a solver and performing iterative solving, after a computation result converges, performing post-processing on the computation result, storing the computation result, modifying structural parameters, and repeating the above steps to obtain a plurality of simulation results to obtain parameters of an optimal flow equalization air ring structure.",DATANG NORTHEAST ELECTRIC POWER TEST & RES INST CO LTD,GU Yu | GU ZENGYI | LI GUIPENG | Hao tiantian | LI QIANG | BAI FUWANG | LI JIAN | REN YANHUI | ZHAO GUOCHAO,G06F30/28 | G06F2119/14 | G06F2113/08 | G06F30/23 | G06F30/28 | G06F30/28 | G06F30/23 | G06F30/20 | G06F2113/08 | G06F2111/10 | G06F30/28,G06F30/28,general,1,石炭ミル整流環空力最適化Fluentシミュレーション、境界条件。設計最適化目的
CN-121316896-A,CN,A,98176976,CN-202510954424-A,20260113,20240712,Computer-implemented method and system for inspecting and modifying trajectories,"The invention relates to a computer-implemented method for checking and modifying a trajectory (21) that is proposed by at least one planning module (20) for an automated operating mode of a vehicle (1). The condition-specific information is thus aggregated in order to determine at least one possible non-critical behavior pattern (31 to 33) of the vehicle (1), wherein each behavior pattern (31 to 33) determined in this way is described by a set of boundary conditions. The at least one proposed trajectory (21) is classified as critical or non-critical on the basis of the at least one determined boundary condition of the behavior pattern (31 to 36). According to the invention, at least one of the critical trajectories (21) is modified, at least if only critical trajectories (21) are proposed, by selecting at least one of the ascertained non-critical behavior patterns (31 to 33) as the target behavior, and then modifying the critical trajectories (21) in such a way that they meet the boundary conditions of the target behavior (31) at least in a predefined section. The invention also relates to a computer-implemented system for inspecting and modifying a track (21).",ROBERT BOSCH CO LTD,MILLER JEFFREY C | FREIENSTEIN HEIKO | KOHLHAAS ROBERT,B60W60/0011 | B60W50/06 | B60W60/0011 | B60W60/0015,B60W30/095 | B60W60/00,general,3,Bosch軌道検査修正(重複、別出願)
CN-114922686-B,CN,B,82808963,CN-202210548785-A,20260113,20220520,Calculation method for determining influence of top plate overexcavation of deep-buried rectangular tunnel on collapse,"The invention discloses a calculation method for determining the influence of super-excavation of a top plate of a deep-buried rectangular tunnel on collapse. The method mainly comprises the following steps of determining an overexcavation shape and an overexcavation area according to the overexcavation condition of a top plate of a deep-buried rectangular tunnel, calculating the weight of a collapse body of the deep-buried rectangular tunnel to do work, calculating the internal dissipation of the collapse body of the deep-buried rectangular tunnel, solving the collapse range and the collapse amount according to the minimum energy consumption principle and boundary conditions, changing different overexcavation heights, overexcavation widths and overexcavation areas, and calculating the influence of the overexcavation heights, the overexcavation widths and the overexcavation areas on the collapse range and the collapse amount. The method can be applied to the analysis of the influence of the overexcavation on the collapse in the underground engineering with the deep-buried rectangular section form, provides a calculation method for determining the influence of the overexcavation of the top plate of the deep-buried rectangular tunnel on the collapse, can consider the influence of the overexcavation width, the overexcavation height and the overexcavation area, provides theoretical method guidance for determining the overexcavation influence and the reinforcement and prevention and control of the collapse, and is beneficial to safe construction.",,,G06F2119/14 | G06F2119/02 | G06F30/20 | G06F30/13 | E21F17/00 | E21F17/18,G06F30/20 | G06F30/13 | E21F17/18 | E21F17/00,general,2,トンネル天板超過掘削の崩落計算、境界条件。ハザード(崩落)予測の物理計算
CN-121327012-A,CN,A,98337419,CN-202511394950-A,20260113,20250928,Digital twin-driven robot full life cycle data set management method and system,"The invention relates to a digital twin-driven robot full life cycle data set management method and system, wherein the method comprises the steps of collecting multi-mode sensing data of a robot through a heterogeneous sensor network; the method comprises the steps of carrying out space-time alignment on multi-modal sensing data of a robot, storing the multi-modal sensing data of the robot into a digital twin data pool, inputting the digital twin data pool into a digital twin body corresponding to the robot, calculating value scores of each data sample in the digital twin data pool, carrying out self-adaptive distribution storage on each data sample in the digital twin data pool according to the value scores, establishing a physical fault simulation dynamics model according to the digital twin data pool through the digital twin body, calculating performance attenuation rate of the physical fault simulation dynamics model on a simulation set in real time, and dynamically adjusting acquisition frequency of the multi-modal sensing data of the robot according to the performance attenuation rate to realize management of the full life cycle data set of the robot. Compared with the prior art, the invention improves the effective data retention rate and obviously reduces the storage cost.",SHANGHAI TONGJI INDEPENDENT INTELLIGENT UNMANNED SYSTEM RES INSTITUTE | Shanghai Artificial Intelligence Innovation Center,HE BIN | ZHANG YUJIE | ZHU ZHONGPAN | DU AIMIN | ZHOU YANMIN | CHENG BIN | ZHANG PENGPENG,G05B19/04 | G06N3/096 | G06N3/0464 | G06F30/20 | G06F16/2477 | G06F16/2474 | G06F16/221 | G06F16/215 | G06F16/256,G06N3/096 | G06N3/0464 | G06F30/20 | G06F16/2458 | G06F16/22 | G06F16/215 | G05B19/04 | G06F16/25,general,3,デジタルツインロボットライフサイクルデータセット管理。物理故障シミュレーション動力学モデルを構築(ロボット分野)
US-12522224-B2,US,B2,77131697,US-202217573453-A,20260113,20210430,"Chassis simulation method and apparatus, server, storage medium and program product","The present disclosure discloses a chassis simulation method and apparatus, a server, a storage medium and a program product, which relate to the field of artificial intelligence and, in particular, to the field of intelligence driving. The method includes: acquiring a chassis control message transmitted from an automatic driving unit, and acquiring fault injection information; generating simulation information of a chassis status corresponding to the chassis control message according to the chassis control message and the fault injection information; and transmitting the simulation information of the chassis status to the automatic driving unit. The method realizes the chassis simulation scheme based on hardware-in-loop and improves the test authenticity.",APOLLO INTELLIGENT CONNECTIVITY BEIJING TECHNOLOGY CO LTD,MA JI,G06F11/3648 | B60W2050/0031 | B60W60/001 | B60W2050/0005 | B60W2050/0031 | G06F11/3668 | G06F30/20 | G01M17/007 | B60W60/001 | G06F30/20 | G06F30/15 | G06F11/3688 | G06F11/3684 | G01M17/007 | G06F11/3696 | B60W50/0205 | B60W50/02 | G06F11/3668 | G06F11/3668 | B60W2050/0031 | G06F11/3648 | B60W60/001 | B60W50/0205,G06F11/362 | B60W60/00 | B60W50/00 | B60W50/02,general,4,Apollo(百度): fault injection情報を用いたシャーシシミュレーション。HIL方式で自動運転ユニット向け故障シミュレーション。目的に合致
CN-121325040-A,CN,A,98334786,CN-202511646194-A,20260113,20251111,Permanent magnet synchronous motor single-phase open-circuit fault simulation method and system for motor simulator,"The invention belongs to the technical field of motor fault simulation, and particularly relates to a single-phase open-circuit fault simulation method and system for a permanent magnet synchronous motor for a motor simulator, which are used for truly disconnecting an open-circuit phase connection line between the motor simulator and a driving inverter through a fault control switch, avoiding steady-state switching ripple and transient regulation process of open-circuit phase current, ensuring that the open-circuit phase current is always zero, and improving the fault simulation precision; meanwhile, in the fault switching-in process, through the mutual cooperation of the fault control switch and the fault current buffer switch connected in parallel with the fault control switch, the fault control switch is opened when the fault current buffer switch is closed, single-phase open-circuit fault simulation is carried out when the current in the fault current buffer switch reaches a zero crossing point, open-circuit phase current is smoothly cut off, smooth switching between a normal model and a fault model is combined, smooth switching-in of single-phase open-circuit faults is finally realized, overvoltage caused by directly cutting off inductance current is avoided, and simulation precision is further improved while equipment safety is ensured.",UNIV XI AN JIAOTONG | XIAN ACTIONPOWER ELECTRIC CO LTD,LIU ZIPENG | ZHAO JIANHONG | LUO XUAN | Fu Zhuhui | SONG QIANG | LIU JIN-JUN | BAI XIAOQING,G01R31/34 | G01R31/56 | G01R31/54 | G06F30/20,G06F30/20 | G01R31/56 | G01R31/34 | G01R31/54,general,3,永久磁石モータ単相開放故障シミュレーション手法。モータシミュレータ向け精密fault simulation(電気工学分野)
CN-119206085-B,CN,B,94054348,CN-202411415830-A,20260109,20241011,Tree structure-based light source drawing method and device for light files,"The invention discloses a method and a device for drawing a light source of a light file based on a tree structure, wherein the method comprises the steps of dividing a three-dimensional space and a light emitting direction of light emitting rays in the light file, constructing the tree structure, regarding an enclosure of each leaf node of the tree structure as an implicit light source, updating enclosure data in the tree structure from bottom to top according to the implicit light source, and carrying out importance sampling and light emitting radiance calculation by using the updated tree structure in ray tracing drawing or optical simulation. The light source representation mode of the light file has the characteristics of high preprocessing speed, small occupied memory space and capability of representing high-frequency light file data.",,,G06T2210/12 | G06F30/20 | G06T15/506 | G06T15/06 | G06T17/005,G06T15/50 | G06T15/06 | G06F30/20 | G06T17/00,general,2,光源ツリー構造描画、重要度サンプリング(レイトレーシング)。グラフィックス手法でレアイベント訓練データ生成ではない
CN-120145873-B,CN,B,95949348,CN-202510593333-A,20260109,20250509,Wind power prediction method and system based on mesoscale-microscale dynamics,"The invention discloses a wind power prediction method and a wind power prediction system based on mesoscale-microscale dynamics, wherein the method comprises the following steps of constructing a microscale aerodynamic model of a wind power plant, setting inflow boundary conditions, generating data according to the inflow boundary conditions and the microscale aerodynamic model of the wind power plant, and constructing a database; the method comprises the steps of establishing a wind power plant mesoscale-microscale aerodynamic coupling model and a prediction network, taking the wind power plant mesoscale-microscale aerodynamic coupling model as a system environment, training the prediction network by using a database, and inputting mesoscale weather prediction data and corresponding inflow boundary conditions into the trained prediction network to obtain a wind power prediction result.",,,G06F2113/08 | G06F2111/10 | G06F2119/14 | G06F2113/06 | G06N3/08 | G06N3/0464 | G06F30/28 | G06F30/27,G06N3/08 | G06N3/0464 | G06F119/14 | G06F113/08 | G06F113/06 | G06F111/10 | G06F30/28 | G06F30/27,general,3,中規模-微視スケール風力予測。流入境界条件下でシミュレーションデータベースを生成し予測ネットワークを訓練(エネルギー分野)
US-2026010674-A1,US,A1,91828948,US-202519247393-A,20260108,20240704,Interactive digital twin system onboard a vehicle,"A method includes executing, by an Electronic Control Unit (ECU) of a vehicle, a physics-based simulation of a first simulated component of a plurality of simulated components of a digital twin including a plurality of corresponding simulated components, the first simulated component corresponding to a first physical component of a plurality of physical components of the vehicle. The method further includes modifying, by the ECU, a control strategy for operation of the vehicle to modify an operation of the vehicle based on the simulation of the first simulated component. The method further includes executing, by the ECU, the modified control strategy to control the first physical component.",VOLVO TRUCK CORP,SHAH SANKET | RAMKUMAR V CHAITHANYA,G06N3/08 | G06N20/00 | B60L58/16 | B60L2260/44 | B60L58/40 | B60L3/12 | G06F30/15 | B60L58/12 | H04L67/12 | B60W2050/0013 | B60W50/0098 | G06F30/20,B60W50/00 | G06F30/20,general,2,Volvo Truck: 車載インタラクティブデジタルツイン。物理ベースシミュレーションでリアルタイム制御戦略を修正
CN-117521335-B,CN,B,89750285,CN-202311339925-A,20260106,20231016,Acoustic velocity profile inversion method based on array multi-path delay structure,"The invention relates to a sound velocity profile inversion method based on an array multi-path delay structure, which establishes a sound velocity disturbance model, and realizes nonlinear mapping from a high-freedom disturbance structure of a sound velocity profile to vertical displacement disturbance and sea surface sound velocity disturbance by utilizing vertical displacement disturbance and sea surface sound velocity disturbance to represent sound velocity disturbance information. And (3) establishing a synthetic data set, generating a new synthetic data set based on an empirical orthogonal decomposition algorithm and adding constraint conditions, and enhancing the variability of the data set so as to enable the data set to cover the real sound velocity profile of the research area to the greatest extent. The method is characterized in that an adaptability function is constructed based on a multi-path time delay structure between a direct signal of a large-depth array and a primary sea surface reflected signal, prediction inversion of a sound velocity profile is realized by combining a genetic algorithm, the prediction inversion of the sound velocity profile can be realized by utilizing the multi-path time delay arrival structure of each channel received signal of the large-depth array and one bomb signal, the realization is simple, the method is suitable for correcting assimilation prediction of satellite remote sensing technology, and the prediction precision is improved.",,,G06F2111/04 | G06F2119/08 | G01H5/00 | G01S7/52001 | G01S7/52 | G01S15/88 | G06F17/10 | G06N3/126 | G06F30/20,G06N3/126 | G06F119/08 | G06F111/04 | G06F17/10 | G01S15/88 | G01S7/52 | G01H5/00 | G06F30/20,general,3,音速プロファイル逆解析。経験的直交分解で合成データセットを生成しデータ多様性を強化(海洋音響分野)
CN-121281363-A,CN,A,98229514,CN-202511471657-A,20260106,20251015,Physical simulation experiment device for continuous direction-changing stretching structure,"The invention discloses a physical simulation experiment device for a continuously turning and stretching structure, which comprises an experiment table, a deformation mechanism, a stretching mechanism, a rotating mechanism and a rotation counteracting mechanism, wherein the rotating mechanism comprises a rotating part, the stretching mechanism is fixed on the rotating part, the rotation counteracting mechanism comprises a connecting part and an arc-shaped sliding rail, one end of the connecting part is hinged with the deformation mechanism, the other end of the connecting part is connected with the output end of the stretching mechanism and is provided with a sliding block which is in sliding fit with the arc-shaped sliding rail, the rotation counteracting mechanism further comprises a feedback component for driving the sliding block to move along the arc-shaped sliding rail, and a set of motion decoupling and synchronous compensating mechanism is formed by arranging the rotating mechanism and combining the arc-shaped sliding rail and the connecting part with the feedback component, so that continuous and smooth change of the stretching and deforming direction and stable and controllable direction of a model are realized in the experiment process, the anastomosis degree of simulation experiment and real geological process is improved, and the accuracy and the application value of a physical simulation technology of the structure in researching a complex stretching structure system are remarkably improved.",UNIV XIAN SHIYOU,YAN BING | SONG LIJUN | XIONG ZHOUHAI | QIAO JIANWEI | ZHAO JUNYAN,G09B9/00 | G09B23/40,G09B9/00 | G09B23/40,general,1,連続方向転換伸張構造の物理シミュレーション実験装置(地質)。物理実験装置
CN-120995946-B,CN,B,97700847,CN-202511528656-A,20260106,20251024,CFD simulation-based indoor pollutant diffusion analysis method,"The invention discloses an indoor pollutant diffusion analysis method based on CFD simulation, which relates to the technical field of pollution diffusion analysis and comprises the following steps of setting a real-time monitoring unit to collect indoor environment data to be monitored, inputting the indoor environment data to be monitored to a CFD model, setting boundary conditions, constructing a background flow field of a speed field, a pressure field and a temperature field through iterative calculation, dividing an initial grid according to indoor space layout, constructing a pollutant diffusion equation under the condition of the background flow field, obtaining a pollutant estimated concentration value in a historical reference time period, outputting an actual concentration value through a pollutant concentration detection unit, determining whether grid splitting or merging is carried out according to the difference between the estimated concentration and the actual concentration and a concentration gradient, correcting parameters of a pollutant diffusion equation by utilizing the updated actual concentration value of the grid, obtaining an accurate diffusion equation, monitoring pollutant diffusion conditions in real time, and improving the accuracy of the model obviously.",,,G06F2119/08 | G06F2111/08 | G06F2111/10 | G06F2119/14 | G06F2113/08 | G06F18/15 | G16C20/70 | G16C20/20 | G06T17/20 | G06F30/27 | G06F30/23 | G06F30/28,G16C20/70 | G16C20/20 | G06T17/20 | G06F119/14 | G06F119/08 | G06F113/08 | G06F111/10 | G06F111/08 | G06F30/27 | G06F30/23 | G06F18/15 | G06F30/28,general,1,CFD室内汚染物拡散解析、境界条件。物理シミュレーション監視目的
CN-121031219-B,CN,B,97770662,CN-202511543771-A,20260106,20251028,North ocean wave forecasting method based on automatic sea ice concentration fusion,"The invention provides a North polar sea wave forecasting method based on automatic sea ice concentration fusion, which belongs to the technical field of weather forecasting, and aims to ensure the continuity of wind field driving data by establishing a wind field data automatic acquisition system, dynamically adjust parameters of an IC4M2 sea ice wave parameterization scheme by applying a sea ice wave interaction optimization model, set a boundary line in a North atlantic high-latitude sea area, process boundary wave propagation by adopting a radiation boundary condition algorithm and a sponge layer absorption technology, start WAVEWATCH III sea wave numerical mode, and use a four-order precision finite difference discrete format and a self-adaptive artificial viscosity control algorithm to calculate the North polar sea wave field, establish a sea wave forecasting product business post-processing system and solve the technical problem of lower North polar sea wave forecasting accuracy caused by insufficient sea ice wave interaction parameterization precision.",,,G01W1/10 | G06N3/084 | G06N3/045 | G06F30/27 | G06F30/23,G06N3/084 | G06N3/045 | G06F30/27 | G01W1/10 | G06F30/23,general,1,北極海波浪予測、境界条件。物理シミュレーション気象予測目的
CN-121277010-A,CN,A,98229834,CN-202410895742-A,20260106,20240704,Engine electrical system self-checking device and method under semi-physical simulation test,"The invention provides a self-checking device and a self-checking method for an engine electrical system under a semi-physical simulation test, wherein the device comprises a current source, a plurality of first relays, a programmable logic controller and an upper computer, the connection relation of cables is controlled through the on-off of the plurality of first relays, the switching between a test state and a detection state is realized, in the detection state, a normally open contact of the first relay is conducted, at the moment, the current source, the plurality of first relays and the plurality of first cables form a plurality of first detection loops, and the line state of each first cable is judged according to the excitation current and the feedback current of the first detection loops. The self-checking device for the engine electrical system can automatically and batchwise detect the on-off state of the engine electrical system, particularly has the function of detecting the on-off state of the cable from the EEC end to the distribution box and from the distribution box to the test piece, can rapidly and accurately judge the circuit state, can improve the working efficiency and shorten the preparation time before the test, and can reduce the whole detection time to less than 1 minute.",AECC COMMERCIAL AIRCRAFT ENGINE CO LTD,JIANG FEIFEI | LI XIAOYU | WANG JING,G05B17/02,G05B17/02,general,2,エンジン電気システム自己点検(半物理シミュレーション試験下)。試験診断装置目的
CN-120911976-B,CN,B,97553767,CN-202511432996-A,20260106,20251009,Hydraulic engineering supervision analysis system and method based on digital twinning,"The invention discloses a digital twin-based hydraulic engineering supervision analysis system and a digital twin-based hydraulic engineering supervision analysis method, which belong to the technical field of hydraulic engineering operation monitoring and management and comprise the steps of identifying data points which have periodic fluctuation characteristics and are sparse in spatial distribution, extracting a weak disturbance data subset, establishing a response evolution curve, identifying potential abnormal areas through neighborhood statistics and clustering, inverting the type and the distribution direction of micro damage which possibly exist on the basis of a historical time sequence and environmental boundary conditions aiming at the abnormal areas to obtain an inversion defect characteristic set, inputting a twin model to execute local thermo-osmotic-force coupling calculation to obtain a stress response evolution curve in a future preset period, calculating a risk score value according to the growth rate, step characteristics and frequency mutation of the curve, and outputting risk grade and evolution trend information when the score exceeds a set threshold.",,,G06F2111/10 | G06F2113/08 | G06F2119/08 | G06F2119/14 | G01D21/02 | G06F18/27 | G06F18/2433 | G06F18/22 | G06F18/23213 | G06F18/2131 | G06F18/15 | G06T17/205 | G06F30/23 | G06F30/27 | G06F30/28 | G06Q50/08 | G06Q10/0631 | G06Q10/0635,G06T17/20 | G06Q50/08 | G06Q10/0631 | G06F119/14 | G06F119/08 | G06F113/08 | G06F111/10 | G06F30/28 | G06F30/27 | G06F30/23 | G06F18/27 | G06F18/2433 | G06F18/23213 | G06F18/22 | G06F18/2131 | G06F18/15 | G01D21/02 | G06Q10/0635,general,2,水利工事デジタルツイン監視。境界条件下で微小損傷を逆解析しリスクスコア算出(土木ハザード監視)
CN-121282865-A,CN,A,98226747,CN-202511302059-A,20260106,20250912,Energy storage optimization scheduling method and system based on deep reinforcement learning,"The invention belongs to the technical field of power grid optimal scheduling, and provides an energy storage optimal scheduling method and system based on deep reinforcement learning, wherein the method comprises the steps of establishing an energy storage optimal scheduling simulation environment and setting state quantity, action and rewarding function; constructing an intelligent agent, establishing a data buffer zone, circularly carrying out an intelligent agent-environment interaction test, training the intelligent agent on line, and generating an energy storage optimizing scheduling strategy by utilizing the reasoning of the trained intelligent agent. The method solves the problem of scheduling optimization of the continuous strategy space of the energy storage system under the dynamic uncertainty operation boundary condition, improves the accuracy, convergence speed and stability of DRL model training, can realize real-time optimal scheduling of the large-scale energy storage system, and is suitable for deployment in application scenes such as new energy bases, centralized energy storage power stations, micro-grids and the like.",ELECTRIC POWER PLANNING & ENG INST CO LTD | NENGJIAN SHIDAI SHANGHAI NEW ENERGY STORAGE TECH RESEARCH INSTITUTE CO LTD,HUANG WENRUI | ZHANG CHAO | WANG SHIJING | SHI CHUNHUA | ZHANG YUN | DU XUELONG | FU YUHANG | Ying Yuanxu,G06F2113/04 | G06N3/084 | G06N3/092 | G06F30/27 | G06Q50/06 | G06Q10/06312 | H02J3/28 | H02J3/06 | Y04S10/50,H02J3/28 | G06Q50/06 | G06Q10/0631 | G06N3/092 | G06N3/084 | G06F113/04 | G06F30/27 | H02J3/06,general,2,深層強化学習による蓄エネ最適スケジューリング。動的不確実境界条件下のシミュレーション環境で訓練するがスケジューリング最適化目的
CN-120746053-B,CN,B,97187330,CN-202511205760-A,20260102,20250827,AI-based engineering cost big data intelligent analysis system and method,"The invention belongs to the technical field of engineering cost and relates to an AI-based engineering cost big data intelligent analysis system and method, wherein precipitation prediction parameters in a construction period are input as time-varying boundary conditions by constructing a ground pile coupling model, the transient state seepage change of foundation soil under the action of precipitation is analyzed, the increment distribution of pore water pressure in the peripheral influence area of each supporting pile is quantized, the pile body inclination probability, the embedding failure probability and the soil loss probability among piles of the supporting piles are predicted based on the reduction relation of the pore water pressure increment relative to the effective stress of soil, the directional parameter adjustment is triggered according to the probability exceeding threshold condition, a supporting pile design parameter adjustment scheme and corresponding supporting structure increment cost are formulated, the high precipitation risk working condition is identified in advance to output risk regulation supporting cost, the possibility of supporting structure failure is effectively reduced, the safety and stability of the engineering structure are enhanced, and the economic loss caused by potential accidents is further reduced.",,,G06F2119/02 | G06F2111/08 | G06F2119/14 | G06F2113/08 | G06N3/048 | G06F18/27 | G06F30/27 | G06F30/28 | G06Q50/08 | G06Q10/0635 | G06Q10/04 | G06Q10/063,G06Q50/08 | G06Q10/0635 | G06Q10/04 | G06N3/048 | G06F119/14 | G06F119/02 | G06F113/08 | G06F111/08 | G06F30/28 | G06F30/27 | G06F18/27 | G06Q10/063,general,3,降水予測境界条件で高降水リスク作業条件を事前識別。物理ベースのハザード(支保破損)リスク識別(土木分野)
CN-115470619-B,CN,B,84366531,CN-202211000235-A,20260102,20220819,Method for outputting soil information of foundation trench of submarine immersed tunnel,"The invention provides a submarine immersed tube tunnel foundation trench soil property information output method which comprises the following steps of S1, establishing a three-dimensional foundation trench geological model, S2, establishing a two-dimensional foundation trench mileage stake mark line, S3, matching a calculation region start mileage stake mark and a calculation region end mileage stake mark, S4, inputting calculation region boundary condition parameters, and S5, outputting soil property information of a calculation region by a one-key form. The method is based on a three-dimensional foundation trench geological model and combined with a soil classification calculation method, realizes one-key form output of various soil properties of a local region of a foundation trench under the condition of ensuring calculation accuracy, remarkably improves calculation accuracy and efficiency compared with a traditional section method, provides important quantification basis for process selection of construction equipment excavated by the local region of the foundation trench, has obvious effect, is also suitable for quick calculation output of soil property information of linear engineering such as foundation trench, channel, highway, railway, tunnel and urban rail transit, and has wide application.",,,G06T17/05 | G06F30/20,G06T17/05 | G06F30/20,general,1,海底沈埋トンネル基礎トレンチ土質情報出力、境界条件。地質工学計算手法
CN-121257233-A,CN,A,98198544,CN-202511825109-A,20260102,20251205,Simulation method for extrusion process of asymmetric aluminum profile,"The invention discloses an asymmetric aluminum profile extrusion process simulation method, which particularly relates to the technical field of metal forming simulation, and comprises the steps of constructing an asymmetric profile geometric model and extracting key structural parameters, establishing a multi-cavity welding die thermal-force coupling simulation model, constructing a dynamic recrystallization structure evolution model, setting extrusion process initial conditions and performing finite element simulation, comparing simulation results with historical working conditions, identifying abnormal areas and extracting flow track feature vectors, inverting microstructure evolution paths by combining tissue parameters to generate a defect prediction matrix, solving optimal process parameters through a numerical optimization algorithm, and re-simulating to verify whether tissue and stress field distribution reach standards or not.",NUCLEAR AERONAUTICAL MATERIALS TIANJIN TECH CO LTD,WANG RUIJUE | LI XUEHUAN | LI GUANGQIN | SUN FENG | ZHANG YIBO,G06F2119/14 | G06F30/27 | G06F30/23,G06F119/14 | G06F30/27 | G06F30/23,general,2,非対称アルミ押出成形シミュレーション(重複、別出願人)。欠陥予測プロセス解析
CN-120706095-B,CN,B,97115740,CN-202510847631-A,20260102,20250623,"Method, system, medium and equipment for configuring pipeline in ocean current","The application provides a method, a system, a medium and equipment for configuring pipelines in ocean currents, which are capable of accurately simulating the movement of fluid around the pipelines by establishing a layered flow velocity field and comprehensively considering the layered effect of the ocean currents, so that the interaction between the fluid and the pipelines can be reflected more truly. Meanwhile, the boundary source term is calculated according to the relation between the fluid speed of the surface of the pipeline and the displacement of the surface of the pipeline, so that the boundary source term can accurately represent the fluid reaction force caused by the movement of the surface of the pipeline. The nonlinear elastic deformation model of the pipeline under the deformation condition is constructed, so that the stress tensor of the pipeline can be well represented. Finally, the boundary source item is used as the pipeline surface force by using the immersion boundary method, so that the interaction problem of fluid and solid under the complex boundary condition can be solved. The flow velocity and the surface displacement of the pipeline are updated through iteration until the elastic mechanical equation of the pipeline converges, and an important reference basis is provided for the configuration processes of the pipeline such as design, installation and maintenance.",,,G06F2113/14 | G06F2119/14 | G06F2113/08 | G06F30/28 | G06F30/20,G06F119/14 | G06F113/14 | G06F113/08 | G06F30/28 | G06F30/20,general,1,海流中パイプライン配置、境界条件。物理シミュレーション設計目的
CN-121246859-A,CN,A,98193033,CN-202511794450-A,20260102,20251201,"Automatic driving automobile track tracking control method, device, equipment and storage medium","The application discloses an automatic driving automobile track tracking control method, device, equipment and storage medium, relating to the technical field of automatic driving automobile control, comprising the steps of acquiring environment information and vehicle state information, and determining a reference track according to the environment information and the vehicle state information; the method comprises the steps of calculating tracking errors according to the reference track and the actual state of a vehicle, calculating longitudinal expected driving moment by PID control according to the tracking errors, distributing the longitudinal expected driving moment to corresponding driving wheels of the vehicle to obtain four-wheel driving torque, adopting a gain scheduling PD controller according to the tracking errors to obtain expected front wheel corners, and controlling the vehicle according to the four-wheel driving torque and the expected front wheel corners. The problems of parameter perturbation, time variability and difficult acquisition of state quantity of the vehicle in a complex environment are solved, the adaptability of the automatic driving automobile under the complex working condition is enhanced, and the implementation cost of the controller is reduced.",NO 719 RES INSTITUTE CHINA STATE SHIPBUILDING CO LTD,YIN XIZHI | HU CHI | ZHANG YIHENG | XIA KAI | ZHANG WENJIN | SHI YAGUANG | LI GUANQUN | PAN YAN | GONG DAXIN | ZHANG LI,B60W2050/0011 | B60W30/02 | B60W50/00 | B60W60/001,B60W50/00 | B60W30/02 | B60W60/00,general,2,自動運転車軌道追従制御、パラメータ摂動。オンライン制御手法で複雑環境適応性向上
WO-2026002253-A1,WO,A1,92671111,CN-2025104813-W,20260102,20240628,"Temperature analysis method for battery cell, optimized design method for heating module, and electronic device system","The present application provides a temperature analysis method for a battery cell, comprising: constructing a three-dimensional model of a battery cell and a three-dimensional model of a heating module; performing grid division, and setting boundary conditions and initial conditions; and on the basis of the boundary conditions and the initial conditions, iteratively calculating the temperature change data of the battery cell, so as to accurately simulate the temperature distribution of the battery cell. The present application provides an optimized design method for a heating module, comprising the temperature analysis method for the battery cell. The present application also provides an electronic device system, comprising a program for implementing the temperature analysis method for the battery cell.",EVE ENERGY CO LTD,MENG XIANFENG | NI NAN | HE YU | WANG ZHEN | HAO YIFAN | DUAN DONG | WANG ZHIGUO | LIU JINCHENG,Y02E60/10 | G06F2119/14 | G06F2119/08 | G06T17/20 | G06F30/23 | G06F30/28 | G06F30/20,G06F30/20,general,1,電池セル温度解析、境界/初期条件。物理シミュレーション設計目的
CN-115481533-B,CN,B,84424161,CN-202211105809-A,20260102,20220909,State synchronization method of water conservancy model,"The invention relates to a state synchronization method of a water conservancy model, which comprises the steps of taking historical data monitoring starting time as model starting calculating time, giving model initial conditions, continuously calculating the model to the latest data monitoring time by a main service, submitting a water conservancy model calculating scheme on a browser interface of the water conservancy system by a user, transmitting calculating scheme information to a slave service of the water conservancy model by a browser, accessing a model database from the service through the main service interface, obtaining a model state file of the current calculating starting time, executing the calculating scheme by the slave service, and returning a calculating result to the user browser. According to the invention, the quick setting of the model state variable value is realized by adopting the synchronous architecture of the master-slave service, and the hydraulic model is changed from the state model to the non-state, so that the real-time calculation of the hydraulic model has timeliness and accuracy, and the calculation capability of the real-time calling of the hydraulic model is improved.",,,Y02A10/40 | G06F2113/08 | G06F30/20,G06F30/20,general,1,水利モデル状態同期、初期条件。リアルタイム計算アーキテクチャ
WO-2026000864-A1,WO,A1,92985503,CN-2024139530-W,20260102,20240625,"Crystal pulling method and system for fabricating large-diameter silicon single crystal, and silicon single crystal and medium","A crystal pulling method and system for fabricating a large-diameter silicon single crystal, and a silicon single crystal and a medium. The method can comprise: performing global two-dimensional simulation on a crystal pulling process, and acquiring a global temperature distribution, a velocity field distribution and an initial solid-liquid interface value during the crystal pulling process under a preset crystal pulling apparatus and a preset crystal pulling parameter; on the basis of the global temperature distribution and the velocity field distribution, determining a boundary condition, and on the basis of the boundary condition, performing local three-dimensional simulation on the crystal pulling process to determine a target solid-liquid interface value; adjusting the preset crystal pulling parameter until the initial solid-liquid interface value is equal to the target solid-liquid interface value within a threshold range, and using the adjusted preset crystal pulling parameter as a reference crystal pulling parameter; on the basis of the reference crystal pulling parameter, simulating and calculating a simulated defect during the crystal pulling process; on the basis of the simulated defect, iteratively optimizing the reference crystal pulling parameter until the simulated defect meets a preset condition, and using the optimized reference crystal pulling parameter as a target crystal pulling parameter; and fabricating a defect-free silicon single crystal.",XIAN ESWIN MATERIAL TECHNOLOGY CO LTD,SONG SHAOJIE,G06F2119/14 | G06F2119/08 | G06F30/28 | G06F30/10 | G06F30/20 | C30B29/06 | C30B15/20 | C30B15/00 | G06F2119/14 | G06F2119/08 | G06F30/28 | G06F30/20 | G06F30/10 | C30B29/06 | C30B15/20,C30B15/20 | C30B15/00,general,2,シリコン単結晶引き上げシミュレーション、境界条件。欠陥シミュレーションだが製造プロセス最適化目的
CN-121234627-A,CN,A,98156070,CN-202511793680-A,20251230,20251202,Method for designing composite foundation of reconstruction and extension pile foundation based on new foundation and old foundation rigidity cooperation,"The invention discloses a new and old foundation rigidity synergy-based reconstruction pile foundation composite foundation design method, which comprises the steps of dividing a joint of a new foundation and an old foundation into a plurality of areas according to rigidity differences, respectively establishing a power control equation of each area cushion layer, respectively setting boundary conditions and continuity conditions of each area cushion layer, solving power response complete solutions of each area cushion layer, combining the boundary conditions and continuity conditions with the cushion layer power response complete solutions to obtain undetermined coefficients in the complete solutions, substituting the determined undetermined coefficients to complete solution expressions, and further quantifying influences brought by the new and old foundation rigidity differences through displacement and internal force expressions, thereby guiding the reconstruction pile foundation composite foundation design. According to the invention, the rigidity difference is used as a core factor to be introduced into a dynamic model, a dynamic equation is derived from a vibration elastic sheet theory, the problems of two ends and the joint of a new foundation and an old foundation are fully considered, the key effect of pile-soil coordination rigidity is revealed through partition modeling, the foundation design is guided, and the differential deformation is reduced.",UNIV CHANGSHA SCIENCE & TECH,ZHANG SHIPING | ZHAO JIAHAO | ZHANG JUNHUI,G06F2119/14 | E01C3/00 | G06F30/13 | G06F30/20,G06F119/14 | G06F30/13 | E01C3/00 | G06F30/20,general,1,新旧基礎剛性協調杭基礎複合設計(重複)。境界条件を用いた設計手法
CN-119312665-B,CN,B,94191654,CN-202411305735-A,20251230,20240919,Small sample trajectory prediction method and system based on data-model double driving,"The invention provides a data-model double-driving-based small sample trajectory prediction method and system, which comprise the steps of building a six-degree-of-freedom trajectory model, building a small sample trajectory prediction database comprising data driving and model driving, wherein the data driving is observation data of a target trajectory, the model driving is a known full trajectory comprising all variable data of the six-degree-of-freedom trajectory model, building a trajectory prediction model based on a PINN model, building physical constraints based on the data driving and the model driving in the small sample trajectory prediction database, embedding initial conditions, boundary conditions and the physical constraints into the trajectory prediction model as loss functions, training the trajectory prediction model, and predicting the target trajectory through the trained trajectory prediction model. The method meets the ballistic prediction requirement under the condition of small samples.",,,Y02T10/40 | G06F2119/14 | G06F2111/04 | G06N3/0985 | G06N3/084 | G06N3/042 | G06F30/17 | G06F30/27,G06N3/0985 | G06N3/084 | G06N3/042 | G06F119/14 | G06F111/04 | G06F30/17 | G06F30/27,general,2,小サンプル軌道予測PINN、初期/境界条件。弾道分野の物理+ML予測、小サンプル制約下
CN-119322310-B,CN,B,94231217,CN-202411352188-A,20251230,20240926,Signal source single-station passive positioning semi-physical simulation test system and test method,"The invention discloses a signal source single-station passive positioning semi-physical simulation test system and a test method, wherein a simulated flight test scene is constructed on the ground by utilizing the relative motion of a motion simulation platform and a target simulation platform, the accuracy of the signal source single-station passive positioning of a tested system is verified by comparing the positioning result output by the tested positioning system with the actual coordinates of a simulation target, and the data recorded in the process are beneficial to error analysis. The invention has the capability of data storage and repeated test, is beneficial to problem analysis and iterative upgrade of a positioning system, and the testing system has the capability of being mechanically operated, can select a testing site according to testing requirements, and can independently work with an integrated oil machine and wireless communication equipment.",,,G01S5/021 | G05B17/02,G05B17/02 | G01S5/02,general,2,信号源単局受動測位半物理シミュレーション試験。試験検証基盤
CN-120745202-B,CN,B,97181187,CN-202510849618-A,20251230,20250624,Efficient finite cell method for lattice structure static analysis,"The invention belongs to the technical field of intensity analysis methods of lattice structures, discloses a high-efficiency finite cell method for static analysis of lattice structures, and establishes a high-efficiency and high-precision finite element modeling and analysis integrated method for the lattice structures. Aiming at the limitations that the subdivision of a high-quality hexahedral mesh is difficult and the unit needs to ensure the welting treatment in the traditional finite element analysis, the invention adopts the structured mesh to rapidly divide the mesh, improves the self-adaptive integration strategy in the prior finite cell method, and further improves the simulation efficiency. Meanwhile, a penalty function method is adopted to weakly apply the displacement boundary condition. Furthermore, the results of the finite cell method calculations are mapped into a smoother visualization model in post-processing. Through comparison of calculation examples, the invention is verified to be capable of checking domain analysis of the unfolding strength of the complex lattice structure in a stable and efficient manner, and a feasibility scheme is provided for efficient analysis of large-scale complex engineering structures.",,,G06F2119/14 | G06T17/005 | G06T17/20 | G06T17/00 | G06F30/23 | G06F30/20,G06T17/20 | G06T17/00 | G06F119/14 | G06F30/23 | G06F30/20,general,1,格子構造有限セル法静的解析、境界条件。構造計算手法
CN-120929358-B,CN,B,97590958,CN-202511460653-A,20251226,20251014,Debugging method and device of semi-physical simulation system and computer equipment,"The application relates to a debugging method and device of a semi-physical simulation system and computer equipment. The method utilizes a dual-mode dynamic switching architecture, adopts a dynamic analysis scheme based on configuration files during debugging, and can meet the requirements of flexible adjustment in a debugging stage and convenient and flexible debugging. After debugging is completed, the protocol conversion configuration file is compiled into a machine code in advance by using a JIT compiling technology, and the machine code is compiled once and used for multiple times, so that analysis configuration and dynamic calculation during each time of packing/unpacking can be reduced, delay is reduced, throughput is improved, and simulation operation efficiency is improved. The method can realize the combination of the flexibility requirement of the debugging stage and the performance requirement of the operation stage.",,,G05B17/02 | G06F11/362,G05B17/02 | G06F11/362,general,1,半物理シミュレーションシステムデバッグ手法。シミュレーション基盤ツール
US-2025390025-A1,US,A1,98219179,US-202519011972-A,20251225,20240625,Optimal near-field generation method and mask manufacturing method comprising the same,"Provided are an optimal near-field generation method and a mask manufacturing method comprising the optimal near-field generation method. The optimal near-field generation method may include obtaining a mutual interference complex diffraction pattern formed by mutual interference between a plurality of spherical waves formed as a certain plane wave incident on each of a plurality of edge segments differentiated from an edge of a design layout is scattered on each of the plurality of edge segments, obtaining a complex near-field by applying a Kirchhoff boundary condition to the mutual interference complex diffraction pattern, and obtaining an optimal near-field by optimizing the complex near-field so as to reduce a difference between the complex near-field and a rigorous near-field of the design layout.",SAMSUNG ELECTRONICS CO LTD,KIM MINHO | KIM DOYUN | KIM USEONG | PARK KYOUNGYOON,G03F7/70441 | G03F7/0037 | G03F7/70325 | G03F7/706841 | G03F7/706837 | G03F7/0037 | G03F7/706837 | G03F7/706841 | G03F7/70325 | G03F7/706841 | G03F7/706837 | G03F7/0037 | G03F7/70325 | G06F30/27 | G03F1/36 | G03F7/70441,G03F7/00,general,1,Samsung近接場マスク製造(重複)。設計手法
US-2025390624-A1,US,A1,98219422,US-202418749690-A,20251225,20240621,Method and system for designing a high voltage battery system for an electric vehicle,"A method and system for designing a battery system includes generating a geometric model for a battery system based on a plurality of design requirement data, analyzing the geometric model with an engineering physics simulation tool, performing a parametric analysis of the geometric model of the battery system using material properties and boundary conditions to obtain a plurality of battery system design data and selecting a selected battery system design from the plurality of battery system design data based on selection characteristics.",FCA US LLC,ARORA DIPAN PRADEEPKUMAR | EL-SHARKAWY ALAA EDEEN | SAYED AMR GAMAL SAMY,G06F30/20 | G06F2119/08 | B60L50/60 | G06F30/15 | B60L50/60 | G06F30/15 | B60L50/60 | G06F30/15,B60L50/60 | G06F30/15,general,2,FCA: 高電圧電池システム設計、材料特性/境界条件でパラメトリック解析。設計パラメータ変動シミュレーション(自動車電池分野)
EP-4668243-A1,EP,A1,96014551,EP-25183300-A,20251224,20240617,System and method for simulating traffic using agent-based modeling,"Implementations claimed and described herein provide systems and methods for simulating traffic using synthetic data based on agent-based modeling that simulates real drivers in a particular geographic area and time frame. In one implementation, inputting, in a machine-learning model of a simulation system, real-world agent-based position data associated with a custom selection of a geographic area and a time frame. The machine-learning model of the simulation system outputs metrics associated with synthetic agent-based position data over time within a map for the simulated environment and the variation of the simulated environment, wherein the metrics represents synthetic movement behavior of agents associated with synthetic individuals based on real movement behavior associated with the geographic area and the time frame.",ALLSTATE INSURANCE CO,BANIKAZEMI REZA PAUL | LINDER ERIC M | WEN YICHENG | NENDORF ROBERT ANDREW,G01C21/3807 | G06N3/047 | G06N3/044 | G06N7/01 | G06N3/088 | G06N3/084 | G06N3/045 | G06N3/08 | G06N3/0464 | G06N3/004 | G06N20/00 | G06N3/006 | G08G1/0133 | G08G1/0141 | G08G1/0129 | G06F30/27 | G08G1/0112,G06N20/00 | G06N3/08 | G06N3/0464 | G06N3/006 | G06N3/004 | G08G1/01,general,4,Allstate: エージェントベースモデリングで交通を合成データシミュレーション。実運転者の動きに基づき合成エージェント位置データを生成(自動車保険分野)
US-12503993-B2,US,B2,84880263,US-202418648383-A,20251223,20221215,Method for self-compensation structure of cam-lobe hydraulic motor plate distribution system,"Provided is a design method for a self-compensation structure of a cam-lobe hydraulic motor plate distribution system, which comprises that follow steps: firstly, establishing a force balance equation, a pressure distribution equation and a flow balance equation for each balance chamber, setting a boundary condition, and setting an expected nominal clearance; selecting a fit clearance for simultaneous solutions, and obtaining a set of solutions of areas; taking a maximum value in this set of solutions as the median, and setting a set of area values in the optimization design; further solving changing curves of the nominal clearance and the total leakage of the distribution system with the rotation angle of the cylinder block, and calculating the average value of various curves after the operation is smooth, and designing the self-compensation structure based on selection of the optimal combination of the fit clearance and area.",UNIV ZHEJIANG,ZHANG CHAO | ZHANG XIAOLONG | FANG YU | ZONG HUAIZHI | ZHANG JUNHUI | XU BING,F03C1/0435 | F04B1/188 | F03C1/0444 | F04B1/2021 | F03C1/0647 | F15B19/007 | Y02E10/20 | G06F2119/14 | G06F30/17 | G06F17/11 | G06F17/18 | F03C1/0409 | F03C1/0409 | G06F30/20 | F15B19/007 | F03C1/0435 | F04B1/2021 | F04B1/188 | F03C1/0647 | F03C1/0444 | F03C1/0409,F15B19/00 | F04B1/2021 | F04B1/188 | F03C1/38 | F03C1/34 | F03C1/06 | F03C1/30,general,1,油圧モータ自己補償構造設計(重複)。設計手法
CN-121180214-A,CN,A,97915866,CN-202510822259-A,20251223,20240620,"Method for operating a computer-implemented motor vehicle, computer program and electronically readable data carrier","A computer-implemented method for operating a motor vehicle (6), wherein a scenario of a driving operation is predicted using a trained prediction function (14) which predicts a scenario of at least one upcoming edge case category as output data from input data comprising operational data available in the motor vehicle (6) for an autonomous driving function of the fully automated guided vehicle, wherein the input data further comprises detection data (1) comprising an environmental perception result with an environmental sensor (9) and/or an own perception result with an own detection device (12) in the motor vehicle.",AUDI AG,BOUZOURAA MOHAMED ESSAYED,G06N3/045 | G06N3/0464 | G06N3/088 | G06N20/00 | B60W2050/0088 | B60W2756/10 | B60W2050/046 | G06N3/08 | B60W60/001,B60W50/00 | B60W40/02,general,4,Audi: 訓練された予測関数で今後のエッジケースカテゴリのシナリオを予測。自動運転向けエッジケース予測に合致
CN-115169100-B,CN,B,83488673,CN-202210754242-A,20251223,20220629,Simulation method and device for improving insulation level of insulation electric field in isolating switch,"The invention relates to a simulation method and a simulation device for improving insulation level of an insulation electric field in an isolation switch, wherein the method comprises the steps of constructing a multi-physical field coupling model of the isolation switch, wherein physical fields comprise an electromagnetic field of the isolation switch and a dilute substance transmission field of the isolation switch, constructing a geometric model according to a structure of the isolation switch, endowing the geometric model with material properties and introducing insulation gas parameters, setting boundary conditions of each physical field to optimize the geometric model to obtain a geometric optimization model, solving the geometric optimization model to obtain an optimal profile curve, wherein the optimal profile curve is the optimal size distribution of a structure of the isolation switch, obtaining the geometric model corresponding to the optimal profile curve, and solving to obtain the optimal electric field distribution and the optimal charge distribution. According to the invention, the field intensity distribution influence caused by the accumulation of surface charges of the isolating switch is researched, so that the electric potential and electric field intensity distribution under the influence of different sizes under direct current voltage are obtained, and the safe and stable operation of the isolating switch is facilitated.",,,G06F2111/04 | G06F2111/10 | G06F30/10 | G06F30/20,G06F111/10 | G06F111/04 | G06F30/10 | G06F30/20,general,1,絶縁開閉器の絶縁電界シミュレーション最適化、境界条件。設計最適化目的
CN-121180215-A,CN,A,97916149,CN-202510832257-A,20251223,20240621,Computer-implemented method and system for planning the behavior of an at least partially automated host vehicle,"The invention relates to a computer-implemented method for planning the behavior of an at least partially automated vehicle (31). The method utilizes a data base (51) consisting of predefined partial conditions (61, 62) and a partial condition analysis evaluation model for each of these partial conditions (61, 62), and a predefined rule set (100) for evaluating possible behavior patterns of the own vehicle (31) in a given condition (30). The method includes splitting a given condition into a set of data-based partial conditions, and determining boundary conditions for behavior of the host vehicle based on an analytical model of the identified partial conditions. In this case, according to the invention, a predefined, specific hierarchy is used for the partial status of the data base. The invention also relates to a computer-implemented system for behavior planning of an at least partially automated host vehicle.",ROBERT BOSCH CO LTD,HEINZEMANN CHRISTIAN | FREIENSTEIN HEIKO | ERERATIN JUHA | MILLER JEFFREY C | BERGER JENS | BUTZ MARTIN | HERRMANN MICHAEL | RITTER MARTIN | KOHLHAAS ROBERT | KNOPP STEFFEN,B60W2050/0052 | B60W2050/0028 | B60W2555/60 | B60W60/0013 | B60W60/0015 | B60W50/0098 | B60W60/00272 | B60W60/00276 | B60W30/18159 | B60W40/04,B60W50/00 | B60W40/04,general,2,Bosch行動計画(重複パターン)。境界条件によるクリティカル判定
CN-116203851-B,CN,B,86519075,CN-202310245927-A,20251219,20230315,Semi-physical simulation system and simulation method of multi-agent system in complex environment,"The invention discloses a semi-physical simulation system and a simulation method of a multi-agent system in a complex environment, wherein the simulation system comprises a monitoring module, a multi-agent control module and at least one agent motor, the multi-agent control module is directly connected with the agent motor, the monitoring module is used for monitoring the motion state of the agent motor and configuring a topological structure and time-lag parameters, the multi-agent control module is used for issuing instructions to the agent motor, the multi-agent control module comprises a topological and time-lag control module and at least one agent control sub-module, the agent control sub-modules are in one-to-one correspondence with the agent motor, the topological and time-lag control module is used for generating topological and time-lag data according to the configuration of the topological structure and the time-lag parameters and transmitting the topological and time-lag data to the agent control sub-modules, and the agent control sub-module is used for adjusting the motion of the agent motor according to the topological and time-lag data. The system can demonstrate and simulate the influence of different time lags and topology switching on the multi-agent system.",,,Y02P90/02 | G05B17/02,G05B17/02,general,2,複雑環境下マルチエージェント半物理シミュレーション。時間遅延・トポロジー影響の実証基盤
CN-121168341-A,CN,A,98038530,CN-202511698727-A,20251219,20251119,High-resolution urban wind speed prediction method based on typical neighborhood model,"The invention discloses a high-resolution urban wind speed prediction method based on a typical neighborhood model, which comprises the following steps of classifying the typical neighborhood model of a research area according to urban morphology indexes, establishing a corresponding geometric model, simulating a plurality of typical neighborhood models and real plots in the research area under different wind speed and wind direction conditions by using a computational fluid dynamics method, obtaining wind speed distribution results, constructing a database for representing the downscale change characteristics of urban wind speed, obtaining the weather boundary conditions of the medium-scale resolution in the research area by using a weather research and forecast model, constructing a multi-scale model of a nested grid, and training and verifying an MLP-CNN model combined by a multi-layer perceptron and a convolutional neural network to realize the high-resolution urban wind speed prediction of the research area.",UNIV SOUTHEAST,ZHOU XIN | SHEN XIAOHAN | LI JINGRU | WANG YINGSHAN,G06F2113/08 | G06F2119/14 | G06F30/27 | G06N3/045 | G06N3/0464 | G06F18/241 | G06F30/28,G06N3/0464 | G06N3/045 | G06F119/14 | G06F113/08 | G06F30/27 | G06F18/241 | G06F30/28,general,3,都市風速予測CFD+ML、異なる風速/風向条件下のデータベースを構築しMLP-CNNを訓練(都市気候分野)
CN-115048774-B,CN,B,83160178,CN-202210581738-A,20251219,20220526,"Flexible antenna performance determining method and device, terminal equipment and storage medium","The application is suitable for the technical field of antenna test, and provides a method, a device, terminal equipment and a storage medium for determining the performance of a flexible antenna, wherein the method firstly generates a three-dimensional simulation model of the flexible antenna to be tested according to attribute parameters of the flexible antenna to be tested, and then combining the three-dimensional simulation model of the flexible antenna to be tested with preset deformation parameters to generate deformation simulation models of the flexible antenna to be tested under different deformation amounts, and finally determining the deformation resistance of the flexible antenna to be tested according to the deformation simulation models under each deformation amount. According to the embodiment of the application, a traditional mode of simulating antenna deformation by utilizing the Poisson characteristic of a material is abandoned, a deformation simulation model of the flexible antenna to be tested under different deformation is generated by a physical simulation method, the physical characterization of the flexible antenna in the deformation process is accurately and in detail described, and the deformation resistance of the antenna structure can be effectively evaluated.",,,G06F2119/14 | G06T17/00 | G06F30/20,G06T17/00 | G06F119/14 | G06F30/20,general,2,柔軟アンテナ変形シミュレーション、異なる変形量条件下。設計評価目的のパラメータ変動シミュレーション
US-2025384186-A1,US,A1,96014551,US-202418744893-A,20251218,20240617,System and method for simulating traffic using agent-based modeling,"Implementations claimed and described herein provide systems and methods for simulating traffic using synthetic data based on agent-based modeling that simulates real drivers in a particular geographic area and time frame. In one implementation, inputting, in a machine-learning model of a simulation system, real-world agent-based position data associated with a custom selection of a geographic area and a time frame. The machine-learning model of the simulation system outputs metrics associated with synthetic agent-based position data over time within a map for the simulated environment and the variation of the simulated environment, wherein the metrics represents synthetic movement behavior of agents associated with synthetic individuals based on real movement behavior associated with the geographic area and the time frame.",ALLSTATE INSURANCE CO,BANIKAZEMI REZA PAUL | LINDER ERIC M | WEN YICHENG | NENDORF ROBERT ANDREW,G01C21/3807 | G06N3/047 | G06N3/044 | G06N7/01 | G06N3/088 | G06N3/084 | G06N3/045 | G06N3/08 | G06N3/0464 | G06N3/004 | G06N20/00 | G06N3/006 | G08G1/0133 | G08G1/0141 | G08G1/0129 | G06F30/27 | G08G1/0112 | G01C21/3807 | G06F30/27,G01C21/00 | G06F30/27,general,4,Allstate交通合成データシミュレーション(重複、US版)
JP-2025183792-A,JP,A,97960661,JP-2024091660-A,20251217,20240605,Numerical analysis device and numerical analysis method,"To provide a numerical analysis device capable of predicting a flow field corresponding to an operation condition of air conditioning or the like at a high speed by using a small number of physical quantity sensors.SOLUTION: A numerical analysis device includes an ensemble creation unit 101 that creates an ensemble in which multiple analysis results are combined with boundary conditions including preset equipment operating conditions of an analysis target space, a feature vector set calculation unit 102 that divides the ensemble for each condition, applies singular value decomposition, and calculates a set of feature vectors, an observation data acquisition unit 103 that acquires observation data from a sensor that measures a physical quantity of at least a part of the analysis target space, an apparatus operation condition acquisition unit 104 that acquires an apparatus operation condition of an operation condition of an apparatus, a feature vector set selection unit 105 that selects a set of feature vectors according to the apparatus operation condition, a weight coefficient calculation unit 106 that calculates a weight coefficient of the feature vector from observation data, and a fluid field restoration unit 107 that multiplies the feature vector by the weight coefficient, adds the weight coefficients, and outputs an analysis result.SELECTED DRAWING: Figure 1",HITACHI LTD,SATO KOMA | YOSHIMURA KAZUKI | SATO WATARU,G16Y10/30 | G16Y20/10 | G06F2113/08 | G06F30/20 | G01P13/00,G16Y20/10 | G16Y10/30 | G06F30/20,general,2,日立数値解析装置、境界条件アンサンブルによる流れ場再構成(HVAC分野)
US-12497028-B1,US,B1,98049562,US-202117327723-A,20251216,20210523,Autonomous vehicle fault injection testing,"Techniques for fault injection testing are described herein. The techniques may include receiving, at a computing device, an indication to simulate a fault associated with a component of a vehicle. The computing device may be coupled to the component via a control line that includes a relay or switch component that, when activated, causes the component to simulate the fault. The computing device may also receive data indicative of a vehicle response, such as a measured trajectory of the vehicle in response to the fault, whether a backup system of the vehicle performed correctly in response to the fault, whether the vehicle responded to the fault within a threshold period of time, and the like. The computing device may determine a difference between the vehicle response and an intended response of the vehicle relative to a threshold difference.",ZOOX INC,CREGO ANDREW SCOTT | BELO DAVID MARTINS | BURROW THOMAS JOSEPH | GOTTUMUKKALA BALA SAI VARMA | KWAN ELAINE HOYEN | LOGAN JOHN DOUGLAS | MIZRAHI MICHAEL ISAAC | PARIKH DHRUMIL | RAWAT TUSHAR SHISHPAL,G09B9/042 | B60W2510/18 | G07C5/0816 | G09B9/042 | B60W60/001 | G07C5/0816 | B60W2510/18 | B60W30/09 | B60W2510/18 | G09B9/042 | G07C5/0816 | B60W60/001 | B60W30/09,G09B9/042 | G07C5/08 | B60W60/00 | B60W30/09,general,5,Zoox: 自動運転車のfault injection testing。リレー/スイッチで故障を模擬し車両応答・バックアップシステム性能を測定。目的に極めて合致
CN-121145358-A,CN,A,97981192,CN-202511056473-A,20251216,20250730,Bionic honeycomb liquid-cooling micro-channel heat exchanger structure and design method thereof,"The invention provides a bionic honeycomb liquid cooling micro-channel heat exchanger structure and a design method thereof, wherein the structure comprises a three-dimensional modeling design, a computational fluid dynamics optimization design and comprehensive performance comparison of a heat exchanger, a three-dimensional modeling software is utilized to design an inner channel structure of a bionic honeycomb and a heat source connecting part at the bottom of the heat exchanger, finite element software is introduced, grids are divided, a finite element model is established, a laminar flow model is arranged, boundary conditions such as a heat source, cooling water flow and the like are added, fluid flow and heat transfer simulation in the heat exchanger are carried out, a bionic honeycomb heat exchanger fluid dynamics model is obtained, and temperature field and flow field data are recorded. Calculating the comprehensive performance of the bionic honeycomb liquid cooling micro-channel heat exchanger, changing the structural parameters to compare the comprehensive performance of the honeycomb heat exchangers with different structures, and finally optimizing to obtain the bionic honeycomb liquid cooling micro-channel heat exchanger with the optimal comprehensive performance. The invention realizes the organic combination of design/performance and provides theoretical guidance for the structural design of the bionic honeycomb liquid cooling micro-channel heat exchanger.",UNIV BEIHANG,MENG BAO | ZHANG YIXIN | WAN MIN,G06F2111/04 | G06F2113/08 | G06F2113/14 | G06F2119/06 | G06F2119/08 | G06F2119/14 | G06T17/20 | G06F30/23 | G06F30/28 | G06F30/20 | G06F30/17,G06T17/20 | G06F119/14 | G06F119/08 | G06F119/06 | G06F113/14 | G06F113/08 | G06F111/04 | G06F30/28 | G06F30/23 | G06F30/20 | G06F30/17,general,1,ハニカム熱交換器CFD設計、境界条件。設計最適化目的
CN-121145743-A,CN,A,97994484,CN-202511685821-A,20251216,20251118,Large-flow dynamic water grouting simulation method and system based on deep learning,"The invention discloses a large-flow dynamic water grouting simulation method and a system based on deep learning, and relates to the technical field of grouting simulation, wherein the method comprises the steps of constructing a neural network model; the method comprises the steps of constructing a tunnel three-dimensional simulation physical model, conducting grid division on the tunnel three-dimensional simulation physical model, setting the relative directions of large-flow moving water and grouting diffusion, setting a slurry injection port, a moving water inlet and a moving water outlet of the tunnel three-dimensional simulation physical model, setting initial conditions of grouting diffusion, inputting initial speeds of slurry and large-flow moving water and initial interval distances of the initial speeds and the initial intervals into the large-flow moving water grouting model, outputting the speed and the range of slurry diffusion at each moment by the large-flow moving water grouting model, feeding back the output value of the large-flow moving water grouting model at each moment to the tunnel three-dimensional simulation physical model, obtaining grouting effect, and guiding the grouting process of actual tunnel construction according to the grouting effect.",UNIV SHANDONG | SHANDONG HI SPEED GROUP CO LTD,PAN DONGDONG | WANG ZHIYANG | MA CHUANYI | BU ZEHUA | ZHANG MIAO | WU DANDAN | ZHANG YICHI | ZHANG CHI,G06F2119/14 | G06F2113/08 | G06F2111/10 | G06N3/0464 | G06F18/214 | G06F30/27 | G06F30/28,G06N3/0464 | G06F119/14 | G06F113/08 | G06F111/10 | G06F30/27 | G06F18/214 | G06F30/28,general,1,動水灌漿シミュレーション深層学習(重複)。トンネル施工手法
CN-121143076-A,CN,A,97982102,CN-202511382667-A,20251216,20250925,Semi-physical simulation system and method for large commercial unmanned aerial vehicle flight control system verification,"The invention discloses a semi-physical simulation system and a method for verifying a flight control system of a large commercial unmanned aerial vehicle, which relate to the field of flight control simulation verification and comprise a simulation management system, a simulation system, a data acquisition system and a signal disconnection and connection adaptation system; the simulation management system comprises a parameter setting and monitoring module, a true simulation switching management module, a fault injection management module, a signal disconnection management module and a signal simulation and monitoring management module of an initial position, an initial state and an initial configuration of the aircraft model, and displays, monitors, processes and stores test data in real time. According to the semi-physical simulation system and method for verifying the flight control system of the large commercial unmanned aerial vehicle, provided by the invention, through a semi-physical simulation technology, a simulation model and real equipment are effectively fused, so that the verification cost is reduced, the verification flexibility and efficiency are improved, the comprehensive data analysis and recording functions are realized, and a powerful support is provided for retrospective analysis and control law optimization after a test.",AVIC XAC COMMERCIAL AIRCRAFT CO LTD,LI MENG | WANG JINGRU | SU DONG | ZHAO YUYANG | ZHANG ZE,Y02T90/00 | G05B17/02,G05B17/02,general,3,UAV飛行制御半物理シミュレーション。fault injection management moduleを含む検証プラットフォーム(航空分野)
CN-121145389-A,CN,A,97985028,CN-202511123098-A,20251216,20250812,Simulation analysis method of double-path liquid cooling energy storage system,"The invention discloses a simulation analysis method of a double-path liquid cooling energy storage system, which belongs to the technical field of double-path liquid cooling energy storage systems and comprises the steps of constructing a double-path liquid cooling energy storage system simulation analysis mathematical model, setting boundary conditions, collecting real-time data of the double-path liquid cooling energy storage system, performing simulation on the real-time data of the double-path liquid cooling energy storage system according to the double-path liquid cooling energy storage system simulation analysis mathematical model, determining a double-path liquid cooling energy storage system simulation analysis result, and optimizing a cooling plate design, a flow channel layout or a cooling liquid flow according to the double-path liquid cooling energy storage system simulation analysis result so as to optimize a thermal management design. The invention solves the problems that the existing two-way liquid cooling energy storage system cannot be effectively simulated and analyzed, the heat management design cannot be effectively optimized, the system performance is improved, and the using effect is poor. The invention can effectively simulate and analyze the double-path liquid cooling energy storage system, can effectively optimize the heat management design, improves the system performance, and can improve the use effect of the double-path liquid cooling energy storage system.",JIANGSU TONGHE NEW MATERIAL TECH CO LTD,YANG JIYONG,Y02E60/10 | G06F2119/08 | G06F30/20 | G06F30/18,G06F119/08 | G06F30/20 | G06F30/18,general,1,液冷蓄エネシステムシミュレーション解析、境界条件。設計最適化目的
CN-119312664-B,CN,B,94184094,CN-202411303526-A,20251216,20240918,"Physical simulation method, device, electronic equipment and readable storage medium","The application discloses a physical simulation method, a physical simulation device, an electronic device and a computer readable storage medium, wherein the method comprises the steps of determining vertex animation inertia data of a third frame simulation entity based on vertex animation data of a first frame simulation entity and vertex animation data of a second frame simulation entity; the method comprises the steps of sequentially enabling vertex animations of a first frame simulation entity, a second frame simulation entity and a third frame simulation entity to be adjacent, inputting vertex animation inertia data of the third frame simulation entity, vertex animation influence factor data corresponding to the vertex animation of the second frame simulation entity and the vertex animation influence factor data of the third frame simulation entity into a pre-trained correction model, outputting the vertex animation correction data of the third frame simulation entity by the pre-trained correction model, and generating the vertex animation data of the third frame simulation entity based on the vertex animation inertia data of the third frame simulation entity and the vertex animation correction data of the third frame simulation entity. The method can simulate the simulation effect of the simulation entity in real time, and the simulation effect is better.",,,G06F2119/14 | G06T13/40 | G06T13/20 | G06F30/23 | G06F30/27,G06T13/40 | G06T13/20 | G06F119/14 | G06F30/23 | G06F30/27,general,1,頂点アニメーション物理シミュレーション補正モデル。グラフィックスシミュレーション手法
CN-120893358-B,CN,B,97495711,CN-202511417354-A,20251216,20250929,Fan region flow field prediction method and electronic equipment,"The embodiment of the application simplifies fan area flow field simulation of an air cooling server into inlet boundary condition prediction, builds a rapid prediction model through an AI algorithm, so that the fan area flow field prediction can be performed efficiently, the fan outlet flow field can be predicted in high precision in a full working condition range by adopting a dual-model intelligent scheduling strategy based on a rotating speed interval, the calculation efficiency is ensured by adopting a nonlinear fitting model for low-speed steady-state flow, the dynamic characteristics are accurately captured by adopting a space-time modeling model for high-speed unsteady flow, the defect that a traditional single model is insufficient in prediction precision under different working conditions is overcome, and huge calculation cost caused by adopting complex numerical simulation under high-rotating speed working conditions is avoided.",,,G06F2119/14 | G06F2113/08 | G06F1/20 | G06N5/041 | G06N7/01 | G06N3/0985 | G06N3/09 | G06N3/084 | G06N3/0499 | G06N3/049 | G06N3/0464 | G06N3/0442 | G06N3/0455 | G06N3/045 | G06F30/27 | G06F30/28,G06N7/01 | G06N5/04 | G06N3/0985 | G06N3/09 | G06N3/084 | G06N3/0499 | G06N3/049 | G06N3/0464 | G06N3/0455 | G06N3/045 | G06N3/0442 | G06F119/14 | G06F113/08 | G06F30/27 | G06F1/20 | G06F30/28,general,2,ファン領域流れ場予測AI、入口境界条件。全作動条件範囲での多条件予測手法
CN-120802667-B,CN,B,97309613,CN-202510933972-A,20251216,20250708,High-precision space GNC full-physical simulation test platform and test method,"The invention belongs to the technical field of ground simulation test of spacecrafts, and discloses a high-precision space GNC full-physical simulation test platform which consists of a three-dimensional motion execution system, a distributed real-time control system, a capture interaction simulation system, a safety protection system and a three-dimensional motion simulation and path planning system, wherein the simulation motion range is remarkably expanded by integrating a three-dimensional track type large-range motion execution system and a double grating ruler closed-loop detection structure, the technical bottleneck that the existing platform is limited by a single shaft, a two-dimensional sliding rail and limited movement amplitude is broken through, the platform realizes high-precision cooperation of a movement control system and a track system, space high-dynamic movement simulation of large-size and high-inertia complex targets can be met, and complex tasks such as space intersection butt joint, target capture and micro-force control can be effectively simulated through the integrated design of a capture interaction simulation system, autonomous tracking of target flight paths, flexible capture of flying claws and small multi-degree-of-freedom control verification are supported.",,,G05B17/02,G05B17/02,general,2,宇宙GNC全物理シミュレーション試験プラットフォーム。ドッキング/捕獲のシミュレーション試験基盤
CN-120951832-B,CN,B,97609629,CN-202511483812-A,20251216,20251017,Hydraulic pump air tightness multi-physical field coupling simulation method,"The invention relates to the technical field of hydraulic pump simulation, and discloses a hydraulic pump air tightness multi-physical field coupling simulation method. The method comprises the steps of firstly establishing a three-dimensional geometric model based on hydraulic pump structural parameters, setting multi-physical field coupling boundary conditions such as a fluid field, a temperature field, a stress field and the like, and then carrying out dynamic grid division to generate an adaptive grid topological structure. And inputting the boundary conditions into a coupling solver for iterative computation to obtain initial simulation data, optimizing a grid model according to residual distribution, executing multi-field coupling simulation computation by using the optimized model, and outputting a result. The coupling solver is subjected to history experimental data training construction, the grid can be subjected to local encryption or sparsification, simulation results are stored in a classified mode, access keys are set to ensure safety, and the solver can be optimized according to different working conditions. The method can comprehensively consider the coupling effect of multiple physical fields, improves simulation precision and calculation efficiency, and provides effective support for the study of the air tightness of the hydraulic pump and the design optimization.",,,G06F2113/08 | G06F2119/14 | G06F2119/08 | G06F30/28 | G06F30/27,G06F119/14 | G06F119/08 | G06F113/08 | G06F30/28 | G06F30/27,general,1,油圧ポンプ気密性マルチフィジックス結合シミュレーション、境界条件。設計解析目的
CN-121145681-A,CN,A,97995621,CN-202511689432-A,20251216,20251118,Beidou multisource fusion-based reservoir dam group deformation monitoring method and system,"The invention provides a method and a system for monitoring deformation of a stock dam group based on Beidou multisource fusion, wherein satellite observation signals and sensing data of a stock dam group monitoring area are received to obtain multisource input data, a preset stock dam group digital twin body model is input to simulate physical behaviors of a stock dam group structure to generate a global deformation field, the global deformation field is used as an initial boundary condition to be input into a deformation conduction dynamics model module in the stock dam group digital twin body model, deformation key conduction paths existing in the stock dam group are identified, stress-deformation forward algorithm and reverse tracing analysis are executed in the stock dam group digital twin body model based on the deformation key conduction paths, influence weights of core risk sources on deformation of the stock dam group are calculated, simulation scenes of various regulation strategies are constructed in the stock dam group digital twin body model, and simulation deduction is carried out on the deformation trend of the stock dam group under each simulation scene to obtain deformation early warning information. The invention effectively improves the reliability of early warning response.",DADU RIVER HYDROPOWER DEV CO LTD | POWERCHINA HUADONG ENGINEERING CORP LTD,KE HU | XIONG MIN | JIANG MINGCHENG | LIU HE | PI XIAOMEI | FENG TAO | CHU ZHAOWEI | HUANG YOUCAN,G06F2123/02 | G06F18/253 | G06F30/23 | G06F30/27 | G01D21/02 | G01B21/32 | G01S19/42,G06F123/02 | G06F30/23 | G06F18/25 | G01S19/42 | G01D21/02 | G01B21/32 | G06F30/27,general,3,ダム群デジタルツイン変形監視(重複)。複数規制戦略シミュレーションシーンで早期警報
CN-120822946-B,CN,B,97366353,CN-202511339783-A,20251216,20250919,Generator maintenance test data processing method,"The invention discloses a generator maintenance test data processing method, which particularly relates to the technical field of aviation generator maintenance tests and is used for solving the problems of fault diagnosis misalignment and insufficient maintenance evaluation compliance caused by data sparseness in the prior art, extracting working condition parameter boundary conditions through analysis of airworthiness test rules, constructing a physical rule constraint matrix based on an electromagnetic-thermal-force coupling relation, dynamically reconstructing the constraint matrix according to characteristic value attenuation indexes, generating physical consistency strengthening data by combining measured data with the reconstruction matrix in an optimization mode, injecting disturbance into the strengthening data boundary and marking a high risk migration area, and finally generating maintenance evaluation decisions of airworthiness compliance based on marked data to realize physical rule consistency strengthening and security risk quantification control of the maintenance test data.",,,G06F2111/04 | G06F30/27 | G06N3/0499 | G06Q10/063 | G06Q10/20,G06Q10/063 | G06N3/0499 | G06F111/04 | G06F30/27 | G06Q10/20,general,3,発電機保守試験データ処理。強化データ境界に擾乱を注入し高リスク移行領域をマーキング(航空保守分野)
CN-113935223-B,CN,B,79284497,CN-202111259799-A,20251216,20211028,"Method for determining winding parameters of pressure vessel, readable storage medium and electronic device","A method for determining winding parameters of a pressure container comprises the steps of obtaining stress functions, strain functions and displacement functions of all layers based on a pressure container mechanical model and boundary conditions, forming a failure factor, a radial deformation amount, a relation between layers and fiber angles of each layer based on the stress functions, the strain functions and the displacement functions of the layers and a strength failure criterion of the pressure container, and determining the fiber angles of each layer through an optimization algorithm based on the failure factor, the radial deformation amount, the relation between the layers and the fiber angles of each layer. According to the method, one or more groups of preferred fiber angles are obtained through an optimization algorithm, the fiber angles corresponding to the minimum number of layers can be obtained by adjusting the given number of layers and keeping the failure factors and the radial deformation to meet the requirements, the carbon fiber direction is not limited by 0 degree/+/-45 degrees/90 degrees or other given angles, a theoretical optimal layering scheme can be found after the constraint is eliminated, and the method is more beneficial to the weight reduction and the strength and rigidity design of the pressure vessel.",,,G06F2119/14 | G06F2119/02 | G06F2113/26 | G06N3/126 | G06N3/006 | G06F30/27 | G06F30/25,G06N3/126 | G06N3/006 | G06F119/14 | G06F119/02 | G06F113/26 | G06F30/27 | G06F30/25,general,1,圧力容器巻線パラメータ設計、境界条件。構造設計最適化目的
CN-120874471-B,CN,B,97465475,CN-202511367709-A,20251216,20250924,Intelligent order reduction method for head and cavity simulation model of combustion chamber of liquid rocket engine,"The invention provides an intelligent order reduction method for a liquid rocket engine combustion chamber head cavity simulation model, which comprises the steps of establishing a numerical simulation model of the liquid rocket engine combustion chamber head cavity based on the structure and the working principle of the liquid rocket engine combustion chamber head cavity, carrying out numerical simulation calculation based on the numerical simulation model and preset boundary conditions, constructing a data set based on the numerical simulation calculation result, and training a preset neural network model based on the data set to obtain a target order reduction model of the liquid rocket engine combustion chamber head cavity. The invention can realize the intelligent order reduction of the combustion chamber head and cavity simulation model, and can ensure the simulation precision of the combustion chamber head and cavity of the liquid rocket engine while improving the simulation efficiency of the combustion chamber head and cavity of the liquid rocket engine.",,,G06F2119/14 | G06F2119/08 | G06F2113/08 | G06F2111/10 | G06F2111/04 | G06N3/0442 | G06F30/15 | G06F30/28 | G06F30/27 | G06F30/23,G06N3/0442 | G06F119/14 | G06F119/08 | G06F113/08 | G06F111/10 | G06F111/04 | G06F30/28 | G06F30/27 | G06F30/15 | G06F30/23,general,2,液体ロケットエンジン燃焼室縮退モデルML、境界条件。物理+ML縮退モデル手法
CN-119358202-B,CN,B,94313372,CN-202411254784-A,20251212,20240909,Simulation design method applied to simulation surface acoustic wave filter,"The invention provides a simulation design method applied to a simulated surface acoustic wave filter, which comprises the steps of measuring an actual surface acoustic wave filter model, obtaining Y parameters of the filter, performing de-embedding treatment on an admittance characteristic curve, extracting COM model parameters and static capacitance according to the admittance characteristic curve, performing coupling mode model data simulation according to the extracted COM model parameters, comparing the coupling mode model data with actual measurement data, performing geometric modeling on a SAW filter to obtain a multi-physical field model and grids thereof, adding corresponding boundary conditions and excitation conditions to the geometric model, generating grid files, introducing the grid files into a spectral element algorithm, adopting distributed operation to save calculation time, and comparing the simulation curve of the generated COM model with the simulation curve and the actual measurement data obtained by the spectral element algorithm. The simulation accuracy is not affected, and meanwhile, the problem of overlong simulation duration of the existing acoustic wave filter is greatly accelerated.",,,Y02T90/00 | G06F30/10 | G06F30/20,G06F30/10 | G06F30/20,general,1,SAWフィルタシミュレーション設計、境界/励起条件。設計シミュレーション目的
CN-120524798-B,CN,B,96751811,CN-202510604740-A,20251212,20250512,Axle coupling system analysis method based on physical information neural network,"The invention discloses an axle coupling system analysis method based on a physical information neural network, relates to the technical field of vehicle-axle coupling systems, and aims to solve the problem of low calculation accuracy of dynamics of the vehicle-axle coupling systems. The axle coupling system analysis method based on the physical information neural network comprises the steps of establishing a vehicle model and a bridge model, establishing an axle coupling system according to the vehicle model and the bridge model, establishing the physical information neural network by taking a motion equation of the axle coupling system as a constraint condition and integrating an initial condition and a boundary condition of the axle coupling system as a loss function, selecting a plurality of random points in the axle coupling system to conduct iterative computation on the physical information neural network to obtain a trained neural network, and calculating the motion equation of the axle coupling system through the trained neural network to obtain vibration response of the axle coupling system.",,,Y02T90/00 | G06F2111/04 | G06F2119/14 | G06N3/0985 | G06N3/084 | G06F17/13 | G06F30/27,G06N3/0985 | G06N3/084 | G06F119/14 | G06F111/04 | G06F17/13 | G06F30/27,general,1,車両-橋梁結合系PINN、初期/境界条件。物理+ML動力学解析手法
CN-119514340-B,CN,B,94658275,CN-202411564296-A,20251212,20241105,Turbine blade surface field rapid prediction method based on multichannel self-attention network,"A turbine blade surface field rapid prediction method based on a multichannel self-attention network relates to the technical field of data prediction. The technical scheme includes that the method for establishing the fast prediction model of the turbine blade surface field based on the multichannel self-focusing network comprises the steps of collecting turbine blade surface field data, collecting a preset multichannel self-focusing network framework, preprocessing, extracting and modeling features of the turbine blade surface field according to the processed multichannel self-focusing network framework, and establishing a mapping relation from boundary conditions to the turbine blade surface temperature field and the pressure field according to feature extraction and modeling results. The method is suitable for the work of predicting the surface temperature field and the pressure field of the turbine blade.",,,G06F2119/14 | G06F2119/08 | G06N3/0455 | G06F30/27,G06N3/0455 | G06F119/14 | G06F119/08 | G06F30/27,general,1,タービン翼表面場予測自己注意ネットワーク、境界条件。物理+ML予測手法
CN-116580787-B,CN,B,87540155,CN-202310156803-A,20251212,20230223,Construction method of explosive fusion casting process temperature prediction model and explosive fusion casting process temperature control system,"The invention discloses a construction method of a temperature prediction model in an explosive casting process, which comprises the following steps of firstly, respectively constructing two PINN neural network models, wherein the first PINN neural network model is used for learning a thermal boundary condition in the explosive casting process to obtain the best approximation in a thermal boundary condition parameter space, the second PINN neural network model is used for constructing a proxy model to realize the quick prediction of the temperature in the explosive casting process, secondly, training and verifying the proxy model by using temperature field data in the explosive casting process, and thirdly, inputting the best approximation in the thermal boundary condition parameter space obtained by the first PINN neural network model into the proxy model obtained by training in the second step, and constructing the temperature prediction model of the explosive casting process capable of obtaining the temperature information in the explosive casting process. The invention also discloses a temperature control system for the explosive fusion casting process.",,,Y02P90/30 | G06F2209/502 | G06F2119/08 | C06B21/0058 | C06B21/005 | G16Y40/35 | G16Y40/20 | G16Y40/10 | G16Y20/20 | G16Y20/10 | G16Y10/25 | G07C3/143 | G06F9/5072 | H04L67/1097 | H04L67/125 | G06N3/08 | G06F30/27 | G06F30/23 | G16C60/00,H04L67/125 | H04L67/1097 | H04L67/1001 | G16Y40/35 | G16Y40/20 | G16Y40/10 | G16Y20/20 | G16Y20/10 | G16Y10/25 | G07C3/14 | G06N3/08 | G06N3/045 | G06N3/042 | G06F119/08 | G06F30/27 | G06F30/23 | G06F9/50 | C06B21/00 | G16C60/00,general,2,爆薬鋳造温度予測PINN、熱境界条件。危険物プロセスの物理+ML予測モデル
CN-120972619-B,CN,B,97645064,CN-202511472219-A,20251212,20251015,Airplane control surface servo actuator simulation method considering hinge moment influence,"The invention relates to the technical field of simulation and simulation of actuators, in particular to a simulation method of an aircraft control surface servo actuator considering the influence of a hinge moment, which is characterized in that an external current control command is received through an external system interface and a closed loop control module, control surface position and speed data are fed back, a fault setting and aerodynamic force data interface is provided, a current control command processing module is entered, fault simulation processing is carried out on the current control command received in the step 1, the simulation of hydraulic fault, electromagnetic valve blocking, command dead zone and control signal out-of-control is carried out, a dynamically-changed hinge moment influence factor is coupled with the movement speed of the actuator through a hinge moment coupling module, the defect that the load is simplified into a constant moment in the existing model is overcome, the influence of a pneumatic environment on the control surface movement is truly reflected, a simulation result is more close to an actual flight state, and a more reliable reference basis is provided for aircraft development, ground test and flight training.",,,Y02T90/00 | G05B17/02,G05B17/02,general,4,航空機操縦翼面サーボアクチュエータシミュレーション。油圧故障・電磁弁固着・指令デッドゾーン等複数種のfault simulation処理を実装。目的に合致(航空分野)
CN-115996787-B,CN,B,78269469,CN-202180030534-A,20251212,20200424,"Method and system for designing and evaluating performance of hollow fiber membrane contactors, i.e., MBCs, in natural gas desulfurization processes","In the examples a computer-implemented method for designing and evaluating the performance of a hollow fiber membrane contactor (MBC) in a natural gas desulfurization process is described. The MBC model includes model parameters, model equations, and boundary conditions for calculating data associated with the natural gas desulfurization process. The natural gas desulfurization process includes removing acid gases from natural gas using a solvent comprising at least one component. The method includes (i) forming a regression model using empirical data, (ii) determining a henry constant for CO  2  in the solvent using the regression model, (iii) inputting the determined henry constant for CO  2  in the MBC model as one of the model parameters, and (iv) determining CO  2  absorption in the solvent using the MBC model to design and evaluate MBC performance.",,,B01D63/02 | C10L2290/548 | C10L3/104 | B01D2257/504 | B01D2256/24 | B01D2053/224 | B01D63/04 | B01D53/22 | B01D53/18 | G06F30/20 | B01D2315/22 | B01D2313/701 | Y02C20/40 | G06F30/20 | C10L2290/548 | C10L3/104 | B01D53/18 | B01D2053/224 | B01D2256/245 | B01D2257/504 | B01D53/1475 | B01D53/22 | B01D63/02 | B01D53/1475 | G16C60/00,C10L3/10 | B01D53/22 | B01D63/02,general,1,天然ガス脱硫MBC設計評価(重複)。境界条件を用いた設計手法
CN-119849199-B,CN,B,95362559,CN-202510058347-A,20251212,20250114,Dissimilar stainless steel inertia friction welding flash forming and multi-physical field prediction method,"The invention relates to a dissimilar stainless steel inertia friction welding flash forming and multi-physical field prediction method which comprises the following steps of S1, establishing an inertia friction welding model, S2, setting material attribute parameters, S3, dividing grids, S4, setting clamp actions, S5, setting boundary conditions, S6, setting interaction and friction behaviors between contact surfaces, S7, constructing a inertia friction welding process thermal-force coupling model, calculating and obtaining temperature change data of characteristic points to obtain simulated welding flash morphology, enabling iteration times i=1, starting iterative simulation calculation, namely updating model parameters according to the temperature change data of the characteristic points, judging whether the temperature of the characteristic points and the simulated flash morphology reach termination conditions, stopping iteration to obtain simulation prediction results, and otherwise, reading the temperature change data of the ith iteration characteristic points, and enabling i=i+1. The method is favorable for efficiently and accurately predicting the flash formation and multiple physical fields.",,,G06F2119/14 | G06F2119/08 | G06F30/23 | G06F30/20,G06F119/14 | G06F119/08 | G06F30/23 | G06F30/20,general,1,異種ステンレス鋼慣性摩擦溶接マルチフィジックス予測、境界条件。製造プロセスシミュレーション
CN-120824029-B,CN,B,97370388,CN-202511332599-A,20251212,20250917,"Information processing method, device, equipment and medium for intracranial aneurysm hemodynamic prediction","The application discloses an information processing method, a device, equipment and a medium for intracranial aneurysm hemodynamic prediction, and relates to the technical field of artificial intelligence, comprising the steps of receiving a three-dimensional medical image containing an intracranial aneurysm, inputting the three-dimensional medical image into a target hemodynamic prediction model, and capturing comprehensive morphological characteristics of the intracranial aneurysm from the three-dimensional medical image; the method comprises the steps of inputting a blood flow boundary condition into a target blood flow dynamics prediction model, carrying out low-dimensional mapping on the blood flow boundary condition to obtain a first low-dimensional feature vector, receiving space point coordinates and orientation distances corresponding to sampling points in a CFD model formed by an intracranial aneurysm region, carrying out low-dimensional mapping on the space point coordinates and the orientation distances to obtain a second low-dimensional feature vector, and carrying out feature fusion on comprehensive morphological features, the first low-dimensional feature vector and the second low-dimensional feature vector through a feature fusion module to predict blood flow dynamics parameters. End-to-end hemodynamic parameter prediction is achieved.",,,G06T2207/30104 | G06T2207/20084 | G06T2207/20081 | G06F2119/14 | G06F2113/08 | G06T17/20 | G06V10/82 | G06V10/806 | G06F30/27 | G06F30/28 | G06T7/0012 | G16H30/20 | G16H50/20 | G16H50/30 | G16H50/50,G16H50/30 | G16H50/20 | G16H30/20 | G06V10/82 | G06V10/80 | G06T17/20 | G06T7/00 | G06F119/14 | G06F113/08 | G06F30/28 | G06F30/27 | G16H50/50,general,1,頭蓋内動脈瘤血流動態予測AI、血流境界条件。物理+ML医療予測手法
US-2025378215-A1,US,A1,97918318,US-202519307079-A,20251211,20200225,Method for simulating and analyzing water inrush catastrophe in tunnel construction based on peridynamics and techniques for optimizing tunnel construction,"A design method for preventing and controlling water inrush catastrophe in tunnels and techniques for optimizing actual tunnel construction, specifically: discretizing calculation model into material points, setting virtual boundary layers outside boundary of calculation model; selecting size of horizon of material points to form neighborhood matrix of material points; making crustal stress equivalent to stress boundary condition, making karst cave water pressure equivalent to normal pressure, and converting displacement constraint and tunnel support into displacement boundary conditions; solving speed and displacement of material point, determining whether bonds of all material points meet failure condition, recording local damage situations; after initial balance calculation is stable, simulating tunnel construction process by using material point dormancy method; and according to physical values of optimization parameters of actual tunnel construction obtained by simulation results that meet the requirements of water inrush catastrophe prevention and control, implementing the optimized actual tunnel construction.",UNIV SHANDONG,LI SHUCAI | LI LIPING | ZHOU ZONGQING | Gao Chenglu | YANG ZHIWEI | ZHANG DAOSHENG | LI ZHUOHUI | WANG MEIXIA | MA HUAQING,G06F30/20 | G06F30/13 | G06F30/13 | G06F30/13,G06F30/13,general,4,山東大学: ペリダイナミクスによるトンネル施工の水侵入災害シミュレーション。ハザード(水侵入災害)の物理シミュレーションで施工最適化。目的に合致
US-2025376191-A1,US,A1,97753586,US-202519222265-A,20251211,20240607,Computer-implemented method and system for monitoring trajectory suggestions for an automated operating mode of a vehicle,"A computer-implemented method and system which enable a practical verification and meaningful evaluation of trajectories suggested by a planning module for an automated operating mode of a vehicle. The method includes: aggregating situation-specific information; generating a surroundings model based on the situation-specific information; ascertaining possible behaviors of the vehicle based on the situation-specific information and the surroundings model, wherein each behavior is described by a set of boundary conditions; and prioritizing the possible behaviors of the vehicle based on the boundary conditions in conjunction with a predefined set of rules. A compatibility check is carried out for a suggested trajectory and at least one of the ascertained behaviors by checking whether the suggested trajectory satisfies the boundary conditions of the respective behavior. The suggested trajectory is then evaluated based on the results of these compatibility checks and the prioritizations of the respective behaviors.",BOSCH GMBH ROBERT,MUELLER JOHANNES CHRISTIAN | VON VIETINGHOFF ANNE | HEINZEMANN CHRISTIAN | FREIENSTEIN HEIKO | OEHLERKING JENS | HERRMANN MARTIN | BUTZ MARTIN | KELLER MAX | RITTEL MICHAEL | KOHLHAAS RALF | RUPPIN STEFAN | KNOOP STEFFEN,B60W60/0059 | B60W60/0053 | B60W30/182 | B60W60/0011 | B60W60/0059 | B60W60/0053 | B60W30/182 | B60W60/0011 | B60W2555/60 | B60W60/0053 | B60W60/0015 | B60W60/0011,B60W30/182 | B60W60/00,general,2,Bosch軌道監視(重複パターン)。境界条件による適合性チェック
WO-2025253738-A1,WO,A1,97960661,JP-2025009521-W,20251211,20240605,Numerical analysis device and numerical analysis method,"This numerical analysis device comprises: an ensemble creation unit (101) that creates an ensemble by combining a plurality of boundary conditions, which include preset equipment operating conditions for a space being analyzed, and analysis results; a feature vector set calculation unit (102) that partitions the ensemble by condition and applies singular value decomposition to calculate a set of feature vectors; an observation data acquisition unit (103) that acquires observation data from a sensor that measures a physical quantity in at least a part of the space being analyzed; an equipment operating condition acquisition unit (104) that acquires equipment operating conditions for an operation status of equipment; a feature vector set selection unit (105) that selects a set of feature vectors corresponding to the equipment operating conditions; a weighting coefficient calculation unit (106) that calculates weighting coefficients for the feature vectors from the observation data; and a fluid field reconstruction unit (107) that outputs an analysis result by multiplying the feature vectors by the weighting coefficients and summing the weighted vectors.",HITACHI LTD,SATO KOMA | YOSHIMURA KAZUKI | SATOH WATARU,G16Y10/30 | G16Y20/10 | G06F2113/08 | G06F30/20 | G01P13/00,G16Y20/10 | G06F113/08 | G06F30/20 | G01P13/00,general,2,日立数値解析装置(重複、WO版)。境界条件アンサンブル流れ場再構成
CN-121093714-A,CN,A,97888520,CN-202511599800-A,20251209,20251104,Infrared film absorptivity prediction method and system based on machine learning,"The application discloses a machine learning-based infrared film absorptivity prediction method and system, and relates to the technical field of optical film design and performance prediction, comprising the following steps of acquiring characteristic data of a film material to be detected and incident light, outputting electromagnetic field distribution and local absorption power density, and obtaining initial absorptivity distribution according to the power integral and boundary conditions; the method comprises the steps of carrying out modal analysis on initial absorptivity distribution, constructing a low-dimensional absorptivity response model, outputting absorptivity response data after dimension reduction, constructing a physical constraint neural network by taking energy conservation and Fresnel boundary conditions as constraints, carrying out absorptivity prediction on the infrared film under different conditions based on the physical constraint neural network, and optimizing film structure data through a multi-objective optimization algorithm to obtain an optimal structure parameter combination of the infrared film.",SHENZHEN ZHONGSHENG FILM MAT CO LTD,MOON HYUN-OH | HUANG HENGHAO | WEI KEQIANG,G06F2119/14 | G06F2119/08 | G16C60/00 | G16C20/70 | G06N3/042 | G06F30/27 | G06F30/23,G16C60/00 | G16C20/70 | G06N3/042 | G06F119/14 | G06F119/08 | G06F30/27 | G06F30/23,general,2,赤外線フィルム吸収率予測ML、境界条件、異なる条件下予測。設計予測手法
US-12493280-B2,US,B2,78513341,US-202217875286-A,20251209,20200518,Computer aided generative design with filtering to facilitate 2.5-axis subtractive manufacturing processes,"Methods, systems, and apparatus, including medium-encoded computer program products, for computer aided design of physical structures, where the 3D models of the physical structures are produced so as to facilitate 2.5-axis subtractive manufacturing, include: obtaining one or more design criteria and one or more boundary conditions, modifying a 3D shape of a modeled object in accordance with the one or more design criteria and the one or more boundary conditions, including employing geometry filtering or simulation results filtering in the iterative loop or inserting voids at locations selected using one or more shape skeleton lines, and providing the 3D shape of the modeled object for use in manufacturing the physical structure using one or more computer-controlled manufacturing systems that employ the 2.5-axis subtractive manufacturing process.",AUTODESK INC,EOM JAESUNG | BURLA RAVI KUMAR | RODRIGUEZ JESUS | WEISS BENJAMIN MCKITTRICK | LI NAN,G05B19/41885 | G06F30/20 | G06F2111/10 | G06F30/27 | Y02P80/40 | G05B19/4145 | G06F30/23 | G06F2111/10 | G06F30/20 | G05B19/41885 | G05B19/4145,G06F111/10 | G05B19/418 | G05B19/414 | G06F30/20,general,1,2.5軸減法製造向け生成的設計、境界条件。設計生成手法
CN-120850617-B,CN,B,97420352,CN-202511361449-A,20251209,20250923,Electronic device thermal simulation method based on parameterized model library and equivalent heat dissipation boundary,"The invention discloses an electronic device thermal simulation method based on a parameterized model library and an equivalent heat dissipation boundary, which relates to the technical field of electronic device thermal simulation, and when a typical radiator structure is adopted for heat dissipation of an electronic device, a corresponding radiator structure is called through the parameterized model library to quickly model; and acquiring a heat exchange coefficient for radiating the electronic device by establishing an equivalent heat radiation boundary condition, correcting the heat exchange coefficient based on a roughness correction mechanism, performing first thermal simulation on the electronic device, acquiring the average temperature of the fluid close to the wall based on the target heat exchange surface, updating the heat exchange coefficient, and performing second thermal simulation based on the updated heat exchange coefficient to complete the thermal simulation on the electronic device. The invention can perform quick thermal simulation in the initial stage of the design of the electronic device, meets the requirements of comparison analysis on different heat dissipation schemes, has low calculation complexity and lower requirements on users.",,,G06F2119/08 | G06F30/20,G06F119/08 | G06F30/20,general,1,電子機器熱シミュレーション、等価放熱境界。設計解析目的
CN-121084419-A,CN,A,97753586,CN-202510744764-A,20251209,20240607,Computer-implemented method and system for monitoring track suggestions,"The invention relates to a computer-implemented method and a system for monitoring trajectories (21) which are proposed by a planning module (20) for an automated vehicle operation mode. For this purpose, at least the method steps of a. Aggregating the condition-specific information, b. Generating an environmental model based on the condition-specific information (analysis step 11), c. Determining the possible behavior patterns (31 to 34) of the vehicle based on the condition-specific information and the environmental model (analysis step 12), and d. Prioritizing the possible behavior patterns (31 to 34) of the vehicle based on the boundary conditions in combination with a predefined rule set (analysis step 13) are performed. According to the invention, a compatibility check is performed for at least one of the proposed trajectory (21) and the determined behavior pattern (31, 32). The proposed trajectories (21) are then evaluated based on the results of the compatibility check and the prioritization of the individual behavior patterns (31, 32).",ROBERT BOSCH CO LTD,MILLER JEFFREY C | FITTENHOV ANDREY VLADIMIROVICH | HEINZEMANN CHRISTIAN | FREIENSTEIN HEIKO | ERERATIN JUHA | HERRMANN MICHAEL | BUTZ MARTIN | KELLER MICHAEL | RITTER MARTIN | KOHLHAAS ROBERT | RUPPIN STEPHAN | KNOPP STEFFEN,B60W60/0059 | B60W60/0053 | B60W30/182 | B60W60/0011 | B60W2555/60 | B60W60/0053 | B60W60/0015 | B60W60/0011,B60W50/00 | B60W40/02 | B60W60/00,general,2,Bosch軌道監視(重複パターン)。境界条件による適合性チェック
CN-119065347-B,CN,B,93630855,CN-202411112719-A,20251209,20240814,EVTOL aircraft-based fault simulation design system and method,"The invention discloses a eVTOL-based fault simulation design system and a eVTOL-based fault simulation design method, which belong to the technical field of aircraft fault simulation, and specifically comprise the steps of obtaining fault data of different types of eVOTL aircraft, classifying the fault data according to a preset fault classification standard, establishing a unified fault model library, carrying out modeling simulation on a core subsystem of any type of eVTOL aircraft through Simulink, sequentially extracting different fault data of the same fault type from the fault model library, and injecting the fault data into any aircraft simulation system to obtain a unified fault instruction of the aircraft simulation system, and sequentially bringing all the fault instructions into the aircraft simulation system to carry out fault simulation to obtain the eVTOL aircraft fault simulation design system. According to the invention, through a unified fault simulation design system, the pilot fault training cost is reduced, and the training efficiency is improved.",,,Y02T90/00 | G06F2119/14 | G06F2119/02 | G06F11/3457 | G06F11/263 | G06F18/241 | G06F30/15 | G06F30/27 | G05B23/0256,G06F119/14 | G06F119/02 | G06F30/27 | G06F30/15 | G06F18/241 | G06F11/34 | G06F11/263 | G05B23/02,general,4,eVTOL航空機のfault simulation設計システム。統一故障モデルライブラリから様々な故障データを注入しパイロット故障訓練を実施。目的に合致
CN-120805782-B,CN,B,97319962,CN-202511262743-A,20251205,20250905,Tidal flat evolution prediction method and system based on hybrid model,"The invention provides a tidal flat evolution prediction method and system based on a hybrid model, which relate to the technical field of intersection of dynamic geomorphology and artificial intelligence and comprise the steps of constructing a tidal flat erosion and deposition evolution database under different situations of a target coastal zone; the method comprises the steps of establishing a topography prediction model through an artificial intelligent algorithm based on a database, taking hydrodynamic feature data as input and seabed scouring and silting change amount as output, performing hybrid simulation based on a physical mechanism model and the topography prediction model, updating topography boundary conditions through cyclic iteration to realize long-duration evolution prediction, configuring a service application module, receiving user input parameters through an interactive interface and outputting a visual result. According to the invention, the traditional hydrodynamic force-sediment-landform coupling calculation is decoupled into a chain-type flow with a physical mechanism and AI cooperated, so that the calculation complexity is obviously reduced, the off-line rapid calculation business of tidal flat evolution is realized, and a real-time technical support is provided for coastal zone planning and disaster prevention decision.",,,G06F2119/14 | G06F2113/08 | G06N20/00 | G06F16/29 | G06F30/27 | G06F30/28 | Y02A90/10,G06N20/00 | G06F119/14 | G06F113/08 | G06F30/27 | G06F16/29 | G06F30/28,general,2,干潟進化予測ハイブリッドモデル、地形境界条件。物理+AI沿岸予測手法
CN-119878328-B,CN,B,95428474,CN-202411691591-A,20251205,20241125,Turbine pump testing device based on virtual-real combination,"The embodiment of the invention provides a turbine pump testing device based on virtual-real combination. The real-time simulation platform is combined with the pipeline system in the real-time simulation platform through the real-time turbine pump test bed, and the real-time turbine pump test device is combined with the real-time turbine pump test bed through sharing of test data and real-time simulation data. And (3) giving boundary conditions of the turbine pump when the system operates based on a virtual simulation pipeline system in the real-time simulation platform. Based on the boundary conditions calculated by the simulation system, the test bed is controlled to give out the same boundary conditions, the turbine pump is driven to operate, actual data of the outlet of the turbine pump is returned to the simulation system and used as input for further calculation of the simulation system, so that the characteristic analysis and verification of the turbine pump in the virtual system are carried out in a continuous circulation mode.",,,G06F30/17 | G06F30/20 | F01D21/003,G06F30/20 | G06F30/17 | F01D21/00,general,2,タービンポンプ仮想実結合試験装置、境界条件。HIL試験装置目的
CN-120724925-B,CN,B,97161116,CN-202511254577-A,20251205,20250904,Remote perception enhancement system for ground water level monitoring,"The invention discloses a remote perception enhancement system for monitoring underground water level, which comprises a sensing acquisition module, a characteristic enhancement module, an underground water inversion modeling module, a predictive water level modeling module and a monitoring perception enhancement module. The invention belongs to the technical field of underground water level monitoring, and particularly relates to a remote perception enhancement system for underground water level monitoring, which integrates underground water flow velocity direction inversion data and a multi-scale water level prediction result by adopting a comprehensive intelligent thought combining underground water inversion modeling and predictive water level modeling, not only can describe the boundary conditions of aquifer dynamics, but also can generate future evolution trend, thereby breaking through the limitation that the traditional system can only conduct single trend prediction or static state monitoring, carrying out water flow velocity direction inversion by adopting an accompanying inversion method combining anisotropic self-adaption improvement, and carrying out underground water level prediction by adopting a multi-time domain underground water level prediction model combining physical constraint and split consistency improvement.",,,G06F2119/08 | G06F2111/04 | G06F2119/14 | G06F2113/08 | G06N3/0455 | G06N3/0464 | G06N3/0442 | G06F18/10 | G06F18/2131 | G06F30/27 | G06F30/28,G06N3/0464 | G06N3/0455 | G06N3/0442 | G06F119/14 | G06F119/08 | G06F113/08 | G06F111/04 | G06F30/27 | G06F18/2131 | G06F18/10 | G06F30/28,general,1,地下水位遠隔感知強化システム、帯水層動力学境界条件。物理+ML予測システム
CN-119556590-B,CN,B,94742890,CN-202411664289-A,20251205,20241120,Ship energy management strategy construction and verification method based on deep reinforcement learning,"The invention discloses a ship energy management strategy construction and verification method based on deep reinforcement learning, which comprises the steps of collecting operation data of a ship in a certain section of sailing, preprocessing, constructing a ship energy management strategy model based on deep reinforcement learning according to the operation data, training the ship energy management strategy model, performing performance evaluation and optimization on the model, simulating actual ship working conditions through a hybrid ship semi-physical simulation platform, performing deep reinforcement learning on the ship energy management strategy model, outputting an energy distribution strategy and corresponding control hybrid ship semi-physical simulation platform action instructions, continuously collecting data of the hybrid ship semi-physical simulation platform controlled according to the energy distribution strategy, taking the collected data as feedback data, and optimally adjusting the ship energy management strategy model according to the feedback data. The invention can learn and adapt from the actual running data and has better self-adapting capability.",,,G05B17/02,G05B17/02,general,2,船舶エネルギー管理戦略のDRL構築・検証。半物理シミュレーションプラットフォームで訓練するが戦略最適化目的
CN-121072314-A,CN,A,97848272,CN-202511165712-A,20251205,20250820,Temperature field prediction and parameter inversion method for generating countermeasure network based on physical constraint,"The invention relates to a temperature field prediction and parameter inversion method for generating an countermeasure network based on physical constraints, which comprises the following steps of obtaining sensor data and sampling random latent variables, constructing a generated countermeasure model comprising a generator, a discriminator, an auxiliary parameter generator and an auxiliary variation encoder based on partial differential equations of the sensor data and the physical constraints, generating parameters of the countermeasure model by minimizing reverse KL divergence and introducing physical consistency constraints, boundary condition constraints and information entropy regularization items in a combined mode, inputting new space-time coordinates and the random latent variables after offline training is completed, obtaining a temperature field prediction result through a trained generator, and obtaining PDE parameter estimation of corresponding positions by utilizing the auxiliary parameter generator. Compared with the prior art, the method can perform unified modeling and prediction on the space-time dynamic system governed by the random partial differential equation, and has the capabilities of uncertainty quantization, physical parameter estimation and generalization under sparse observation data.",UNIV SHANGHAI JIAOTONG,ZHANG PEIHAN | WANG DI | YANG MINGCHUAN,G06F2111/04 | G06N3/088 | G06N3/084 | G06N3/0475 | G06N3/045 | G06F17/13 | G06F30/27,G06N3/088 | G06N3/084 | G06N3/0475 | G06N3/045 | G06F111/04 | G06F17/13 | G06F30/27,general,2,物理制約付きGAN温度場予測パラメータ逆解析。物理+ML汎用手法
CN-117648818-B,CN,B,90044793,CN-202311665626-A,20251205,20231206,Method and system for predicting and evaluating influence of coal seam mining on underground water,"The invention relates to a prediction evaluation method and a prediction evaluation system for the influence of coal seam mining on underground water, wherein the method comprises the following steps of S1, setting a time range, a space range and a calculation grid during underground water flow simulation and source and boundary conditions during the simulation according to an underground water numerical model, S2, setting corresponding parameters in the underground water numerical model according to a coal mining scheme, a drainage scheme, the development heights of water guiding fracture zones and the permeability coefficients of different lithology rocks of a coal seam roof and a coal seam floor at different stages of strain, S3, running the underground water numerical model to obtain underground water dynamic parameters of different time steps in a simulation area, and S4, evaluating the influence of mine water corresponding to the time step on an underground water flow field according to the obtained underground water dynamic parameters of each time step and a preset threshold range corresponding to each type of underground water dynamic parameter.",,,G06F2113/08 | G06F2111/10 | G06Q50/02 | G06F30/20,G06Q50/02 | G06F113/08 | G06F111/10 | G06F30/20,general,1,石炭採掘の地下水影響予測評価、境界条件。物理シミュレーション環境評価目的
CN-121075199-A,CN,A,97851377,CN-202511583250-A,20251205,20251031,Collaborative training system and method for nuclear power field process signal simulation device and DCS,"The invention discloses a cooperative training system and method for a nuclear power field process signal simulation device and a DCS, and relates to the technical field of nuclear power instrument control skill training, wherein the system comprises an operation training platform, a field process signal simulation device and a DCS minimum system; the simulation device comprises an upper computer, a PLC and an interface module, and performs physical I/O closed loop interaction with the multi-brand DCS through a hard wire/Modbus. Based on RINSIM preset capacity, main coolant, main water supply, main steam, turbine regulation/protection and other models, fault injection, time sequence synchronization, scene management and operation assessment are supported. The reality and expansibility are improved, and the method is suitable for nuclear power instrument control practical training and configuration joint debugging.",HUANENG HAINAN CHANGJIANG NUCLEAR POWER CO LTD,YANG SONG | TIAN LICHAO | Wei Guokang,G09B9/00,G09B9/00,general,4,原子力DCS訓練協調システム。RINSIMモデルでfault injection、シーン管理、運転評価をサポート。目的に合致(原子力分野)
CN-121072310-A,CN,A,97835735,CN-202511141590-A,20251205,20250814,"Nuclear power plant hydrogen risk analysis method, system, electronic equipment and storage medium","The invention discloses a method, a system, electronic equipment and a storage medium for analyzing hydrogen risk of a nuclear power plant, and relates to the technical field of safety analysis of the nuclear power plant. The method comprises the steps of establishing a key parameter probability distribution model of a nuclear power plant hydrogen starting accident, generating an initial condition combination sample set of the key parameters based on a probability sampling method, constructing a thermodynamic hydraulic calculation working condition matrix, executing high-fidelity simulation of full-sample working conditions, generating a containment multi-compartment space-time evolution data set, utilizing the data set training time sequence neural network model to achieve mapping of accident progress and multi-physical field parameters, inputting real-time accident types and monitoring initial values, driving the model to output hydrogen concentration prediction, and synchronously completing dynamic assessment of AICC risk and DDT risk. According to the invention, through efficient calculation and data analysis means, the rapid probability assessment of the diffusion, aggregation and explosion results of hydrogen in the containment is realized, and the risk research and judgment speed and decision reliability under severe accidents of the nuclear power plant are remarkably improved.",CHINA NUCLEAR POWER ENG CO LTD,LIU JING | NIU SHIPENG | GUO SHUJIE | WEI WEI | YU XINLI | WANG GAOPENG | Xiao Xinkun | LI JUNFEI | LIU YU | YU YUN | FANG FANGFANG | LIANG JINGYI | FENG YANG,G06Q10/0635 | G06Q50/06 | G16C20/20 | G06F30/27,G16C20/20 | G06Q50/06 | G06Q10/0635 | G06F30/27,general,5,原子力発電所水素リスク解析。確率サンプリングで初期条件組合せサンプル集合を生成、高忠実度全サンプルシミュレーションでコンテインメント時空間データセットを構築しNN訓練。重大事故(レアイベント)シナリオ解析に極めて合致(原子力分野)
CN-118862594-B,CN,B,93175405,CN-202411338295-A,20251205,20240925,"Gas turbine rotor blade temperature field prediction method, system and medium","The application relates to a method, a system and a medium for predicting a temperature field of a rotor blade of a gas turbine, wherein the method comprises the steps of constructing a high-fidelity finite element discrete model of the rotor blade of the gas turbine, and obtaining a snapshot matrix of the temperature field of the blade through high-fidelity finite element thermodynamic simulation calculation based on the high-fidelity finite element discrete model. And establishing a reduced base according to a reduced method, constructing a temperature field based on the reduced base and a constitutive equation, and constructing an initial temperature field prediction model according to a preset depth operator network frame based on the temperature field. And carrying out iterative training on the neural network in the initial temperature field prediction model through the training set to obtain the target temperature field prediction model. And predicting the temperature field of the current gas turbine blade based on the target temperature field prediction model according to the boundary condition of the current gas turbine rotor blade, and obtaining the real-time prediction result of the blade temperature field. The problem of temperature field prediction inefficiency exists in the correlation technique under a large amount of operating modes is solved.",,,G06F2119/14 | G06F2119/08 | G06N3/08 | G06N3/04 | G06F30/27 | G06F30/23,G06N3/08 | G06N3/04 | G06F119/14 | G06F119/08 | G06F30/27 | G06F30/23,general,1,ガスタービン翼温度場ML予測、境界条件。物理+ML代理予測手法
CN-115329631-B,CN,B,83919712,CN-202210908952-A,20251205,20220729,Digital twinning-based laser cutting thermal error compensation method,"A laser cutting thermal error compensation method based on digital twin comprises the following steps of S1, establishing a laser heat source model, S2, establishing a thermal deformation theoretical model, setting deformation boundary conditions through three basic modes of heat conduction, heat convection and heat radiation, describing thermal deformation through thermal expansion, S3, establishing a finite element model according to the boundary conditions and workpiece parameters of the finite element model, verifying rationality of the finite element model through manufacturer recommended parameters, generating a discretized real-time processing data set when judging rationality, S4, predicting the thermal deformation of a cutting process by taking the discretized real-time processing data set as a training data set of a machine learning algorithm to generate a thermal deformation prediction cloud image, S5, cutting, driving virtual and real information transmission through a digital twin technology, and compensating cutting speed in real time according to the cutting thermal deformation amount. The application can reduce the thermal deformation amount of the joint, reasonably avoid thermal errors and improve the laser cutting precision.",,,G06F2119/08 | B23K26/70 | B23K26/38 | G06F30/27 | G06F30/23,G06F119/08 | G06F30/27 | B23K26/70 | B23K26/38 | G06F30/23,general,2,デジタルツインレーザー切断熱誤差補償、境界条件。補償目的の物理シミュレーション
CN-120145735-B,CN,B,95954681,CN-202510174262-A,20251205,20250218,Reliability analysis method based on self-adaptive agent model and importance sampling,"The invention relates to a reliability analysis method based on a self-adaptive agent model and importance sampling, which belongs to the technical field of interventional medical stents, solves the problem of low reliability analysis efficiency of medical stents in the prior art, is used for reliability analysis of mechanical thrombus taking stents, and comprises the following steps of quantifying random parameter probability distribution of the mechanical thrombus taking stents and initializing algorithm parameters; generating random samples to obtain a training sample set and a candidate sample set, constructing and training a Kriging proxy model of a finite element model of the mechanical thrombus taking support, establishing an updated supersphere, converging and judging the radius of the updated supersphere, cross-verifying the precision of the trained Kriging proxy model by a leave-one-out method, calculating failure probability, calculating a failure probability variation coefficient and converging and judging, and when the convergence is judged to be finished, using the failure probability for safety evaluation and optimization design of the mechanical thrombus taking support, otherwise, expanding the size of the candidate sample set and returning to regenerate the random samples.",,,Y02T90/00 | G06F2119/02 | G06F30/27 | G06F30/23,G06F119/02 | G06F30/27 | G06F30/23,general,4,医療ステント信頼性解析(重複、他版)。FEM代理モデル+重要度サンプリング
CN-119479934-B,CN,B,94571195,CN-202411588650-A,20251205,20241108,Catalyst simulation method based on lattice Boltzmann model,"The invention discloses a catalyst simulation method based on a lattice Boltzmann model, and belongs to the field of water electrolysis hydrogen production. The method constructs three typical catalyst forms, abstracts two parameters of the bubble coverage area and the electrochemical activity surface area from the three typical catalyst forms to describe the catalyst form, sets corresponding boundary conditions according to actual conditions to enable simulation results to be more in line with the actual conditions, and analyzes the bubble separation time, the bubble generation diameter and the bubble coverage area in different catalyst forms by using a Shan-Chen multi-component lattice Boltzmann model. The invention discloses a relation between the appearance of the catalyst and the evolution of bubbles, which can better guide the optimization of the appearance of the catalyst and promote the improvement of the performance of the hydrogen production system by electrolyzing water.",,,Y02E60/36 | G06F2111/14 | G06F2113/08 | G06F2119/14 | C25B11/073 | C25B1/04 | G06F17/11 | G06F30/20 | G16C60/00,G06F119/14 | G06F113/08 | G06F111/14 | G06F30/20 | G06F17/11 | C25B11/073 | C25B1/04 | G16C60/00,general,1,触媒格子ボルツマンシミュレーション、境界条件。触媒設計物理シミュレーション
WO-2025245973-A1,WO,A1,91602807,CN-2024104963-W,20251204,20240530,Wind field correction method and system applied to single-station remote sensing device,"Disclosed in the present invention are a wind field correction method and system applied to a single-station remote sensing device. The method comprises the following specific steps: S1, acquiring wind field data by means of a data information acquisition apparatus, and obtaining radial wind speed information of a current acquisition point by means of a data processing module; S2, on the basis of the hypothesis of an uniform wind field, using a classical wind speed reconstruction algorithm for inversion to obtain a three-dimensional wind speed vector of the acquisition point; S3, establishing an error model; and S4, on the basis of an error factor β calculated by means of the error model, performing data correction on the three-dimensional wind speed vector of the acquisition point obtained by means of inversion in S2. Compared with the prior art, the present invention provides a high-precision correction method, which can be operated on low-end hardware, and can also be directly installed and operated on hardware of a measurement device, so that measurement results can be corrected in real time, no additional complexity can be brought to users, and costs are reduced; and the present invention is suitable for solving complex system problems when accurate boundary conditions cannot be obtained.",NANJING MOVELASER CO LTD,LIU ZHIXIN | THÉO REFFET | REN PENGFEI | XIAO ZENGLI,Y02A90/10 | G06F2111/04 | G06F2113/08 | G06F17/10 | G06F30/20 | G01P21/025,G06F113/08 | G06F111/04 | G06F30/20 | G06F17/10 | G01P21/02,general,1,風況補正リモートセンシング、境界条件。物理補正手法
EP-4655701-A1,EP,A1,85781803,EP-23714139-A,20251203,20230228,Physics-based simulation of milling operations in an industrial metaverse,System and method are disclosed for simulating manufacturing of a part by material removal. A simulation module executes a simulation of material removal by a cutting tool based on a sparse voxelization of a workpiece material and a discretized set of tool surface points. A voxelization module generates a sparse voxelization of the workpiece material and a discretization of tool surface points. A tool physics module computes reaction forces based on a set of marked tool surface points and marked material voxels and computes resulting temperature increase used to predict resulting tool wear over the course of a material removal step. The tool wear information is exported to the simulation module using a feedback loop.,SIEMENS AG,GUPTA ASHISH | KOLB SCOTT | CHAN YU-CHIN | RIBAS PATRICK,G06F30/20,G06F30/20,general,2,Siemens: 産業メタバースにおける物理ベース切削シミュレーション。工具摩耗予測の物理シミュレーション
CN-119885703-B,CN,B,95433641,CN-202411653282-A,20251202,20241119,Industrial equipment topology optimization method and system based on deep learning,"The invention provides an industrial equipment topology optimization method and system based on deep learning, wherein the method comprises the steps of constructing an equipment model to be optimized based on a finite element modeling algorithm, setting displacement boundary conditions for model optimization, constructing a convolutional neural network model, determining a multi-channel tensor of an input convolutional neural network based on a variable density method according to model geometric parameters and load parameters of the equipment model and the displacement boundary conditions, inputting the multi-channel tensor into the convolutional neural network model which is trained to obtain target density distribution of the equipment model, and combining density parameters in a material set to obtain topology optimization results of the equipment model.",,,G06F2111/10 | G06N3/082 | G06N3/0464 | G06F30/10 | G06F30/27 | G06F30/18 | G06F30/23,G06N3/082 | G06N3/0464 | G06F111/10 | G06F30/27 | G06F30/18 | G06F30/10 | G06F30/23,general,1,産業設備トポロジー最適化深層学習、変位境界条件。物理+ML設計最適化
CN-115588474-B,CN,B,84779104,CN-202211284832-A,20251202,20221017,Aluminum alloy DC casting planktonic crystal distribution simulation method,"The invention discloses a simulation method of semi-continuous/DC casting floating crystal distribution of aluminum alloy, which comprises the following steps of S1, establishing a geometric model of an ingot according to geometric modeling parameters, casting parameters, thermophysical parameters, boundary conditions and initial conditions of a product, obtaining a casting model according to a flow field, a temperature field and a concentration field in a solidification process of the ingot, S2, establishing a crystal grain motion capturing model, setting an initial crystal grain generation mode and an effective criterion thereof according to the casting model, simulating a crystal grain nucleation area in the solidification process to obtain a crystal grain distribution result, S3, taking the crystal grain distribution result as a first initial condition, and introducing crystal grain growth/reflow factors in the casting process by combining the temperature field and the concentration field to obtain the distribution state of floating crystals in the casting process. By combining with the macrosegregation model, the invention considers the influences of the nucleation position, growth and remelting of the crystal grains, can realize the simulation of the floating crystal movement and distribution characteristics in the casting process, and is beneficial to improving the casting quality.",,,G06F2113/08 | G06F2119/08 | G06F30/20 | G16C20/10 | G16C60/00,G16C20/10 | G06F119/08 | G06F113/08 | G06F30/20 | G16C60/00,general,1,アルミ鋳造浮遊結晶シミュレーション、境界/初期条件。製造品質物理シミュレーション
CN-119180145-B,CN,B,93899309,CN-202411294988-A,20251202,20240914,Cost optimization method of electric-thermal coupling virtual power plant based on random optimization method,"The application provides a cost optimization method of an electric-thermal coupling virtual power plant based on a random optimization method, which comprises the steps of obtaining historical operation parameters; the method comprises the steps of constructing a physical simulation model of each component element according to historical operation parameters to obtain a power plant operation model, constructing an operation cost model of each component element according to the historical operation parameters to obtain a power plant cost model, determining uncertainty parameters of a virtual power plant according to the historical operation parameters and constructing a randomness model, constructing a target constraint group based on the power plant operation model, carrying out risk avoidance solution and opportunity seek solution according to an IGDT (insulated gate bipolar transistor) method based on system uncertainty to obtain first uncertainty and second uncertainty, further solving power plant control parameters, and controlling the virtual power plant to operate according to the power plant control parameters. The method solves the problem that the prior art lacks a comprehensive cogeneration unit, carbon capture and electrical replacement equipment, and meets the low-cost and low-carbon requirements of a virtual power plant scheduling optimization method.",,,G06F2113/04 | G06F2111/04 | H02J3/0075 | G06F17/10 | G06Q10/04 | G06Q30/0206 | G06F30/20,H02J3/00 | G06Q30/0201 | G06Q10/04 | G06F113/04 | G06F111/04 | G06F17/10 | G06F30/20,general,2,仮想発電所コスト最適化IGDT法。物理シミュレーションモデル+不確実性のリスク回避解(エネルギー分野)
CN-121052120-A,CN,A,97810627,CN-202511151357-A,20251202,20250818,Deep learning-based metallurgical equipment fault simulation modeling and control method,"The invention belongs to the technical field of metallurgical equipment health management, and particularly relates to a fault simulation modeling and control method for metallurgical equipment based on deep learning. S1, fault simulation modeling, namely establishing a three-dimensional heat conduction partial differential equation and solving to obtain temperature field space-time distribution T (x, T) and a temperature gradient field S2, deep learning fault diagnosis, wherein T (x, T) is calculated And 3, inputting a three-dimensional convolutional neural network 3D-CNN to identify a temperature distribution abnormal mode and locate a fault source, and S3, predicting the residual life. According to the invention, the temperature gradient field of the temperature field output by the three-dimensional heat conduction partial differential equation is used as the dual-channel input of the 3D-CNN, the thermal stress risk is quantified by directly utilizing the physical field, and analysis is performed from two aspects of mechanism and data monitoring, so that the limitation that the traditional method only depends on the original temperature data is broken through.",SHANDONG IRON AND STEEL GROUP YONGFENG LINGANG CO LTD,ZUO JUNJIE | ZHANG SONG | CHEN CHAO | HAN XUE,G06F2119/14 | G06F2119/08 | G06F2111/08 | G06F2111/04 | G06N3/096 | G06N3/0464 | G06T17/00 | G06F17/13 | G06F30/27,G06T17/00 | G06N3/096 | G06N3/0464 | G06F119/14 | G06F119/08 | G06F111/08 | G06F111/04 | G06F17/13 | G06F30/27,general,3,冶金設備fault simulation modeling深層学習。3D-CNNで温度異常パターンを識別し故障源を特定・残存寿命予測(冶金分野)
CN-119358277-B,CN,B,94306535,CN-202411602857-A,20251202,20241111,"Simulation method and device for motor equipment hybrid system, electronic equipment and storage medium","The application relates to the technical field of power electronics, in particular to a simulation method, a simulation device, electronic equipment and a storage medium of a motor equipment hybrid system, wherein the method comprises the steps of obtaining a complete system model of the motor equipment hybrid system; the method comprises the steps of introducing an interface element into a complete system model, dividing the complete system model into an electrical system model and a multidisciplinary system model through the interface element, wherein the electrical system model and the multidisciplinary system model are communicated through signals, the interface element and the multidisciplinary system model have complete boundary conditions, generating a functional model unit according to the interface element and the multidisciplinary system model, and simulating a motor equipment hybrid system according to the functional model unit and the electrical system model. Therefore, the problem that in a practical complex system, a multidisciplinary model is usually part of motor equipment and a system, a complete dynamic equation is not provided, and an FMU cannot be derived by using a model layer coupling mode of the FMI is solved.",,,G06F30/20,G06F30/20,general,1,モータ機器ハイブリッドシステムシミュレーションFMU、境界条件。シミュレーションアーキテクチャ手法
CN-120744511-B,CN,B,97190641,CN-202511206895-A,20251202,20250827,"Method, system and storage medium for enhancing fault voiceprint diagnosis sample of transformer","The invention provides a method, a system and a storage medium for enhancing fault voiceprint diagnosis samples of a transformer, wherein the method comprises the steps of constructing an acoustic wave equation and medium interface boundary conditions of vibration of an iron core and a winding in medium propagation; performing sound field simulation on the fault model according to the acoustic wave equation and the boundary condition of the medium interface to obtain a fault simulation sound field, determining a physical simulation data set according to the fault simulation sound field, performing sparse representation on the physical simulation data set to obtain a sparse dictionary and a sparse coefficient matrix, performing migration learning on a real fault sample to obtain a migration dictionary, and performing sample enhancement according to the sparse dictionary, the sparse coefficient matrix and the migration dictionary to obtain a transformer fault voiceprint enhancement sample. According to the embodiment of the invention, the sample enhancement is performed through the sparse dictionary, the sparse coefficient matrix and the migration dictionary, so that the sample enhancement effect on the transformer fault sample can be effectively realized.",,,G06F2119/14 | G10L25/30 | G06N3/084 | G06N3/096 | G06F30/27 | G06F30/23 | G06N20/10 | G06F18/2411 | G06F18/28 | G06F18/2136 | G06F18/214,G10L25/30 | G06N20/10 | G06N3/096 | G06N3/084 | G06F119/14 | G06F30/27 | G06F30/23 | G06F18/28 | G06F18/2411 | G06F18/2136 | G06F18/214,general,4,変圧器故障音紋診断サンプル強化。故障モデルの音場シミュレーションで物理シミュレーションデータセットを生成し転移学習でサンプル強化。目的に合致(エネルギー分野)
CN-121051941-A,CN,A,97812423,CN-202510945268-A,20251202,20250709,"Lightning arrester multi-physical field coupling simulation method, device, equipment and storage medium","The method obtains material parameters of each component of the lightning arrester by constructing a three-dimensional geometric model of the lightning arrester, and determines waveform parameters of impulse current according to actual current waveforms of the lightning arrester under the action of the impulse current. Establishing a multi-physical field coupling model of the lightning arrester, setting electric field boundary conditions, thermal field boundary conditions and mechanical field boundary conditions of the multi-physical field coupling model, dividing the three-dimensional geometric model into a plurality of grid areas, performing simulation calculation based on the multi-physical field coupling model to obtain a simulation calculation result of each grid area, and analyzing electric field distribution conditions, thermal field distribution conditions and mechanical field distribution conditions of the lightning arrester based on the simulation calculation result of each grid area. Compared with the prior art, the embodiment of the disclosure can comprehensively consider the interaction of the electric field, the thermal field and the mechanical field, and can accurately simulate the response of the lightning arrester in a complex electric environment.",State grid hunan electric power co ltd | STATE GRID HUNAN ELECTRIC POWER CO LTD DISASTER PREVENTION & MITIGATION CT | STATE GRID CORP CHINA,LIAO ZEMIN | FU ZHIYAO | WANG BOWEN | JIANG ZHENGLONG | NING KAI | HU JIANPING | XIE PENGKANG | WANG HAINING | ZHOU XIANG | Long Jiantao,Y02E60/00 | G06F2119/14 | G06F2119/08 | G06T17/00 | G06F30/20,G06T17/00 | G06F119/14 | G06F119/08 | G06F30/20,general,2,避雷器マルチフィジックス結合シミュレーション、境界条件。設計解析目的(ハザード隣接だが評価目的)
CN-119337618-B,CN,B,94274049,CN-202411462557-A,20251202,20241018,Method and device for selecting frequency division type separator parameters,"The application provides a method and a device for selecting parameters of a frequency division type separator, wherein the method comprises the steps of obtaining initial physical parameters, respectively carrying out electric field calculation and magnetic field calculation on the initial physical parameters to obtain electromagnetic parameters, calculating heat source items and electromagnetic force according to the electromagnetic parameters, wherein the electromagnetic parameters comprise electric field intensity, current density and magnetic field intensity, simultaneously solving an energy conservation equation, a mass conservation equation and a momentum conservation equation under a temperature field boundary condition and a flow field boundary condition by utilizing the heat source items and the electromagnetic force to obtain a temperature field, a speed field and a pressure field, and selecting target parameters of the frequency division type separator according to the temperature field, the speed field and the pressure field, wherein the target parameters comprise a discharge gap distance, an inductance value of a frequency division inductance, a spark gap distance and a heating resistance value. The application solves the problem of low performance of the frequency division type separator caused by lack of system selection of parameters of the frequency division type separator in the prior art.",,,G06F2119/14 | G06F2119/08 | G06F2113/08 | G06F2111/10 | H02H1/0092 | H02H1/00 | G06F17/13 | G06F17/12 | G06F30/28 | G06F30/20,H02H1/00 | G06F119/14 | G06F119/08 | G06F113/08 | G06F111/10 | G06F30/28 | G06F17/13 | G06F17/12 | G06F30/20,general,1,周波数分割セパレータパラメータ選定、温度/流れ場境界条件。設計パラメータ選定物理シミュレーション
CN-121050277-A,CN,A,97800739,CN-202511096439-A,20251202,20250806,"Semi-physical simulation and VR combination method, equipment and medium","The invention provides a semi-physical simulation and VR combining method, equipment and medium, which are applied to the technical field of VR simulation, and comprise the steps of firstly acquiring rescue operation dynamic data acquired by semi-physical equipment, combining a data classification model, carrying out priority classification transmission on the rescue operation dynamic data, and adaptively adjusting time slot allocation and path selection; the model is provided with a dynamic redundancy mechanism for ensuring communication continuity, and finally, the rendering parameters of the virtual scene and virtual-real interaction rules are dynamically adjusted according to priority, time slot allocation and path selection. The method and the device realize accurate priority division and self-adaptive resource allocation of dynamic data of rescue operation through a data classification model, ensure continuous and stable communication between semi-physical equipment and a VR system by combining a dynamic redundancy mechanism, solve the problems of real-time and reliability of data transmission in nuclear emergency medical rescue, and simultaneously dynamically correlate the data transmission state with virtual scene rendering parameters and interaction rules to realize cooperative optimization of transmission and rendering.",THE FIFTH MEDICAL CENTER OF CHINESE PLA GENERAL HOSPITAL,HU YI | LI HUI | LIU QIAOWEI | YANG WENFENG | CAI BO | LU YIHENG | LIU YICHAO,G05B17/02,G05B17/02,general,2,半物理シミュレーション+VR、原子力緊急医療救助。ハザード救助訓練だが通信/レンダリング最適化が主眼
CN-120781577-B,CN,B,97297258,CN-202511284870-A,20251202,20250910,Power distribution network fault simulation method for superconducting current limiter optimal configuration,"The application discloses a power distribution network fault simulation method for optimizing configuration of a superconducting current limiter, which relates to the technical field of data processing, and comprises the steps of obtaining real-time operation parameters of a power distribution network monitored by various sensors; the method comprises the steps of calculating to obtain index anomaly degree corresponding to each sensor position based on the real-time operation parameters, determining fault evolution progress of each sensor position based on the index anomaly degree, determining overall fault severity of the power distribution network under the current round based on the fault evolution progress of each sensor position, and carrying out current limit simulation on the power distribution network based on the fault severity to obtain simulation results. The application improves the actual current limiting effect of the current limiter on faults.",,,G06F2113/04 | G06F30/20,G06F113/04 | G06F30/20,general,3,配電網fault simulation、超電導限流器最適配置向け。故障進展度・重大度評価と限流シミュレーション(エネルギー分野)
CN-121031219-A,CN,A,97770662,CN-202511543771-A,20251128,20251028,North ocean wave forecasting method based on automatic sea ice concentration fusion,"The invention provides a North polar sea wave forecasting method based on automatic sea ice concentration fusion, which belongs to the technical field of weather forecasting, and aims to ensure the continuity of wind field driving data by establishing a wind field data automatic acquisition system, dynamically adjust parameters of an IC4M2 sea ice wave parameterization scheme by applying a sea ice wave interaction optimization model, set a boundary line in a North atlantic high-latitude sea area, process boundary wave propagation by adopting a radiation boundary condition algorithm and a sponge layer absorption technology, start WAVEWATCH III sea wave numerical mode, and use a four-order precision finite difference discrete format and a self-adaptive artificial viscosity control algorithm to calculate the North polar sea wave field, establish a sea wave forecasting product business post-processing system and solve the technical problem of lower North polar sea wave forecasting accuracy caused by insufficient sea ice wave interaction parameterization precision.",NORTH CHINA SEA FORECAST DISASTER REDUCTION CENTER OF MINI OF NATURAL RESOURCES QINGDAO OCEAN CENTER,LI WENBO | LI RUI | ZHANG WEI | CHEN SHENGJIAN | WANG BIN | YUE CHE | SUN YAWEN,G01W1/10 | G06N3/084 | G06N3/045 | G06F30/27 | G06F30/23,G06N3/084 | G06N3/045 | G06F30/27 | G01W1/10 | G06F30/23,general,1,北極海波浪予測(重複)。物理シミュレーション気象予測目的
CN-121031013-A,CN,A,97760451,CN-202511016926-A,20251128,20250723,"Stress calculation method, device, equipment and medium for floating fan foundation structure","The application relates to a stress calculation method, device, equipment and medium of a floating fan foundation structure, which comprises the steps of carrying out frequency domain potential hydrodynamic force analysis on a basic floating body wet surface element model of the floating fan to obtain hydrodynamic force pressure distribution and hydrodynamic force coefficients, applying boundary conditions and loading various working conditions on a simulation model of the floating fan foundation structure, carrying out finite element analysis on the basis of the hydrodynamic force pressure distribution to obtain various structural stress transfer functions, carrying out linear processing on the influence of fan aerodynamic force, impeller aerodynamic torque, floating body hydrodynamic force, mooring restoring force and a fan servo controller of the floating fan on the basis of the hydrodynamic force coefficients, substituting linearization results into a motion equation of the floating fan to calculate to obtain various dynamic response spectrums, multiplying the structural stress transfer functions with corresponding dynamic response spectrums respectively, and adding a plurality of multiplied results to obtain a total stress spectrum. The method can improve efficiency.",POWERCHINA ZHONGNAN ENG CORP LTD,ZHOU SHENGTAO | QU ZHIFENG | Gan Xinchen | LIU YONGQING | ZENG YUXIN | ZHONG YAO,G06F2111/04 | G06F2113/06 | G06F2119/02 | G06F2119/04 | G06F2119/06 | G06F2119/14 | G06T17/20 | G06F30/28 | G06F30/23 | G06F30/17 | G06F30/20,G06T17/20 | G06F119/14 | G06F119/06 | G06F119/04 | G06F119/02 | G06F113/06 | G06F111/04 | G06F30/28 | G06F30/23 | G06F30/17 | G06F30/20,general,2,浮体式風力基礎応力計算、複数作動条件境界条件下。設計評価目的の多条件シミュレーション
CN-121024592-A,CN,A,97762114,CN-202511480616-A,20251128,20251016,Experimental device and method for simulating shale fan-shaped well pattern optimization in high-temperature high-pressure environment,"The invention belongs to the technical field of physical simulation of oil and gas reservoir development, and relates to an experimental device and method for simulating shale fan-shaped well pattern optimization in a high-temperature and high-pressure environment. The device pumps the coal oil into the high-temperature high-pressure bin through the fluid injection assembly to realize a high-pressure environment, lays a fan-shaped well pattern on the heterogeneous semi-cylindrical model, sets cracks on the horizontal well section, injects the fluid through the central vertical well section, acquires data in real time through the saturation and pressure monitoring assembly, and simulates the high-temperature high-pressure stratum environment by combining with the temperature control assembly, thereby optimizing the distance between the fan-shaped well pattern, the length of the horizontal section and the number of the cracks. The method can effectively simulate the fluid migration law of the shale reservoir under the complex well pattern structure, and provides an optimal design basis for shale gas development.",SHAANXI YANCHANG PETROLEUM GROUP CO LTD,WANG XIAOFENG | WANG XIANGZENG | DANG HAILONG | TANG HOUJUN | CUI PENGXING | LIANG WEIWEI | HOU BINCHI | WANG QIAN | GAO TAO | LIANG LIMEI | ZHAO FENGNIAN,G06F2119/14 | G06F2119/08 | E21B2200/20 | G06F30/28 | G01D21/02 | G09B9/00 | E21B43/30 | E21B49/00,G09B9/00 | G06F119/14 | G06F119/08 | G06F30/28 | G01D21/02 | E21B43/30 | E21B49/00,general,2,シェール扇形井パターン高温高圧物理シミュレーション実験。極限条件試験だが設計最適化目的
CN-119104800-B,CN,B,93713132,CN-202411013987-A,20251128,20240726,Relay protection test system and method for electrochemical energy storage power station access system,"The invention relates to a relay protection test system and method of an electrochemical energy storage power station access system, wherein the relay protection test system comprises a power supply unit, a voltage regulating circuit, an energy storage monitoring upper computer, a converter main circuit physical simulation unit, a real-time simulation upper computer, a real-time simulation target machine and a transformer simulation unit, wherein the power supply unit is used for simulating an electrochemical energy storage power station to perform charge and discharge, the voltage regulating circuit is used for regulating voltage and simulating charge and discharge characteristics of a battery, the energy storage monitoring upper computer is used for starting energy storage operation and sending a battery simulation control command, the converter main circuit physical simulation unit is used for simulating a battery converter main circuit, the real-time simulation upper computer is used for establishing an energy storage converter control model and a control program, the real-time simulation target machine is used for outputting a converter control command to the real-time simulation target machine, the real-time simulation target machine is used for controlling the converter main circuit physical simulation unit, the electric system physical simulation unit is used for outputting an electric quantity primary value, and the transformer simulation unit is used for converting the electric quantity primary value into an electric quantity secondary value to be output to a relay protection device to be tested, and determining a test result based on the action condition of the relay protection device to be tested.",,,H02J2103/30 | G06F2113/04 | G06F30/20 | H02J3/32 | H02H7/26 | G01R31/00,H02J3/32 | H02H7/26 | G06F113/04 | G06F30/20 | G01R31/00,general,2,蓄エネ変換器継電保護試験システム、物理シミュレーションユニット。HIL試験システム目的
CN-121031014-A,CN,A,97767647,CN-202511020288-A,20251128,20250723,Concrete dam humidity field sensitivity analysis method for surface insulation board before and after dismantling,"The invention provides a concrete dam humidity field sensitivity analysis method for a surface insulation board before and after dismantling, which comprises the following steps of S1, determining relevant parameters affecting humidity field analysis, S2, determining corresponding humidity boundary conditions and humidity fields, S3, constructing a finite element analysis model of a concrete block, S4, performing humidity field simulation calculation, setting corresponding concrete parameters according to the humidity environment where the concrete dam is located and test results, and S5, simulating the influence of the humidity field of the concrete and the change of the humidity field of the concrete after dismantling the surface insulation board on the structural state of the concrete dam when the surface insulation board is not dismantled. According to the method, different humidity boundary conditions are considered, the humidity loss caused by the hydration heat of the concrete, the humidity continuously changes along with time and other factors are considered, and the influence of the humidity field change on the stress field and the working state of the concrete dam is obtained by analyzing and calculating the humidity fields before and after the insulation board on the surface of the concrete dam is removed.",LARGE DAM SAFETY SUPERVISION CENTER NAT ENERGY ADMINISTRATION OF THE PEOPLES REPUBLIC OF CHINA | THREE GORGES JINSHA RIVER YUNCHUAN HYDROPOWER DEV CO LTD,ZHU XI | LIU XIJUN | BAI ZHIPENG | HUANG WEI | WEN YONGBO | WANG ZHEN | ZHONG HONGXING | WANG YAN | LI ZHUOJIAN | ZHAO YUNTIAN | GUO CHUANKE | LIANG YUXIANG | WANG JIANXIN,G06F2111/10 | G06F2113/26 | G06F2119/12 | G06F2119/14 | G06F2119/08 | G06T17/20 | G06F30/13 | G06F30/23 | G06F30/20,G06T17/20 | G06F119/14 | G06F119/12 | G06F119/08 | G06F113/26 | G06F111/10 | G06F30/23 | G06F30/13 | G06F30/20,general,1,コンクリートダム湿度場感度解析、湿度境界条件。構造監視物理シミュレーション
CN-116992273-B,CN,B,88530298,CN-202311122226-A,20251128,20230831,Similarity analysis method for spacecraft ground microgravity simulation platform,"The invention discloses a method for analyzing the similarity of a spacecraft ground microgravity simulation platform, and belongs to the technical field of aerospace. The method comprises the steps of establishing a space dynamics model of a spacecraft ground microgravity semi-physical simulation platform, carrying out Lagrange dynamics rewrite on the space dynamics model to obtain a rewritten simulation platform, carrying out similarity analysis on the spacecraft ground microgravity semi-physical simulation platform and the rewritten simulation platform based on pi theorem, obtaining related space satellite platform parameters for determining design parameters of the rewritten simulation platform, designing a gesture scanning track and a gesture scanning PID control law for the related space satellite platform to obtain a space gesture scanning PID control law, carrying out similarity analysis on the space gesture scanning PID control law based on pi theorem, and designing gesture scanning PID control law parameters of the ground microgravity simulation platform to obtain a ground space gesture scanning PID control law. The dynamics and control effects of the platform can be made to coincide with the effects of the actual satellite in space.",,,Y02T90/00 | G06F2119/14 | G06F2101/04 | G05B17/02 | G06F30/15 | G06F18/2135,G06F119/14 | G06F30/15 | G05B17/02 | G06F18/2135,general,1,宇宙船微小重力シミュレーションプラットフォーム相似解析。シミュレーションプラットフォーム設計手法
CN-121039595-A,CN,A,93292560,CN-202480029694-A,20251128,20230503,Method for estimating delay of process data variation relative to parameter variation in ethylene oxide reactor,"The invention relates to a method of estimating the delay of a process data change relative to a parameter change of a process for producing ethylene oxide in a reactor, comprising the steps of recording a history of process data changes over time representing a parameter change related to an actual ethylene oxide reactor, analyzing said history of first process data changes relative to first parameter changes and/or first process data changes relative to first and second parameter changes by means of an artificial neural network model, obtaining process data of a reactor for producing ethylene oxide, determining a future point in time from said analyzed and obtained process data, when a parameter change of said operating process will have an effect on said process characteristics.",SCIENT DESIGN COMPANY LLC,LAHIRI SANDEEP KUMAR | HUSAIN MANSOOR | CHOWDHURY SOMNATH | CHALKAR VIKAS KUMAR,G05B2219/32287 | G05B19/4155 | G05B23/024 | G05B2219/32287 | G06F2119/22 | G06F2111/06 | B01J19/0033 | G05B23/024 | G05B19/4155 | G06F30/27,G05B23/02,general,1,エチレンオキシド反応器プロセス遅延推定ANN。プロセス監視ML手法
CN-121031023-A,CN,A,97760389,CN-202511045108-A,20251128,20250728,Coal rock index parameter prediction method and device based on CT scanning,"The application provides a coal rock index parameter prediction method and a device based on CT scanning, which relate to the technical field of coal, and the method comprises the steps of respectively carrying out CT scanning on N modeling coal samples to determine the fracture length-volume distribution characteristics of each modeling coal sample so as to construct a digital rock core corresponding to the modeling coal sample; carrying out a uniaxial or triaxial loading test on each modeling coal sample in the N modeling coal samples to obtain uniaxial or triaxial mechanical property parameters corresponding to each modeling coal sample, setting the effect between a crack structure and a matrix structure in each digital rock as a smooth joint model effect, setting the crack mesoscopic parameters corresponding to the crack structure in each digital rock as 0, calibrating the matrix mesoscopic parameters of the matrix structure of the digital rock based on the uniaxial mechanical property parameters and the triaxial mechanical property parameters, setting stress boundary conditions corresponding to a prediction index, and carrying out a simulation test on the calibrated digital rock to obtain the prediction parameters corresponding to the prediction index of the coal rock.",CHINA COAL RES INST | CHINA COAL ENERGY CO LTD | CHINA COAL RES INST,YUAN HONGHUI | ZHAO LEI | LI ZHAOJUN | ZHANG ZHENPEI | LI XIANGSHANG | LI HAITAO | ZHU WEI | LIU CHI | WANG TUAN | ZHANG ZHENHU | BIAN SHUAI,G06F2119/02 | G01N2223/42 | G06F30/20 | G01N3/06 | G01N3/08 | G01N23/046,G06F119/02 | G01N23/046 | G01N3/08 | G01N3/06 | G06F30/20,general,1,石炭岩CTスキャンデジタルロック物理シミュレーション、応力境界条件。材料特性予測物理シミュレーション
CN-120893327-B,CN,B,97506917,CN-202511418865-A,20251128,20250929,"Method and device for constructing digital twin body of chip, predicting electrical parameter value, medium and electronic equipment","The application provides a method, a device, a medium and electronic equipment for constructing a digital twin body of a chip and predicting an electrical parameter value, wherein the method comprises the steps of performing physical simulation based on an ideal process flow provided with standard design parameters of a target chip to obtain a physical prediction model; and obtaining the digital twin body of the target chip based on the physical prediction model and the residual error correction model. The method provides an interpretable physical mechanism foundation through the physical prediction model constructed by physical simulation, and simultaneously accurately compensates nonlinear errors based on the residual error correction model constructed by the real data training set, so that the machine learning model only needs to focus on low-order simple mapping of learning process deviation, the construction complexity of the model is obviously reduced, and the prediction precision of the digital twin of the chip is improved.",,,G06F2119/18 | G06N3/0499 | G06N5/01 | G06N20/20 | G06F18/214 | G06F30/27,G06N20/20 | G06N5/01 | G06N3/0499 | G06F119/18 | G06F18/214 | G06F30/27,general,1,チップデジタルツイン物理シミュレーション+残差補正ML。物理+MLチップパラメータ予測
CN-114509955-B,CN,B,81547341,CN-202111599280-A,20251128,20211224,General semi-physical simulation test system of traction system,"The invention belongs to the technical field of semi-physical simulation of a traction system, in particular to a general semi-physical simulation test system of the traction system, which solves the technical problems in the background technology and comprises an upper computer, a real-time simulation environment simulation unit and a traction system physical control unit, wherein the upper computer is used for simulation management, automatic test and high-speed data monitoring, and the traction system physical control unit is a tested object of the semi-physical simulation test or test equipment of the simulation test system; the upper computer is connected with the real-time simulation environment simulation unit, the processor module is connected with the traction system real object control unit through the broken wire test unit and the signal conversion unit, and the broken wire test unit is connected with the upper computer through the high-speed data acquisition unit. The method realizes the expandability and fault tolerance of the test system by using a modularized design method, can realize the transformation of various topological structures by simple terminal plugging, improves the compatibility and universality of the simulation system, and covers the application requirements of all traction systems in the rail transit field.",,,G05B17/02,G05B17/02,general,2,牽引システム汎用半物理シミュレーション試験システム。一般的HIL試験基盤
CN-121031000-A,CN,A,97767757,CN-202510971875-A,20251128,20250715,Calculation method and system for two-dimensional foundation pit unsteady seepage field under suspension type retaining wall support,"The application provides a method and a system for calculating an unsteady seepage field of a two-dimensional foundation pit under the support of a suspension retaining wall, and belongs to the technical field of computer aided design. Dividing the seepage field around the foundation pit into three regular areas, sequentially carrying out Laplace transformation, fourier transformation and inverse transformation on time variables in the non-steady state seepage balance equation and the boundary condition of each area according to the boundary condition when seepage does not occur as a zero moment boundary condition, obtaining an expression of a water head series solution of each area, constructing a non-homogeneous equation set by using continuous conditions among the areas, carrying out programming solution by using orthogonality of trigonometric functions, substituting the obtained constant items into the expression of the water head series solution of each area, and carrying out inverse transformation on the solved expression by using Stehfest method to obtain the expression of the water head series solution of the foundation pit non-steady state seepage field. The analysis solution of the seepage field calculated by the method has higher precision, and can accurately determine the dynamic change characteristics of the seepage field around the foundation pit along with time.",NO 4 ENG CO LTD OF CHINA RAILWAY NO 9 GROUP CO LTD | ZHEJIANG ENG CO LTD OF CHINA RAILWAY NO 9 GROUP CO LTD | CHINA RAILWAY NO 9 GROUP CO LTD,WANG YANG | LI HUI | HUANG YING | WENG XIAOLI | ZHANG HAOYU | SUN JIANPING | LIU QIANG | ZHOU MINGLIANG | TONG FANGSHUO,G06F2119/14 | G06F17/11 | G06F30/13 | G06F30/20,G06F119/14 | G06F30/13 | G06F17/11 | G06F30/20,general,1,基礎ピット浸透場計算、境界条件。物理計算手法
CN-121031142-A,CN,A,97773072,CN-202511580863-A,20251128,20251031,Single-phase medium nonlinear super-surface Schottky wave frequency dispersion relation calculation method and system,"The invention relates to the technical field of physical acoustics, in particular to a method and a system for calculating the dispersion relation of a nonlinear super-surface Schottky wave of a single-phase medium, wherein the method comprises the following steps of obtaining an expression of a displacement component and a stress component of the single-phase medium under the action of the Schottky wave; and applying stress and displacement continuity boundary conditions at the interface of the single-phase medium and the fluid layer based on all the expressions, so as to obtain a characteristic equation of the dispersion characteristic of the coupling system, solving the characteristic equation, and finally obtaining a dispersion curve of the coupling system. According to the invention, by providing the explicit dispersion relation of the nonlinear super-surface Schottky wave of the single-phase medium, the calculation efficiency and the prediction precision of the nonlinear super-surface interface wave propagation on the single-phase medium are improved, and the calculation cost and the design period of acoustic super-surface design, vibration suppression and waveguide regulation are reduced.",UNIV EAST CHINA JIAOTONG,DING HAIBIN | YU YITIAN | XU CHANGJIE | TONG LIHONG | LIU ZHIYUN | LIN CHENGHUI,G06F2111/10 | G06F2113/08 | G06F2113/26 | G06F2119/12 | G06F2119/14 | G06F30/28 | G06F30/20,G06F119/14 | G06F119/12 | G06F113/26 | G06F113/08 | G06F111/10 | G06F30/28 | G06F30/20,general,1,単相媒質非線形ショットキー波分散計算(重複)。音響物理計算手法
CN-121031030-A,CN,A,97773462,CN-202511077381-A,20251128,20250801,"Multi-physical field topology optimization ash suppression method for multiphase intelligent material and structure, computer-readable storage medium and force-electric coupling multiphase material structure for 3D printing","The invention discloses a multi-physical field topology optimization ash suppression method of a multi-phase intelligent material and structure, a computer-readable storage medium and a force-electric coupling multi-phase material structure for 3D printing. The method comprises the steps of S1, setting initial conditions, taking material density as a design variable, taking the maximum electric energy conversion efficiency as an objective function, taking mechanical energy constraint and volume constraint as constraint functions, constructing a topology optimization model, S2, entering an iteration loop, calculating the objective function and the sensitivity of the objective function and the constraint function to the design variable according to the constraint function, S3, carrying out filtering and projection processing on the calculated sensitivity, S4, updating the design variable through an MMA algorithm, S5, judging whether the design variable obtained through updating in the step S4 meets the convergence condition, executing the step S6, otherwise, substituting the design variable subjected to projection processing in the step S5 into the step S2, continuing the iteration loop, and S6, ending the iteration, and outputting the final topology optimization design.",ZHEJIANG COLLEGE CONSTRUCTION,LIU CHENG | He Zhelong | CHEN ZHIFENG | PANG BIAO,G06F2113/26 | G06F2113/10 | G06F2111/04 | G16C60/00 | G06F30/20,G16C60/00 | G06F113/26 | G06F113/10 | G06F111/04 | G06F30/20,general,1,マルチフィジックストポロジー最適化3Dプリント材料、初期条件。設計最適化目的
CN-121031135-A,CN,A,97771195,CN-202511573934-A,20251128,20251031,Saturated porous medium super-surface Schottky wave frequency dispersion relation calculation method and system,"The invention relates to the technical field of physical acoustics, in particular to a method and a system for calculating the dispersion relation of a saturated porous medium super-surface Schottky wave, wherein the method comprises the following steps of obtaining expressions of solid skeleton displacement, fluid relative displacement, total stress, solid shear stress and pore pressure under the action of the Schottky wave, obtaining expressions of fluid displacement components and fluid normal stress, obtaining expressions of relative motion of a resonator, applying stress and displacement continuity boundary conditions at the interface of the saturated porous medium and a fluid layer according to all the expressions, obtaining a characteristic equation of dispersion characteristics, and solving the characteristic equation to obtain a dispersion curve. According to the invention, by providing the explicit dispersion relation of the saturated porous medium super-surface Schottky wave, the calculation efficiency and the prediction precision of complex interfacial wave propagation are improved, the optimal design of the super-surface resonator array can be guided, and key theoretical tools and technical supports are provided for the design of high-performance acoustic functional devices and structures.",UNIV EAST CHINA JIAOTONG,DING HAIBIN | YU YITIAN | XU CHANGJIE | TONG LIHONG | LIU ZHIYUN | LIN CHENGHUI,G06F2113/08 | G06F2111/10 | G06F2113/26 | G06F2119/14 | G06F30/28 | G06F30/20,G06F119/14 | G06F113/26 | G06F113/08 | G06F111/10 | G06F30/28 | G06F30/20,general,1,飽和多孔質媒質ショットキー波分散計算(重複)。音響物理計算手法
CN-116470567-B,CN,B,87176254,CN-202310281062-A,20251128,20230320,"New energy power supply capability assessment method, device and medium","The invention relates to a new energy power supply capacity assessment method which comprises the steps of determining wind power output probability distribution and photovoltaic output probability distribution of a power grid system according to historical data of new energy power generation of the power grid system, respectively generating a set number of wind power output time sequence curves and photovoltaic output time sequence curves by using a preset wind power output simulation model and a preset photovoltaic output simulation model, respectively conforming the wind power output probability distribution and the photovoltaic output probability distribution by the wind power output time sequence curves and the photovoltaic output time sequence curves, carrying out simulation time sequence analysis on each set of wind power output time sequence curves and the photovoltaic output time sequence curves by combining with prediction boundary conditions of the power grid system to obtain power surplus results of power balance analysis corresponding to each set, and determining predicted power gaps of new energy power supply of the power grid system according to the power surplus results of the set number.",,,H02J2103/30 | H02J2101/24 | H02J2101/28 | H02J2101/40 | Y02E10/56 | G06F2119/08 | G06F2119/02 | G06F2113/04 | G06F2111/08 | G06F30/20 | H02J3/003 | H02J3/004 | H02J3/28 | H02J3/466 | H02J3/381,H02J3/46 | H02J3/28 | G06F119/08 | G06F119/02 | G06F113/04 | G06F111/08 | G06F30/20 | H02J3/38,general,3,新エネルギー電源能力評価。確率分布に沿う風力/太陽光出力時系列を複数シミュレーション生成し電力バランスリスク解析(エネルギー分野)
CN-119397815-B,CN,B,94432292,CN-202411856038-A,20251128,20241216,Variable capacitance diode-based adjustable beam control method for element grating leaky-wave antenna,"The invention discloses a variable capacitance diode-based element grating leaky-wave antenna adjustable beam control method which comprises the following steps of S1 researching and analyzing a super grating beam conversion mechanism, S2 researching a planar super grating mechanism under anisotropic, uniform and continuous periodic boundary conditions, S2 researching a transmission mode and optimizing design of a Floque-Bloch theorem according to a super grating, S3 analyzing and designing the super grating leaky-wave antenna, researching an analytical field and current of a synthetic super grating in a leaky-wave antenna frame to customize performances in terms of phase, beam shape and polarization, S4 controlling the super grating leaky-wave antenna by means of an electric tuning beam, and paving a new-generation high-efficiency grating by means of a high-efficiency structure platform tuned by a tunable material with a simple structure.",,,H01Q3/34 | H01Q13/28 | H01Q13/20 | G06F2111/10 | H01Q23/00 | H01Q3/34 | H01Q13/20 | H01Q15/0086 | G06F30/10 | G06F30/20 | G06F30/20,H01Q23/00 | H01Q15/00 | H01Q13/20 | H01Q3/34 | G06F111/10 | G06F30/10 | G06F30/20,general,1,リーキーウェーブアンテナビーム制御、周期境界条件。電磁設計手法
CN-121028604-A,CN,A,97768570,CN-202511253851-A,20251128,20250903,"Gas leakage simulation method for power equipment, electronic equipment and storage medium","The invention discloses a gas leakage simulation method of power equipment, electronic equipment and a storage medium. The method comprises the steps of constructing a gas leakage simulation model corresponding to the power equipment, wherein the gas leakage simulation model is used for simulating gas leakage faults of the power equipment, a gas leakage opening and a gas extraction opening are formed in the gas leakage simulation model, gas in the power equipment leaks in the gas leakage opening and the gas extraction opening, determining at least one control equation of the gas, wherein different control equations are used for controlling different flow characteristics of the gas in the power equipment, determining boundary conditions of the gas flowing in the gas leakage opening and the gas extraction opening, and performing simulation solving on the gas leakage faults of the power equipment based on the at least one control equation, the boundary conditions and the gas leakage simulation model to obtain simulation results. The invention solves the technical problem of lower safety of the power equipment.",STATE GRID BEIJING ELECTRIC POWER CO | BEIJING DINGCHENG HONGAN TECH DEVELOPMENT CO LTD,ZHAO YUCHEN | WANG QIAN | LI XIANGLONG | GUO WEI | TENG JINGZHU | WANG LE | SHI LEI,G05B17/02,G05B17/02,general,3,電力設備ガス漏洩fault simulation、境界条件。設備故障(ガス漏洩)の物理シミュレーション(エネルギー分野)
CN-121031117-A,CN,A,97759895,CN-202511464145-A,20251128,20251014,Method for quantizing rotational flow distortion attenuation through guide vanes based on design pre-rotation angle,"The application belongs to the field of aeroengine design, and particularly relates to a method for quantizing rotational flow distortion based on a design pre-rotation angle through guide vane attenuation, wherein corresponding rotational flow evaluation parameters of an upstream surface and a downstream surface are subtracted to obtain rotational flow attenuation after flowing through a flow guide support plate; and further, the attenuation rate of the air inlet rotational flow distortion of the same radial height or the whole surface after passing through the air inlet casing guide support plate is calculated based on the rotational flow attenuation amount after passing through the guide support plate. The method comprises the steps of establishing an upstream reference surface and a downstream reference surface on the upstream and downstream of a flow guide support plate respectively, selecting a certain number of position points on the two surfaces respectively, carrying out full-loop simulation of an air inlet casing based on boundary conditions with rotational flow inlets of an AIP interface, then carrying out rotational flow distortion evaluation parameter calculation on the upstream and downstream reference surfaces and subtraction and division calculation on the upstream and downstream reference surface evaluation parameters based on rotational flow angles of the position points and a flow guide support plate design pre-rotation angle, and obtaining the attenuation rate of air inlet rotational flow distortion after passing through guide vanes so as to achieve the purpose of quantitatively calculating rotational flow attenuation.",AECC SHENYANG ENGINE RES INST,CUI YINGJUN | MENG DEJUN | ZHAO QINGWEI | PAN RUOCHI | GAO HAIYANG | WANG YONGMEI | LU MINGLIANG,G06F2113/08 | G06F30/17 | G06F30/20,G06F113/08 | G06F30/17 | G06F30/20,general,2,航空エンジン案内翼旋回流歪み定量化、境界条件。設計評価物理シミュレーション
CN-121030343-A,CN,A,97762905,CN-202511204185-A,20251128,20250826,Method for establishing and managing automatic driving unknown dangerous scene model,"The method for establishing and managing the automatic driving unknown dangerous scene model comprises the steps of determining key samples in m-1 th batch of training data from samples in the m-1 th batch of training data, wherein m is a positive integer, calculating gradient values of loss functions corresponding to the key samples in the m-1 th batch of training data on model parameters, estimating importance sampling weights of each key sample based on the gradient values, sampling the key samples according to the importance sampling weights of the key samples in the m-1 th batch of training data to obtain m-th batch of training data, and establishing the automatic driving unknown dangerous scene model by using the m-1 th batch of training data.",UNIV TSINGHUA,FENG SHUO | YANG JINGXUAN | ZHANG YI | WANG ZIHANG | JI HAOYUAN | CHENG SHIJING,B60W60/001 | G06N3/0464 | G06N3/0455 | G06V10/774 | G06V20/56 | G06F18/241 | G06F18/214,G06V20/56 | G06V10/774 | G06N3/0464 | G06N3/0455 | G06F18/241 | B60W60/00 | G06F18/214,general,5,清華大学: 自動運転の未知危険シーンモデル構築・管理。重要度サンプリング重みで重要サンプルを選定し未知危険シナリオ訓練データを構築。目的に極めて合致
CN-121030144-A,CN,A,97777374,CN-202511136018-A,20251128,20250814,Embedded frame-oriented lightning strike fire partial differential equation solving method,"The invention discloses an embedded frame-oriented lightning strike fire partial differential equation solving method which comprises the steps of inputting a form, an initial condition, a boundary condition, differential grid division and a neural network structure of a lightning strike fire equation, carrying out discrete solving on the lightning strike fire equation based on a preset grid by utilizing a finite difference method and a time domain finite difference method to obtain a discrete numerical solution on a definition domain, solving the lightning strike fire equation by adopting a physical information neural network, carrying out error correction by embedding the discrete numerical solution to obtain a complete numerical solution on a time-space domain, and outputting a visual result of the complete numerical solution. The invention realizes high-precision approximation and solution of the whole partial differential equation system.",UNIV BEIJING FORESTRY,ZHANG XIAOYU | CHEN ZHENGKUN | LIU XIAODONG,G06F2119/14 | G06F2113/08 | G06F30/28 | G06N3/0499 | G06F30/27 | G06F30/23 | G06F17/13,G06N3/0499 | G06F119/14 | G06F113/08 | G06F30/28 | G06F30/27 | G06F30/23 | G06F17/13,general,3,落雷火災偏微分方程式PINN、初期/境界条件。ハザード(落雷火災)の物理+ML シミュレーション
CN-121031366-A,CN,A,97772628,CN-202511529514-A,20251128,20251024,Intelligent heat transfer prediction method and system for heat exchanger based on deep learning,"The invention discloses a heat exchanger intelligent heat transfer prediction method and system based on deep learning. The method comprises the steps of firstly obtaining input characteristic data comprising a fluid state and a heat transfer state, secondly, adopting a cascade calibration architecture to conduct prediction, utilizing a first machine learning model to generate an initial heat transfer performance predicted value, utilizing a second machine learning model to predict and correct a predicted residual of the initial heat transfer performance predicted value, obtaining a high-precision final predicted value after superposition of the initial heat transfer performance predicted value and the predicted residual of the second machine learning model, and finally, generating an operation parameter adjustment scheme which takes heat transfer efficiency and energy consumption into consideration through a multi-objective optimization algorithm based on the final predicted value and flow resistance data. The invention solves the problems of low prediction precision, incapability of balancing optimization and poor adaptability of the prior art by combining physical simulation with AI, cascading residual error calibration, dynamic balancing optimization and self-adaptive updating mechanism, and remarkably improves the prediction precision, decision scientificity and reliability of long-term operation of the system.",GUANGDONG INSTITUTE OF SPECIAL EQUIPMENT INSPECTION AND RES GUANGDONG SPECIAL EQUIPMENT ACCIDENT INV,MA ZHIPENG | XU YAO | LIU JINLIANG | XIA LI | ZHANG GENG | HUANG WENJUN | XIE XIANGLIN | HUANG JUN | YANG GANG,G06F2119/08 | G06F2111/06 | G06N20/10 | G06F30/28 | G06N3/126 | G06F18/24323 | G06N20/20 | G06F30/27,G06N20/20 | G06N20/10 | G06N3/126 | G06F119/08 | G06F111/06 | G06F30/28 | G06F18/243 | G06F30/27,general,1,熱交換器伝熱予測深層学習(重複、別出願人)。物理+ML予測手法
CN-121031148-A,CN,A,97762241,CN-202510932217-A,20251128,20250707,"Digital twin method, device, medium and equipment for evaluating service performance of structural material","The invention relates to a digital twin method, a device, a medium and equipment for evaluating the service performance of a structural material, which comprises the following steps of establishing a digital geometric model of the structural material, and configuring boundary conditions and loads according to the real service environment of the digital geometric model; the method comprises the steps of collecting multisource service state data of a structural material in a multifactor coupling service environment, calibrating and updating the digital geometric model by adopting the state data, constructing a physical-data fusion digital twin model of the structural material, analyzing the service state of the structural material and predicting service life based on a machine learning algorithm, and outputting performance degradation trend and residual service life assessment results of the structural material. The invention applies digital twin to service performance evaluation of the structural material, realizes performance prediction and health state evaluation of the material in a complex environment, improves the safety guarantee capability of the structural material in the whole life cycle, and has important engineering value and strategic significance.",UNIV BEIJING SCIENCE & TECH,ZHANG WEIDONG | AI YIBO | WANG XIAOYUAN | YANG ZHENWEI | ZHANG WANYING,G06F2119/14 | G06F2119/08 | G06F2119/02 | G06F2113/14 | G06N20/00 | G06N3/08 | G06N3/0442 | G06F30/18 | G06F30/27 | G06F30/23,G06N20/00 | G06N3/08 | G06N3/0442 | G06F119/14 | G06F119/08 | G06F119/02 | G06F113/14 | G06F30/27 | G06F30/18 | G06F30/23,general,2,構造材料使用性能評価デジタルツイン、境界条件/荷重。物理+ML寿命予測手法
CN-119167474-B,CN,B,93879952,CN-202411183687-A,20251128,20240827,Intelligent design method for tunnel open cut tunnel top drainage structure,"The application discloses an intelligent design method of a drainage structure at the top of a tunnel open cut tunnel, which relates to the technical field of tunnel design and comprises the steps of creating a natural terrain model according to a local coordinate system of the tunnel open cut tunnel, generating a peripheral three-dimensional terrain model after open cut tunnel backfilling based on the natural terrain model, determining an open cut tunnel top terrain line according to the peripheral three-dimensional terrain model, determining a drainage structure type corresponding to the top of the tunnel open cut tunnel according to the open cut tunnel top terrain line, setting a limiting boundary condition, determining an optimal starting and ending point of a drainage structure central line according to the drainage structure type in the limiting boundary condition, determining an optimal three-dimensional central line of the drainage structure under the constraint condition of the optimal starting and ending point, optimizing the cross-sectional size of the drainage structure according to different section gradients in the drainage structure, obtaining the optimal cross-sectional size, and generating a three-dimensional solid model of the drainage structure based on the optimal three-dimensional central line and the optimal cross-sectional size. The application can improve the design efficiency of the drainage structure.",,,G06F2113/14 | G06F2111/10 | G06F30/28 | G06F30/20 | G06F30/13,G06F113/14 | G06F111/10 | G06F30/28 | G06F30/20 | G06F30/13,general,1,トンネル開削天板排水構造インテリジェント設計、境界条件。設計最適化手法
CN-121028597-A,CN,A,97773561,CN-202511120318-A,20251128,20250811,Physical AI-based magnetic field environment modeling method,"A magnetic field environment modeling method based on physical AI comprises a data layer, a preprocessing layer, a core modeling layer and a verification and application layer, wherein the core modeling layer comprises a physical knowledge base, stores physical laws, material constitutive relations and boundary conditions related to a target magnetic field environment, a model building module is responsible for designing and building a main structure of a physical AI model according to problem characteristics and the physical knowledge base, a physical AI engine is used for representing an established or trained physical AI model instance, receiving input and rapidly outputting predicted magnetic field values, and a model training module is responsible for training a neural network model generated by the model building module by using the preprocessed data and physical constraints in the physical knowledge base. The core innovation point of the invention is that the physical artificial intelligence paradigm is systematically introduced and applied to the modeling process of the complex magnetic field environment, and an efficient, accurate, robust and physically consistent magnetic field modeling system is created through deep fusion of physical laws and data-driven learning.",ORDNANCE SCIENCE AND RES ACADEMY OF CHINA,LI GUANGYUN | Geng Deshen | WU HAOPENG | YANG WEIQING | Cui Chunyuan | LIU BO | REN JINGYI | ZHAO DAN | FU QI,G06N3/048 | G06N5/022 | G06N3/0985 | G06N3/084 | G06N3/044 | G06N3/0464 | G06N3/042 | G06N3/045 | G05B17/02,G06N5/022 | G06N3/0985 | G06N3/084 | G06N3/048 | G06N3/0464 | G06N3/045 | G06N3/044 | G06N3/042 | G05B17/02,general,2,物理AI磁場環境モデリング、物理知識ベース境界条件。物理+AI汎用モデリング手法
CN-119849235-B,CN,B,95371713,CN-202411806223-A,20251128,20241210,Electromagnetic simulation multi-scale region segmentation method based on deep learning,"The invention discloses an electromagnetic simulation multi-scale region segmentation method based on deep learning, which is used for constructing and training a deep learning model for identifying key regions and non-key regions in an electromagnetic simulation region, wherein a training process adopts a labeling data set and optimizes model performance by using a cross verification method, a full-wave solution is adopted for simulating the key regions to obtain field distribution of the key regions, a high-frequency approximation method is adopted for simulating the non-key regions to simulate an electromagnetic field generated after incident waves are reflected by the surface of an object, and dynamic boundary conditions are generated at the boundaries of the key regions and the non-key regions to ensure continuity and consistency of field values. In a large-scale electromagnetic simulation scene, the invention realizes the optimal configuration of computing resources by combining deep learning with a mixed solution strategy, focuses limited computing power on a high-precision demand area, and remarkably improves the simulation efficiency and the overall performance.",,,G06T7/13 | G06T7/11 | G06N3/08 | G06N3/0464 | G06F30/27 | G06F30/23,G06T7/13 | G06T7/11 | G06N3/08 | G06N3/0464 | G06F30/27 | G06F30/23,general,1,電磁シミュレーションマルチスケール領域分割深層学習、動的境界条件。物理+MLシミュレーション高速化手法
WO-2025243763-A1,WO,A1,97795099,JP-2025015634-W,20251127,20240521,"Thermal calculation system, thermal calculation method, and program","A thermal calculation system (10) comprising: a selection unit (22a) that selects one story among the n stories of an n-story building (where n is a natural number greater than or equal to 2); a creation unit (22b) that creates a BIM model of the building on the basis of frame information for the building, and creates a first thermal calculation model for a target space on the basis of the created BIM model, said target space being an interior space of the selected one story; a setting unit (22c) that sets a boundary condition in the first thermal calculation model on the basis of the temperature of the target space and the result of a thermal load calculation for the building; a calculation unit (22d) that executes a thermal calculation for the target space on the basis of the first thermal calculation model in which the boundary condition has been set; and a display control unit (22e) that displays the result of the thermal calculation for the target space.",PANASONIC IP MAN CO LTD,KUBOTA HIROFUMI | TSURUI SHOTA | MURO NAOKI | HATTORI KEITA | LIU FEI | SAKAMOTO GOSUKE,G01N25/18 | E04B1/76 | G06F30/20 | G06F30/13 | G06F2119/08,G06F119/08 | G06F30/20 | G01N25/18 | E04B1/76 | G06F30/13,general,1,Panasonic: 熱計算システムBIM、境界条件。建物設計物理シミュレーション
EP-4654066-A1,EP,A1,92145823,EP-23919385-A,20251126,20230203,Decision-making method and related device,"This application provides a decision method and a related device, and relates to the field of communication technologies. The decision method includes: obtaining first feature information of a historical real physical environment, where the first feature information includes environment data in a plurality of dimensions; constructing a plurality of physical simulation environments based on the first feature information; obtaining second feature information of an electronic device located in the historical real physical environment, where the second feature information includes body status data in a plurality of dimensions; constructing a digital twin device of the electronic device in a simulation system based on the second feature information; obtaining a decision model based on simulation results of the digital twin device in the plurality of physical simulation environments; and feeding back the decision model to the electronic device. In this application, the plurality of physical simulation environments are constructed based on the historical real physical environment, and simulation is performed in the plurality of physical simulation environments in parallel by using the digital twin device. In this way, the decision model can be quickly and accurately obtained through training, and accuracy of a decision made by the electronic device in a current real scenario is improved.",HUAWEI CLOUD COMPUTING TECH CO LTD,SHAN WEIHUA | DONG YANG | YIN HUI,G06N3/09 | G06N3/006 | G06N3/08 | G06N3/008 | G06F30/15 | G06N20/00 | G06F30/20 | G06N20/00 | G06F30/15 | G06F30/20,G06F30/20,general,3,Huawei Cloud: 決定手法。過去の実環境から複数の物理シミュレーション環境を構築しデジタルツインデバイスを並列シミュレーションして決定モデルを訓練
CN-120012399-B,CN,B,95663511,CN-202510076378-A,20251125,20250117,Satellite ship-borne communication-in-motion satellite-to-satellite semi-physical simulation method and system,"The invention discloses a satellite ship on-the-fly general satellite semi-physical simulation method and a system, wherein the method comprises satellite ephemeris resolving and satellite track predicting based on a satellite toolbox and self-defined multi-element two-line report TLE data, generating a target satellite for an on-the-fly general satellite process, carrying out ship bump simulation based on sea wave power spectrum empirical functions corrected by sea area features, adding disturbance for the on-the-fly general satellite, carrying out simulation fitting of an actual measurement inertial navigation data error model and a drift model based on an Allen variance, feeding back three-axis angles of an on-the-fly general antenna system in real time, and carrying out multi-sensor synchronization based on a cubic spline interpolation and extrapolation algorithm of a sensor error model and drift model correction interpolation coefficient, thereby improving simulation reality and data reliability. The communication-in-motion semi-physical simulation platform constructed by the invention effectively restores the satellite communication process of the communication-in-motion antenna, ensures the stability of communication data input and output, supports the introduction of measured data to perform semi-physical simulation, and verifies the accuracy of a satellite algorithm.",,,G06F2119/02 | G06F17/17 | G06F17/18 | B64G1/242 | B64G7/00 | G06F30/15 | G06F30/20,G06F119/02 | G06F30/15 | G06F17/18 | G06F17/17 | B64G7/00 | B64G1/24 | G06F30/20,general,2,衛星船舶通信半物理シミュレーション、海浪スペクトルによる船舶動揺シミュレーション+擾乱付加。物理シミュレーション+擾乱注入(宇宙/海事分野)
CN-120124211-B,CN,B,95914802,CN-202510193258-A,20251125,20250221,Regenerative cooling multichannel layout design method based on fuel reaction progress uniformity optimization,"The invention discloses a regenerative cooling multichannel layout design method based on uniformity optimization of fuel reaction progress, which comprises the steps of setting initial channel numbers, determining designed fuel flow of each channel, distributing channels at equal intervals in an initial state, setting section geometric parameters, dividing a cooling structure into a plurality of stations perpendicular to the fuel flow direction, loading thermal boundary conditions according to a non-uniform thermal field of an engine, obtaining fuel temperature and cracking reaction data of each station through calculating a thermal conduction process and fuel cracking reaction, adjusting channel positions between adjacent stations through an optimization algorithm, minimizing objective function values, obtaining channel layout of all stations through repeated optimization calculation, and connecting all stations through a cubic spline curve to obtain a final multichannel layout optimization result. The invention solves the layout adaptation problem of the regenerative cooling channel in a complex thermal environment, improves the cooling efficiency, and reduces the excessive cracking of fuel and the waste of cooling capacity.",,,Y02T90/00 | G06F2119/08 | G06N3/126 | G06N7/01 | G06F30/27 | G06F30/23 | G06F30/17,G06N7/01 | G06N3/126 | G06F119/08 | G06F30/27 | G06F30/23 | G06F30/17,general,1,再生冷却チャンネルレイアウト設計、熱境界条件。ロケットエンジン設計物理シミュレーション
CN-121011122-A,CN,A,97729150,CN-202511322048-A,20251125,20250916,Fault simulation system and fault elimination training method for switch machine,"The invention relates to a fault simulation system of a point switch and an troubleshooting training method, wherein the system comprises a judging control console, a monitoring terminal, a control cabinet and the point switch which are sequentially connected, one or more point switches are arranged in a circuit of the point switch, the types of the point switches comprise an indoor indication open circuit, an outdoor indication open circuit, a control circuit open circuit, a protection and starting open circuit and a drive acquisition circuit open circuit, the judging control console transmits fault point information to the monitoring terminal, the monitoring terminal controls the fault point of one of the circuits of the point switch to be disconnected through the control cabinet, and the monitoring terminal displays alarm prompt information and the running state of the point switch. Compared with the prior art, the invention has the advantages that the fault generated on site can be simulated, the fault rejection capability of the switch machine of training staff is improved, the established fault point covers the core function area of the switch machine, the simulation is accurate, the monitoring terminal displays alarm prompt information and the running state of the switch machine, the state of the switch machine can be judged, and the like.",CASCO SIGNAL ZHENGZHOU CO LTD,LIU YONGJIAN | Qiao Luyao | ZHAO DONGXIA | WANG BIN | CAO PENG | REN MENGHAN | ZHANG XINYU | ZHANG WEI,G09B9/04 | G09B9/00,G09B9/04 | G09B9/00,general,3,鉄道転轍機fault simulationシステム、故障除去訓練手法。故障シミュレーション訓練(鉄道分野)
CN-119376271-B,CN,B,94334510,CN-202310928814-A,20251125,20230726,Visual modeling hybrid rate real-time simulation system,"The invention discloses a visual modeling mixed rate real-time simulation system which comprises a simulation computer, a model development computer, a simulation machine client computer, an automatic test computer, a signal conditioning board card, a fault injection unit, a tested unit, an FPGA model machine and a clock synchronous machine. The simulation system comprises a simulation computer, a model development computer, an automatic test computer, a signal conditioning board card, a fault injection unit, a tested unit, an FPGA model machine and a clock synchronous machine, wherein the simulation computer is used for completing loading and operation control of a simulation model, the model development computer is used for completing programming, development and debugging of the simulation model, the simulation machine client computer is used for completing operation monitoring of the simulation model, the automatic test computer is used for completing simulation test driving control of the simulation model in a signal loop, the signal conditioning board card is used for converting digital signals after the simulation model operates into analog signals, the fault injection unit is used for completing soft faults and fault injection functions of a fault mode, the tested unit is used for configuring a tested object, the FPGA model machine is used for loading FPGA source codes after compiling operation, and the clock synchronous machine is used for completing synchronization of model simulation.",,,G05B17/02,G05B17/02,general,3,視覚モデリングハイブリッドレート実時間シミュレーションシステム、fault injection unitを含む。HIL基盤にfault injection機能
CN-119616487-B,CN,B,94885830,CN-202311188276-A,20251125,20230914,Seam high-penetration evaluation method and system for thin interbedded shale oil,"The invention belongs to the technical field of petroleum development and fracturing, and relates to a seam-height penetrating layer evaluation method and system of thin interbedded shale oil, wherein the method comprises the following steps of S1, constructing longitudinal continuous multi-small-layer geomechanical models of different dessert positions; S2, constructing different thin interbed feature fracturing physical simulation experiments based on a geomechanical model, S3, constructing different thin interbed feature fracture propagation numerical simulation experiments based on the geomechanical model, S4, combining the physical simulation experiments and the numerical simulation experiments, and constructing a thin interbed shale oil seam high-penetration evaluation chart according to the stress difference and the interlayer thickness of different storage interlayers. The system includes a first build module, a second build module, a third build module, and a fourth build module. According to the invention, the artificial crack extension rules under the characteristics of different lithology sequences, mechanical parameters and interlayer interfaces are clarified, and a local fracture height evaluation chart is established, so that the optimization of a fracturing scheme is guided in a targeted manner, and the integral transformation effect of desserts is improved.",,,Y02A10/40 | G06F30/20 | G06Q50/02 | E21F17/00 | E21F17/18 | E21C41/24,G06Q50/02 | G06F30/20 | E21F17/18 | E21F17/00 | E21C41/24,general,2,シェールオイル亀裂高浸透評価、物理+数値シミュレーション実験の組合せ。設計最適化目的
CN-120805518-B,CN,B,97316144,CN-202511302602-A,20251125,20250912,"Mountain tunnel support stress deformation numerical calculation method, system and terminal","The invention discloses a mountain tunnel supporting stress deformation numerical calculation method, a mountain tunnel supporting stress deformation numerical calculation system and a mountain tunnel supporting stress deformation numerical calculation terminal, wherein the method comprises the steps of carrying out surrounding rock classification and classification, burial depth classification and ground stress classification according to the rock hardness degree, the rock body integrity degree, the burial depth and an initial ground stress field of a mountain tunnel, and then selecting a corresponding constitutive model and boundary conditions according to classification results; based on the constitutive model and boundary conditions, a mountain tunnel supporting stress deformation numerical model is established according to tunnel simulation parameters to carry out simulation calculation, and stress and deformation of the supporting structure are obtained. The method is based on the hierarchical discrimination of the tunnels, adaptively matches the constitutive model and the boundary condition, is used for establishing a numerical model, can effectively improve the accuracy of the stress simulation calculation of the supporting structure, realizes the differential calculation requirement of the same framework from shallow embedding to ultra-deep embedding, is beneficial to evaluating the safety and the stability of the supporting structure, and is suitable for the optimization design and construction safety evaluation of the tunnel supporting structure under the complex geological condition.",,,G06F2119/14 | G06F2113/08 | G06F2111/10 | G06F2111/04 | G06F30/23 | G06F30/13 | G06F30/28 | G06F30/20,G06F119/14 | G06F113/08 | G06F111/10 | G06F111/04 | G06F30/28 | G06F30/23 | G06F30/13 | G06F30/20,general,1,山岳トンネル支保応力変形数値計算、境界条件。構造設計物理シミュレーション
CN-120880145-B,CN,B,97465167,CN-202511384655-A,20251125,20250926,Modularized multi-level electric energy conversion device based on master-slave architecture sampling communication,"The invention discloses a modularized multi-level electric energy conversion device based on master-slave architecture sampling communication, which comprises a main power circuit and a control system, wherein the control system comprises a semi-physical simulation controller, a signal conditioning circuit and a signal sampling circuit, the signal sampling circuit is used for sampling signals of the main power circuit, acquiring sampling signals and transmitting the sampling signals to the semi-physical simulation controller in real time, the semi-physical simulation controller is used for confirming the on-off condition of a switching tube of each SM sub-module in an MMC circuit according to the acquired sampling signals to obtain pulse signals of the on-off of the switching tube, and the signal conditioning circuit is used for carrying out signal conditioning on the pulse signals of the on-off of the switching tube and outputting the pulse signals to a three-phase signal distribution plate so as to use the conditioned pulse signals for phase control of the MMC circuit. The problem of current MMC experiment platform exist not enough in the aspect of state monitoring reliability, main control unit resource allocation, cause serious restriction system&#39;s control bandwidth and dynamic response speed is solved.",,,H04L67/12 | G05B17/02 | H02M1/44 | H02M7/53875 | H02M7/483 | H02M7/219 | H02M1/088 | H02M1/0003,H04L67/12 | H02M7/5387 | H02M7/483 | H02M7/219 | H02M1/44 | H02M1/088 | G05B17/02 | H02M1/00,general,2,モジュラー多レベル電力変換装置半物理シミュレーション制御器。HIL制御システム目的
CN-121008497-A,CN,A,97731208,CN-202511087602-A,20251125,20250805,Semi-physical simulation system and method of wing-variable-bending aircraft,"The invention discloses a semi-physical simulation system and a semi-physical simulation method of a wing-variable aircraft, which belong to the technical field of semi-physical simulation of variant aircraft, and comprise the steps of constructing a model by a PC upper computer and monitoring a flow; the real-time simulation computer is connected with all devices through an optical fiber reflection memory network to execute trajectory calculation, pneumatic processing, wing section reconstruction and deformation control strategy generation, the triaxial servo turntable loads inertial navigation devices and tracks pose information, the wind tunnel applies pneumatic load to the deformed wing, the STM32 driving system realizes multistage motor cooperative control, the measuring system acquires deformation data in real time through the laser displacement sensor, the strain gauge array and the coding disc, the flight control system generates rudder control and deformation instructions, and the annular cascade optical fiber network realizes multiprotocol conversion. According to the invention, the physical deformation wing is integrated into the semi-physical simulation, so that the cooperative test of flight control, deformation control and a machine body structure is realized, the deformation anti-interference and flight safety research is supported, and a foundation is laid for the optimization and test flight of the wing-flexible aircraft.",BEIJING INSTITUTE TECH,Chai Shuqiang | LIU JUNHUI | YANG PENGQIAN | WANG HAOQUAN | ZHAO NANA | Ma Shangda | WANG JIANAN | Shan Jiayuan,G05B17/02,G05B17/02,general,2,翼可変屈曲航空機半物理シミュレーション、風洞+変形制御。モーフィング機シミュレーション試験プラットフォーム
CN-120822290-B,CN,B,97370461,CN-202511339804-A,20251125,20250919,Point cloud neural network aerodynamic force thermal rapid prediction method considering variable geometry,"The invention discloses a point cloud neural network aerodynamic force thermal rapid prediction method considering variable geometric shapes, which belongs to the field of aerodynamics and comprises the steps of determining a study object, constructing a data set, extracting global shape features, local shape features and inflow condition features of different variable geometric shapes under the same basic configuration by adopting a three-dimensional point cloud neural network, taking the global shape features, the local shape features and the inflow condition features as input parameters of the point cloud neural network, and predicting wall pressure and heat flow density by adopting the same model, wherein training data of the three-dimensional point cloud neural network adopts wall heat flow density and pressure under a non-uniform wall temperature boundary condition. The invention can realize the efficient prediction of the wall pressure distribution and the heat flux density under the non-uniform wall temperature boundary conditions of different variable geometric shapes under the same basic configuration, and improves the prediction accuracy.",,,G06F2119/08 | G06F2119/14 | G06F2113/08 | G06F30/27 | G06F30/28 | G06F30/23 | G06F30/15 | Y02T90/00,G06F119/14 | G06F119/08 | G06F113/08 | G06F30/28 | G06F30/27 | G06F30/23 | G06F30/15,general,2,点群NNによる可変幾何形状空力熱予測、不均一壁温境界条件下の訓練データ。物理シミュレーション+ML予測手法
CN-120257597-B,CN,B,96182403,CN-202510325418-A,20251125,20250319,"Method, device and medium for determining instantaneous flow pressure state of pipe explosion of pressure pipe network","The invention relates to the technical field of municipal engineering, and discloses a method, a device and a medium for determining the instantaneous flow pressure state of a pipe explosion of a pressure pipe network, which can convert the pipe explosion event of the pressure pipe network from a time domain to a frequency domain for analysis by calculating the Laplacian frequency domain variable of the pipe explosion event to be simulated, the interpolation operation on time and space in the traditional method is avoided, a large amount of calculation and memory burden are reduced, solutions on different frequencies are mutually independent, parallel calculation can be adopted, and therefore calculation efficiency is greatly improved. Furthermore, by constructing an initial hydraulic boundary condition, the hydraulic state of each node when a pipe explosion event occurs is accurately described, so that steady-state hydraulic simulation before pipe explosion and after pipe explosion is respectively carried out, and the accuracy of a simulation result is ensured. And finally, constructing and solving a transient flow frequency domain equation of the pressure pipe network, so that the accuracy of the obtained transient flow pressure change time sequence of the pressure pipe network burst approximates to MOC, and the calculation efficiency is greatly improved.",,,G06F2111/06 | G06F2113/14 | G06F2119/02 | G06F2119/14 | G06F30/18 | G06F30/28 | G06F30/20,G06F119/14 | G06F119/02 | G06F113/14 | G06F111/06 | G06F30/28 | G06F30/18 | G06F30/20,general,3,圧力管網の破裂(パイプバースト)過渡流圧力状態決定。ハザード(管破裂)事象の物理シミュレーション(インフラ分野)
CN-121009270-A,CN,A,97726379,CN-202511033713-A,20251125,20250725,Karst region surface water and underground water exchange quantity inversion method,"The invention discloses a karst region surface water and underground water exchange quantity inversion method based on a temperature tracing method, which is used for collecting temperature time series data of different horizontal positions and different riverbed depths of karst region surface water/riverbed sections, constructing a new two-dimensional heat transmission mathematical model for describing the temperature tracing process of the karst region to be detected by directly utilizing the observed surface water temperature data as boundary conditions of a temperature tracing model, deriving an analytical solution of the constructed mathematical model by adopting a Green function method, and coupling a particle swarm optimization algorithm, breaking the limitation that the traditional temperature tracing model can only invert the vertical exchange quantity, realizing the automatic inversion of the karst region surface water and underground water exchange quantity, providing a new technical means for the interaction of the karst region surface water and the underground water, the water circulation research of the karst region, and the like, and being widely applied to the fields of the numerical simulation of the karst underground water system, the evaluation of water resources, the ecological environment research and the like.",XIAN RESEARCH INSTITUTE OF CHINA COAL TECHNOLOGY & ENGINEERING GROUP CORP | GUIZHOU ANSHENG ENERGY CO LTD,FAN JUAN | JIN DEWU | WANG HAO | WANG SHIDONG | GUO KANG | ZHOU LINSHENG | XING MAOLIN | KONG XIANGZHOU | LONG TIANWEN | WANG QI | FAN MIN | YU BO | LI PANPAN | WEN XIAOBIN,G06F2111/10 | G06F30/20 | G06N3/006 | G06F17/17,G06N3/006 | G06F111/10 | G06F30/20 | G06F17/17,general,1,カルスト地域地表水地下水交換量逆解析、境界条件。地球物理逆解析手法
CN-118395859-B,CN,B,91993832,CN-202410518826-A,20251125,20240428,Natural frequency data enhancement method for tea-oil tree based on improved CTGAN network,"The invention discloses an enhancement method of natural frequency data of tea-oil trees based on an improved CTGAN network, which comprises the steps of establishing a simplified three-degree-of-freedom mass-spring-damping model of the tea-oil trees, constructing and solving a forced vibration differential equation of the tea-oil trees, collecting multiple groups of size parameters and natural frequency data of the tea-oil trees, constructing an original real data set, inputting the original real data set into the constructed improved CTGAN network, obtaining an optimal improved CTGAN network by minimizing absolute difference of pearson correlation coefficients between the original real data set and a synthetic data set, training the optimal improved CTGAN network to generate multiple groups of synthetic data, evaluating the quality of the synthetic data by using a statistical method, and developing a machine learning model to conduct regression prediction on the synthetic data. The invention expands limited original training samples to generate new samples meeting the real data distribution so as to meet the requirements of the machine learning model on the data samples.",,,Y02T90/00 | G06F2119/14 | G06N20/10 | G06N5/01 | G16C60/00 | G06N3/094 | G06N3/0475 | G06F17/18 | G06F17/16 | G06F17/13 | G06F18/214 | G06F18/24 | G06F30/27,G16C60/00 | G06N20/10 | G06N5/01 | G06N3/094 | G06N3/0475 | G06F119/14 | G06F18/24 | G06F18/214 | G06F17/18 | G06F17/16 | G06F17/13 | G06F30/27,general,3,改良CTGANによる茶油樹固有振動数データ拡張。振動モデル+GANで限られた訓練サンプルを実データ分布に沿って合成拡張
CN-121009709-A,CN,A,97731541,CN-202511180334-A,20251125,20250822,Multi-objective optimization method for cooling space power magnetic device structure based on phase change material,"A multi-objective optimization method for cooling a space power magnetic device structure based on a phase change material relates to the technical field of space power magnetic device cooling. The method comprises the steps of designing a magnetic device cooling structure, sealing and wrapping phase change materials on the surface of a magnetic core of the magnetic device through a packaging shell, building a model according to COMSOL Multiphysics, setting the assignment range of thickness variables of the phase change materials to obtain the magnetic device cooling structure with different sizes, performing steady-state parameterization scanning, calculating effective cooling capacity per unit volume and effective cooling capacity per unit mass of a winding and the magnetic core, calculating unit cooling cost of the winding and the magnetic core, and obtaining the thickness value of the optimal phase change material by averaging according to an Origin fitting curve. The space power magnetic device is cooled based on the high latent heat property of the phase change material, and the multi-objective optimization including the volume, the mass, the material cost and the carrying cost is comprehensively considered, so that a better cooling effect is obtained.",HARBIN INST TECHNOLOGY,E PENG | REN SHANGKUN | QING SHAOWEI | CAO ZHENG | WEI JIAN | HU JUNYI | DENG YUDONG,G06F2119/08 | G06F2111/04 | G16C60/00 | G06F30/20,G16C60/00 | G06F119/08 | G06F111/04 | G06F30/20,general,1,宇宙用電源磁気デバイス冷却最適化(重複)。設計最適化目的
CN-121011124-A,CN,A,97731959,CN-202511427286-A,20251125,20250930,Train electrical control simulation system,"The application discloses a train electric control simulation system which comprises a sliding plug door centralized control simulation unit, a safety loop simulation unit, an air conditioner control simulation unit, an illumination control simulation unit and a power supply simulation unit, wherein the sliding plug door centralized control simulation unit is used for simulating train opening and closing logic and interlocking functions, the safety loop simulation unit is used for simulating train interlocking functions related to train safety operation and comprises the step of interlocking with the sliding plug door centralized control simulation unit to realize door opening and closing safety interlocking, the air conditioner control simulation unit is used for simulating temperature regulation and air conditioner faults in a train, the illumination control simulation unit is used for simulating train illumination mode switching and emergency response functions, and the power supply simulation unit is used for simulating train power supply selection logic and protection functions and is used for supplying power to the sliding plug door centralized control simulation unit, the safety loop simulation unit, the air conditioner control simulation unit and the illumination control simulation unit. The application can replace the actual vehicle for training the students, can reduce the training dependence of the students on the actual vehicle, reduce the cost and the safety risk, and enhance the fault simulation and diagnosis capability of the students.",CRRC NANJING PUZHEN RAIL TRANSP CO LTD,LI HUAN | XU WANGJUN | WANG QIANG | YANG SHENGWEI | FANG WEI | ZHOU ZHOU | CHEN JINGQUN,G09B9/00 | G09B9/04,G09B9/00 | G09B9/04,general,3,列車電気制御シミュレーションシステム。空調故障等をシミュレートしfault simulation・診断訓練能力を強化(鉄道分野)
CN-120995664-A,CN,A,97699380,CN-202511026460-A,20251121,20250724,Mountain fire spreading simulation method based on FDS,"The invention provides a mountain fire spreading simulation method based on FDS, which is used for solving the problems of insufficient modeling precision, insufficient multi-parameter coupling, contradiction between calculation efficiency and precision and the like of complex terrain in the prior art. The method comprises the steps of preprocessing terrain data of a simulation area, extracting terrain features comprising slopes and directions, dividing grids of the simulation area, dynamically adjusting the resolution of the grids according to the slopes, loading a weather condition dynamic coupling module, combining data in a forest combustible thermal property parameter database, and dynamically simulating fire spread, wherein the forest combustible thermal property parameter database comprises vegetation types corresponding to each grid in the simulation area, thermal property parameters, density, height and water content corresponding to each vegetation type, and the weather condition dynamic coupling module is configured to realize bidirectional coupling of a wind field and a combustion process by quantifying the effect of fire on wind and the effect of wind on fire, and dynamically updating wind speed, wind direction and temperature boundary conditions.",TIANSHENGQIAO BUREAU OF EHV POWER TRANS COMPANY CHINA SOUTHERN POWER GRID CO LTD,LEI GUANGLUN | ZHAO WEI | SUN TONGQING | ZHAI HONGDA | RAN XUEBIN | LUO DAQING | ZENG TIANCI | Lei Guangpei | WEI DEZHAO | MA RUI,Y02A90/10 | G06F2119/02 | G06T17/00 | G06F30/20,G06T17/00 | G06F119/02 | G06F30/20,general,4,FDSによる山火事延焼シミュレーション。気象結合で動的に延焼を模擬。ハザード(山火事延焼)物理シミュレーションに合致
CN-120995687-A,CN,A,97686362,CN-202511099948-A,20251121,20250806,Coastal ocean environment modeling method based on physical AI,"The invention discloses a physical AI-based coastal ocean environment modeling method which comprises the steps of obtaining and preprocessing multisource data of a coastal ocean environment, including topography, hydrodynamic observation or driving, wave observation or driving, satellite remote sensing, site observation, navigation observation, a submarine observation network, high-resolution submarine topography and shoreline data and model driving force data, obtaining and formally expressing key physical rules of the coastal ocean environment, constructing a physical AI engine for simulating or predicting sediment concentration or seabed topography change, designing the structure and/or training process into key physical rules capable of being formally expressed, jointly training the physical AI engine based on the multisource data and the formally expressed key physical rules, and performing the simulation or prediction of the state of the coastal ocean environment based on the input of initial conditions and driving force data into the physical AI engine to form a coastal ocean environment model. Systems, electronic devices, and computer-readable storage media are also disclosed.",ORDNANCE SCIENCE AND RES ACADEMY OF CHINA,LI GUANGYUN | Cui Chunyuan | WU HAOPENG | YANG WEIQING | REN JINGYI | LIU BO | ZHAO DAN | FU QI,G06F2111/10 | G06F2111/04 | G06F2119/12 | G06F2119/14 | G06F2119/06 | G06N3/084 | G06N3/096 | G06N3/0455 | G06N3/049 | G06N3/0442 | G06N3/0464 | G06F30/28 | G06F30/27 | G06F30/20,G06N3/096 | G06N3/084 | G06N3/049 | G06N3/0464 | G06N3/0455 | G06N3/0442 | G06F119/14 | G06F119/12 | G06F119/06 | G06F111/10 | G06F111/04 | G06F30/28 | G06F30/27 | G06F30/20,general,2,物理AI沿岸海洋環境モデリング、初期条件。物理+AI一般環境モデリング手法
CN-119475803-B,CN,B,94585848,CN-202411698067-A,20251121,20241125,Engine part matching simulation method and device based on non-uniform data transmission,"The invention relates to the field of matching simulation of aeroengines, in particular to a method and a device for matching simulation of engine parts based on non-uniform data transmission, comprising the steps of reading boundary conditions of first parts in a plurality of parts which are connected in sequence in an aeroengine to be analyzed; and repeatedly determining the outlet aerodynamic parameters of the upstream component based on the boundary conditions of the upstream component in the two adjacent components from the first component in the plurality of components, determining the outlet aerodynamic parameters of the upstream component and the outlet static pressure of the upstream component as the boundary conditions of the downstream component to obtain the outlet aerodynamic parameters of the downstream component until the outlet aerodynamic parameters of the last component are obtained, and determining that the iteration stop condition is met if the difference between the inlet static pressure of the downstream component in the target position and the outlet static pressure of the upstream component in each group of adjacent components is smaller than or equal to the static pressure threshold value, thereby obtaining the simulation result of the aeroengine. The method and the device improve the accuracy of the simulation result of the engine.",,,Y02T90/00 | G06F30/15 | G06F30/20,G06F30/15 | G06F30/20,general,1,航空エンジン部品マッチングシミュレーション、境界条件。エンジン設計物理シミュレーション
CN-120993772-A,CN,A,97697573,CN-202511004885-A,20251121,20250721,Single pulse simulation method under condition of partial damage of darkroom array,"The invention discloses a single pulse simulation method under the condition of partial damage of a darkroom array, which comprises the steps of determining an array area required to be used on a spherical array when an aircraft performs semi-physical simulation in the darkroom of a radar, selecting a new array area, rotating a turntable for fixing the aircraft according to a preset angle, enabling the midpoint of the area to correspond to a zero position of the turntable at the center of the darkroom of the radar, enabling the orientation of a single pulse radar guiding device carried on the aircraft to avoid the damaged array area, calculating a rotation angle instruction of a turntable for executing a second rotation sequence according to the determined preset angle and a rotation angle instruction of the aircraft on the turntable, calculating the rotation angle instruction of the spherical array for executing the second rotation sequence according to the preset angle and a sight angle required to be simulated when the aircraft is simulated, and executing the turntable and the spherical array according to the corresponding rotation angle instruction respectively, so that a single pulse simulation process is performed.",XIAN MODERN CONTROL TECH RESEARCH INSTITUTION,DENG HAIPENG | Miao Haochun | Hu Cunyi | CHEN WEI | WANG YANG | LI QI | YANG YUNGANG | HuangFu Yilun | LIU ZHONGXIN | LYU FANG | Feng Tiehong | DAI CUNXI,G05B17/02 | G01S13/883,G01S13/88 | G05B17/02,general,2,暗室アレイ部分損傷下の単一パルスシミュレーション。損傷/劣化ハードウェア条件下の半物理シミュレーション
CN-120993781-A,CN,A,97694586,CN-202511208089-A,20251121,20250827,Semi-physical simulation method and system for wind-solar coupling hydrogen production system,"The invention relates to a semi-physical simulation method and system of a wind-solar coupling hydrogen production system. The method comprises the steps of constructing a simulation model of the wind-solar coupled hydrogen production system, compiling and loading the simulation model into a hardware simulation device of a semi-physical simulation platform, simulating a steady-state working condition or a non-steady-state working condition of the wind-solar coupled hydrogen production system, controlling the simulation model to run in the hardware simulation device, sending output of the simulation model into a physical converter and a controller through a power amplifier connected with the hardware simulation device, collecting and returning output of the physical converter and the controller to the simulation model through a signal collecting device, collecting simulation data of the simulation model in real time by an oscilloscope, and analyzing stability and accuracy of the simulation model according to the simulation data of the simulation model under the steady-state working condition and/or the non-steady-state working condition. The invention can provide powerful model support and technical support for the optimal design and reliable operation of the wind-solar coupled hydrogen production system.",UNIV NORTH CHINA ELECTRIC POWER | UNIV SHANGHAI ELECTRIC POWER,MA JING | XU PENG | Xiong Yuanhang | CHEN ZHIPENG,G05B17/02,G05B17/02,general,2,風力太陽光結合水素製造半物理シミュレーション、定常/非定常状態。HIL設計検証目的
CN-120995822-A,CN,A,97693773,CN-202410623283-A,20251121,20240520,Method for performing core physical simulation program fast calculation by deep learning method,"The invention belongs to the technical field of numerical calculation of nuclear power station reactors, and particularly relates to a method for performing quick calculation of a reactor core physical simulation program by using a deep learning method. The method comprises the following steps of generating sample data based on a reactor core calculation program, performing deep learning network design and training, and integrating a machine learning model with the reactor core calculation program. The method has the advantage that after acceleration is not performed, the diffusion process needs to be iterated for a plurality of times. When the diffusion solver solves based on the output of the deep learning model, only 1 iteration is needed, the calculation result meets the convergence criterion, so that the calculation speed is greatly improved, and meanwhile, the stability of the whole program is higher and the influence of accidental mutation of the deep learning model is avoided.",CHINA NUCLEAR POWER OPERATION TECHNOLOGY CORP LTD,ZHANG YAQI | WANG HAOYU | ZHANG QIAN | YAO LEI | YANG SENQUAN | LI FEI,Y02E30/30 | G06F2111/10 | G06F17/11 | G06N3/08 | G06N3/0464 | G06F30/27,G06N3/08 | G06N3/0464 | G06F111/10 | G06F17/11 | G06F30/27,general,2,原子炉炉心物理シミュレーション高速化深層学習。物理+ML高速化手法(原子力隣接分野)
CN-120995897-A,CN,A,97683623,CN-202511512652-A,20251121,20251022,"Wafer test offset detection method, system and storage medium","The invention belongs to the technical field of semiconductor manufacturing, and provides a wafer test offset detection method, a system and a storage medium, wherein the method comprises the following steps: and acquiring key vector data in the wafer test process, wherein the key vector data comprises a thermal load vector, a system state vector and a real-time observation vector, sorting to obtain a multi-mode data set, establishing a hybrid prediction model combining a physical simulation model and a residual error correction model, predicting an actual thermal displacement prediction vector by adopting the hybrid prediction model based on the multi-mode data set, judging whether thermal displacement mismatch risks exist, if so, triggering offset root cause identification, establishing a historical knowledge base, if triggering offset root cause identification, identifying thermal displacement mismatch root causes of the wafer test based on the multi-mode data set and the historical knowledge base, generating a sequence root cause list, sequentially aiming at the thermal displacement mismatch root causes according to the obtained sequence root cause list, generating a mismatch compensation strategy, and compensating the thermal displacement mismatch risks.",SUZHOU HONGAN MACHINERY CO LTD,LIU DAQING | ZHU YUE | LI HUI | SHI YIQIANG | WANG ZHI,G06F2119/08 | G06N3/08 | G06N3/045 | G06N3/042 | G06F18/15 | G06F18/256 | G06F30/27 | G01K7/18 | G01K13/00,H01L21/66 | G06N3/08 | G06N3/045 | G06N3/042 | G06F119/08 | G06F18/25 | G06F18/15 | G01K13/00 | G01K7/18 | G06F30/27,general,1,ウェハーテストオフセット検出物理+残差モデル。半導体製造QC物理+ML予測
CN-120995786-A,CN,A,97694619,CN-202511200607-A,20251121,20250826,Structural reliability analysis method based on Kriging model and truncated importance sampling,"The invention belongs to the technical field of mechanical structure reliability analysis, and particularly relates to a structural reliability analysis method based on a Kriging model and truncated importance sampling, which comprises the following steps of S1, analyzing a mechanical structure, identifying key factors and establishing a functional function; S2, estimating probability distribution forms and parameters of input variables, S3, sampling to generate multidimensional random samples, calculating responses by using a function to form a training sample set, S4, optimizing relevant function parameters of a Kriging model by using the training sample set to construct an initial Kriging model, S5, evaluating MPP by using the Kriging model to form a TIS density function, extracting candidate sample points, S6, selecting the candidate sample point with the smallest learning function value as a newly added training sample point to continuously optimize the Kriging model, returning to S5 if the candidate sample point is not converged, converging to S7, predicting responses by using the Kriging model with local convergence to calculate failure probability and variation coefficients, and returning to S5 if the candidate sample point is not converged. The method can improve the calculation efficiency of the reliability analysis of the complex structure with low failure probability.",UNIV CHONGQING,SONG YUCHUAN | PAN ZHENGYUAN | YANG YUNFAN | Xu Guopan,G06F2111/04 | G06F2111/10 | G06F2119/02 | G06N3/006 | G06F30/27 | G06F30/17 | G06F30/23,G06N3/006 | G06F119/02 | G06F111/10 | G06F111/04 | G06F30/27 | G06F30/17 | G06F30/23,general,4,構造信頼性解析、Kriging+切断重要度サンプリング。低故障確率のレアイベント信頼性解析に合致(機械構造分野)
CN-114781183-B,CN,B,82408224,CN-202210560792-A,20251121,20220523,Method and system for designing reliability of intelligent perception system based on MBSE,"The invention provides a reliability design method and a system of an intelligent perception system based on MBSE, which comprise the steps of building an entity domain of the intelligent perception system based on the structure of the intelligent perception system, building a logic model of the intelligent perception system based on the entity domain and a modeling method driven by service demands, building a physical simulation model of the intelligent perception system based on the logic model and a model driving method, calculating response reliability of the intelligent perception system based on the physical simulation model, and optimizing reliability design of the intelligent perception system based on the response reliability. The invention relieves the technical problems of low efficiency and difficult iteration in the prior art.",,,Y02P90/02 | G06F2119/02 | G06F30/20,G06F119/02 | G06F30/20,general,2,MBSE知的認識システム信頼性設計、物理シミュレーションモデル。信頼性設計目的
CN-120986061-A,CN,A,97688117,CN-202511098686-A,20251121,20250806,Intelligent printing process parameter optimization method and equipment,"The invention relates to the technical field of printing process optimization, and discloses an intelligent printing process parameter optimization method and equipment, wherein the invention obtains the whole flow monitoring data of printing equipment through a multidimensional sensing module, carries out process quality association analysis to obtain printing quality analysis characteristics, constructs quality influence factors and corresponding factor value information, optimizes by using a genetic algorithm to obtain a potential optimization strategy, the digital twin bodies of the printing equipment are used for carrying out physical simulation screening out a feasible optimization strategy, the feasible strategy is distributed to a plurality of printing equipment for execution to carry out collaborative reference analysis to obtain an iterative optimization strategy, intelligent optimization of printing process parameters is realized, printing quality and production efficiency are improved, manual intervention complexity and cost are reduced, strategy collaborative and continuous optimization capability among the equipment is enhanced, and the problem that the effect of manually adjusting the printing process parameters is poor in the prior art is solved.",GUANGZHOU MEIKEI INTELLIGENT PRINTING CO LTD,ZHAO CHUNFENG | ZHANG HUIYUAN | ZHANG YUZHONG,G06F2119/14 | G06F2119/08 | G06F2113/08 | G06F2111/06 | G06N3/126 | G06F30/28 | G06F30/20 | B41F33/00,G06N3/126 | G06F119/14 | G06F119/08 | G06F113/08 | G06F111/06 | G06F30/28 | G06F30/20 | B41F33/00,general,1,印刷プロセスパラメータ最適化デジタルツイン物理シミュレーション。プロセス最適化目的
CN-120993770-A,CN,A,97685883,CN-202510952965-A,20251121,20250710,Cluster target optimization semi-physical simulation method based on cascading BP neural network,"The invention provides a cluster target optimal semi-physical simulation method and system based on a cascading BP neural network, wherein the method comprises the steps of determining a cluster target value grading index according to simulation task requirements, combining simulation experience, constructing a grading sample training set with wide grading distribution, constructing an initial cascading BP neural network, training the cascading BP neural network through the grading sample training set, judging whether the current cluster target distribution exceeds the range of a simulation antenna group, traversing all antenna groups of the simulation cluster target through a position relation if the current cluster target distribution exceeds the range of the simulation antenna group, calculating grading indexes of alternative schemes, inputting the trained cascading BP neural network, outputting grading results of the schemes, taking the highest grading as a final simulation scheme, and directly simulating all targets if the current cluster target distribution exceeds the range of the simulation antenna group. The invention realizes the optimization of the simulation effect of the cluster target under the condition of limited simulation resources, intelligently decides the current optimal simulation antenna group, and has simple network structure and high processing speed.",SHANGHAI INST ELECTROMECHANICAL ENG,LUO ZHIJUN | LU RENJIE | XU XIAO | JIAO BINBIN | HAN ZHIQIANG | Xi Rongping | CHEN CHONG | XU ZHE | Lu Gehui,G06N3/084 | G05B17/02,G06N3/084 | G05B17/02,general,2,クラスタ目標半物理シミュレーション、カスケードBPニューラルネット。シミュレーション資源最適化目的
CN-120995713-A,CN,A,97683057,CN-202511223566-A,20251121,20250829,"Combined simulation control method, device, equipment and medium","The application provides a joint simulation control method, a device, equipment and a medium. The method comprises the steps of inputting initial conditions for joint simulation into at least one solver, determining data exchange time for obtaining the solving results output by the solver, determining the solving results of the solver at the data exchange time based on a quaternion interpolation algorithm, and determining the simulation results of the joint simulation at the data exchange time based on the result data corresponding to each solver. The application effectively solves the problems of insufficient simulation precision and efficiency of the joint simulation in the related technology.",CHENGDU GONGDING TECH CO LTD | ZHEJIANG GREEN ZHIXING KECHUANG CO LTD | GEELY HOLDING GROUP CO LTD,JU REN | NI RUICHEN | HONG DIFENG | DENG XIAOLONG,G06F2111/10 | G06F17/10 | G06F30/20,G06F111/10 | G06F17/10 | G06F30/20,general,1,結合シミュレーション制御、四元数補間、初期条件。シミュレーション結合手法
CN-120997379-A,CN,A,97682294,CN-202510862084-A,20251121,20250625,Intelligent display system and method for clothing design,"The invention relates to the technical field of clothing design, in particular to an intelligent display system and method for clothing design, comprising the following steps of receiving a clothing design sketch, adopting a convolutional neural network to extract outline features and generating a structured 3D clothing model containing plate topological relation and fabric physical parameters; the method comprises the steps of obtaining user body type scanning data, constructing a parameterized virtual human body with anatomic hierarchy and soft tissue dynamic response capability, realizing dynamic fitting of a garment model and the virtual human body through a physical simulation engine, calculating garment deformation behavior changing along with actions, analyzing scene semantic tags input by a user, matching illumination, accessories and background elements in a preset material library, and generating an interactable 3D display scene with physical interaction and light shadow effects. According to the invention, the modeling efficiency and simulation precision of the garment design can be improved, intelligent matching of garment styles and scene semantics is realized, and the immersion sense and user experience of garment display are enhanced.",SHANDONG UNIV OF ART & DESIGN,GAO RUITONG,Y02P90/30 | G06N3/0455 | G06N3/0464 | G06F30/27 | G06F30/10 | G06T19/006 | G06T17/00,G06T19/00 | G06N3/0464 | G06N3/0455 | G06F30/27 | G06F30/10 | G06T17/00,general,1,衣服デザイン知的展示物理シミュレーションエンジン。グラフィックス/ファッションシミュレーション
CN-120998356-A,CN,A,97699846,CN-202511128174-A,20251121,20250813,System and method for evaluating stability of anti-generation drug,"The invention relates to the field of drug stability assessment, in particular to an anti-generation drug stability assessment system and a method thereof. The system comprises three modules of challenge sample simulation, drug stability test and intelligent identification. The system generates an anti-noise, self-adaptive and stable countermeasure sample based on the molecular structure of the medicine, and predicts the medicine stability under different conditions through an environmental physical simulation and digital twin model. The intelligent recognition module performs molecular fragment sensitivity analysis, predicts stability under extreme conditions, and outputs an evaluation report. The system solves the problems of efficiency, precision and application range in the prior art, combines innovative technologies to realize evaluation quality change, provides scientific basis for drug research and development, transportation and storage, and remarkably improves the drug stability evaluation level.",Yantai Drug Evaluation and Inspection Service Center,LI MENG | Tang Aman | WANG XUELEI | JIANG FANGFEI,G06N3/08 | G06N3/045 | G06F30/27 | G16C20/50 | G16C20/70,G16C20/50 | G06N3/08 | G06N3/045 | G06F30/27 | G16C20/70,general,3,抗世代薬安定性評価。チャレンジ(敵対的)サンプル生成+環境物理シミュレーション+デジタルツインで極限条件下の安定性を予測(製薬分野)
CN-120994947-A,CN,A,97698079,CN-202511190431-A,20251121,20250825,Rapid calculation method for tube pass sound transmission characteristics of heat exchanger,"The invention discloses a rapid calculation method of heat exchanger tube pass sound transmission characteristics, which relates to the technical field of ships, the method is based on a transmission matrix method, firstly, the heat exchanger tube pass is divided into a plurality of structural units, then, the sound transmission matrix of each unit is obtained by adopting a numerical simulation/analytic calculation/test method, and finally, assembling the matrix according to the overall structure and the unit boundary condition to form an overall transmission matrix, so as to realize the evaluation and calculation of the tube side acoustic transmission loss of the heat exchanger and be beneficial to the quantitative analysis of the acoustic transmission characteristic. The invention breaks through the heat exchange tube sound vibration transmission analysis modeling technology with shell-side fluid, solves the problem that the large-size heat exchanger with sound-solid coupling effect is difficult to calculate by a numerical method, can provide input for the acoustic quantitative evaluation of the ship sea-going cooling pipeline system, and has positive significance for the low-noise design of the heat exchanger and the improvement of the ship sound stealth performance.",CHINA SHIP SCIENT RES CT,CHEN WENHUA | SUN YUDONG | HUANG WEIXI | WU JIANGHAI | YIN ZHIYONG | LIANG YUN | Su mingzhu,G06F2113/14 | G06F2119/10 | G06F2111/10 | G06F30/20 | G06F17/16,G06F119/10 | G06F113/14 | G06F111/10 | G06F30/20 | G06F17/16,general,1,熱交換器管側音響伝達計算、境界条件。音響設計計算手法
CN-120995656-A,CN,A,97694001,CN-202510967559-A,20251121,20250714,Uranium dendrite growth prediction method in uranium electrorefining process based on phase field method,"The invention discloses a prediction method for uranium dendrite growth in a uranium electrorefining process based on a phase field method, and belongs to the field of spent fuel aftertreatment. The uranium dendrite growth control method comprises the steps of establishing a phase field model for predicting uranium dendrite growth according to a phase field control equation deduced by electrochemical reaction thermodynamics and free energy functions, carrying out dimensionless treatment on the phase field control equation, inputting the equation into simulation software, determining a phase field simulation domain, carrying out grid division, setting initial crystal nucleus positions, setting parameters, boundary conditions and solving conditions of the uranium dendrite phase field model, determining specific mathematical relations between the parameters of the phase field model and macroscopic measurable parameters through an analytic method, solving the input control equation through the software, outputting a result, and carrying out visual treatment to obtain the uranium dendrite growth morphology in the uranium electrolysis refining process. The method can realize the prediction of the growth of the uranium dendrite under different technological parameters such as constant potential, constant current, pulse electrolysis and the like, is beneficial to comprehensively understanding the growth mechanism of the uranium dendrite, and saves time cost and capital investment.",UNIV HARBIN ENG | CHINA INST ATOMIC ENERGY,ZHANG MENG | CAO LUNXIU | LIANG BO | WANG JINGYANG | LIN RUSHAN | Hou Hongguo | LIU TINGTING | Zhan Chunyuan | ZHOU YU | GAO YANG | JIAO CAISHAN | ZHAO HEMU | LI YI,G06F17/11 | G06F30/20,G06F17/11 | G06F30/20,general,2,ウラン電解精製デンドライト成長位相場予測、境界条件。異なるプロセスパラメータ下の物理シミュレーション(原子力材料分野)
CN-116050146-B,CN,B,86117902,CN-202310059102-A,20251121,20230118,Modeling and fault simulation method for lubricating oil system of aeroengine,"The invention relates to a modeling and fault simulation method for an aeroengine lubricating oil system, and relates to the technical field of aerospace. The system comprises an oil supply subsystem, an oil return subsystem, a ventilation system and a thermodynamic system, wherein a component model is built firstly, then a ventilation, oil supply, oil return and thermodynamic subsystem model is built, and finally a lubricating oil full-system simulation model is formed. The invention can obtain an accurate and reliable numerical simulation model of the lubricating oil system, realizes the fault simulation function of the lubricating oil system by analyzing the system parameter change caused by the fault, provides support for the optimal design and health management of the lubricating oil system, and has important significance for the technical research of the aeroengine in China.",,,Y02T90/00 | G06F2119/14 | G06F2119/08 | G06F2113/08 | G06F2111/10 | G06F30/20,G06F119/14 | G06F119/08 | G06F113/08 | G06F111/10 | G06F30/20,general,3,航空エンジン潤滑油システムのモデリング+fault simulation。故障による系統パラメータ変化を解析(航空分野)
CN-120874628-B,CN,B,97472039,CN-202511384744-A,20251121,20250926,Low-inductance energy consumption resistor design method and device based on group intelligent algorithm,"The invention discloses a low-inductance energy consumption resistor design method and device based on a group intelligent algorithm, and belongs to the field of high-power inductive energy storage load design. According to the design resistance value of the laminated energy dissipation resistor, initial design parameters of the resistor are randomly generated, wherein the initial design parameters mainly comprise the number of the resistor pieces, the length, the width and the thickness of the resistor pieces. According to the stray inductance calculation formula, the inductance value under the parameter is calculated and is used as an adaptation value, the adaptation value is input into a gray wolf optimization algorithm, iterative calculation is carried out on the adaptation value, and finally the design parameter with the minimum inductance value is found. Before iteration, corresponding boundary conditions are set according to physical limitations of the resistor design. After iteration for set times, finite element simulation software is used for verification, and model distortion is prevented. The invention can realize the optimal design of the energy consumption resistor, reduce stray inductance and improve discharge performance on the basis of ensuring the accurate resistance value. The invention has simple design flow, higher calculation precision and convenient engineering realization.",,,G06N3/006 | G06F30/23 | G06F30/27,G06N3/006 | G06F30/23 | G06F30/27,general,1,低インダクタンスエネルギー消費抵抗設計、境界条件。設計最適化手法
CN-120993773-A,CN,A,97684146,CN-202511004892-A,20251121,20250721,Proxy system and simulation method suitable for multi-system joint real-time simulation,"The invention discloses a proxy system and a simulation method suitable for multi-system joint real-time simulation, wherein the proxy system comprises a real-time operation management module, a simulation switching control module, a proxy data resolving module, a five-axis turntable data driving module, a target and environment generating module, a joint simulation data communication module and a man-machine interaction and data storage module; the multi-system linkage and time sequence strong system method is adopted to realize the multi-mode composite guidance system based on multi-system joint collaborative semi-physical simulation; according to the invention, a plurality of simulation systems are interconnected and intercommunicated to form the multi-mode multi-system simulation system, so that the technical difficulty of a multi-real-time system time sequence strong system is overcome, the semi-physical simulation verification under the multi-system multi-mode cooperative condition is realized, and the multi-system cooperative system semi-physical simulation verification method has a good popularization and application space.",XIAN MODERN CONTROL TECH RESEARCH INSTITUTION,LI PEIYAO | YUE CHAO | WANG JIAN | ZHANG XIANG | ZHANG XIN | ZHANG XIAO | LIU MENGYAN | LI HUANDONG | ZHANG LIN | YAN JUNLIANG,Y02P90/02 | G05B17/02,G05B17/02,general,2,多系統結合実時間半物理シミュレーションプロキシ。シミュレーション基盤アーキテクチャ
CN-120999755-A,CN,A,97691998,CN-202410629032-A,20251121,20240521,Optimal configuration method and device for power scale and proportioning information and related equipment,"The application provides an optimal configuration method, device and related equipment of power scale and proportioning information, wherein the method comprises the steps of determining boundary conditions according to power generation project information; generating a plurality of power scale and proportioning information based on the boundary condition and the power generation project information, respectively carrying out statistical analysis on the power scale and proportioning information to obtain a plurality of statistical results, obtaining a plurality of production operation simulation results, and determining a target production operation simulation result according to the production operation simulation results. According to the application, after the plurality of power source scale and proportioning information are generated according to the boundary conditions, the plurality of power source scale and proportioning information are respectively simulated, so that the optimal power source scale and proportioning information are determined, and the energy storage system with the corresponding scale is matched, so that the optimal configuration of the source network charge storage scheme is carried out on the power generation project, and the power generation project scale configuration optimal scheme meeting the power grid stability requirement is provided.",ELECTRIC POWER PLANNING & ENG INST CO LTD,GU HAN | ZHANG ZIQI | Huo Yanda | YANG LU | ZHANG WEILING | CAI CHEN | WANG CUN | Bu Xiaokun,G06F2113/04 | H02J3/28 | H02J3/007 | H02J3/466 | G06F30/20 | G06Q50/06 | G06Q10/04,H02J3/28 | H02J3/00 | G06Q50/06 | G06Q10/04 | G06F113/04 | G06F30/20 | H02J3/46,general,2,電源規模配分最適配置、境界条件から複数規模配分シナリオを生成し運用シミュレーション。エネルギー計画シナリオ生成手法
CN-120105703-B,CN,B,95886517,CN-202510178260-A,20251121,20250218,Numerical simulation method for taper plane model of inertia friction welding,"The invention discloses a numerical simulation method for a taper plane model of inertia friction welding, and relates to the technical field of welding and cutting. The method comprises the steps of establishing a three-dimensional model of a double joint in an inertia friction welding process, establishing a transient thermal coupling module, introducing a fixed end and a rotating end into a geometric structure of the transient thermal coupling module, endowing the fixed end and the rotating end with corresponding metal alloy materials, respectively dispersing the fixed end and the rotating end into a plurality of grids, adjusting grid positions corresponding to the fixed end and the rotating end with the aim of attaching the fixed end and the rotating end, setting a thermal boundary condition between the fixed end and the rotating end, and obtaining a temperature field, stress distribution and displacement cloud picture of the double joint by modifying technological parameters of the fixed end and the rotating end and performing simulation. The method ensures that the accuracy of the stress field, the temperature field and the displacement cloud picture in the inertia friction welding process obtained by carrying out numerical simulation on the inertia friction welding process is higher.",,,Y02T90/00 | G06F2111/10 | G06F2119/06 | G06F2119/12 | G06F2119/08 | G06F2119/14 | G06T17/20 | G06F30/17 | G06F30/23 | G06F30/28 | G06F30/20 | B23K20/26 | B23K20/122,G06T17/20 | G06F119/14 | G06F119/12 | G06F119/08 | G06F119/06 | G06F111/10 | G06F30/28 | G06F30/23 | G06F30/17 | B23K20/26 | B23K20/12 | G06F30/20,general,1,慣性摩擦溶接テーパー平面数値シミュレーション、熱境界条件。製造プロセスシミュレーション
CN-120993780-A,CN,A,97684765,CN-202511162859-A,20251121,20250819,"Intelligent cabin scene arrangement simulation method, system and application based on virtual-real combination","The invention belongs to the technical field of intelligent cabins, and provides an intelligent cabin scene arrangement simulation method, system and application based on virtual-real combination, wherein the method comprises the steps of establishing a physical layer, wherein the physical layer comprises a real vehicle body, parts of a cabin and an operating mechanism; the virtual feedback layer is established, the electric signal and the action signal output by the physical layer are converted into dynamic visual effect signals, the dynamic visual effect signals are received by the signal conversion layer, simulation of intelligent cabin scene arrangement is completed, and virtual instructions are fed back. According to the invention, by combining the physical simulation bench with the virtual simulation technology, the computer simulation technology and the Ethernet communication technology are introduced while the convenience of developing the carrier is solved, and the digitalized tool is introduced into the development and research process, so that the difficulty of developing the carrier for arranging and researching the scene of the intelligent cabin of the automobile can be reduced, and the convenience of use is improved.",ANHUI JIANGHUAI AUTOMOBILE GROUP CORP LTD,ZHANG WENMING | CHEN TAOHUA | ZHANG YUTING,H04L2012/40273 | H04L2012/40234 | H04L2012/40215 | H04L12/40006 | H04L69/169 | H04L69/08 | G06F11/3688 | G06F11/3698 | G06F11/3696 | G05B17/02,H04L69/16 | H04L69/08 | H04L12/40 | G06F11/3698 | G06F11/3668 | G05B17/02,general,2,インテリジェントコックピットシーン配置バーチャル-リアル結合シミュレーション(自動車)。開発プラットフォーム目的
CN-120995642-A,CN,A,97699137,CN-202510831675-A,20251121,20250620,Dimension reduction modeling method suitable for proton exchange membrane fuel cell short stack,"The invention discloses a dimension reduction modeling method suitable for a proton exchange membrane fuel cell short stack, which adopts a one-dimensional flux equation to solve a membrane electrode assembly, and adopts a three-dimensional calculation domain to solve PEMFC short stack polar plates, flow channels and gas diffusion layer assemblies. Including conservation of mass, conservation of momentum, conservation of components, conservation of energy, conservation of liquid water, and conservation of electron potential, and one-dimensional domain including electrochemical reaction, membrane water, electro-osmotic drag, and flux conservation equations associated with catalytic layers and proton exchange membranes. The three-dimensional domain calculation result is used as a one-dimensional domain boundary condition, and is converted into a three-dimensional domain source phase and connected with the three-dimensional domain through an expansion layer. The modeling of the PEMFC short stack can reduce the grid number to one tenth of the traditional three-dimensional model, considers the processes of mass transfer and heat transfer, electrochemical reaction, membrane water balance and the like in the PEMFC, and can accurately simulate the PEMFC stack with the activation area exceeding 300cm  2  and the number of battery blocks exceeding 10.",UNIV TIANJIN,JIAO KUI | LIU XUELIANG | BAO ZHIMING | QIAO PENGYU | DU HAORAN | ZHU KAIGE,Y02E60/50 | G06T17/00 | G06F30/20,G06T17/00 | G06F30/20,general,1,PEMFC燃料電池次元縮小モデリング、境界条件。設計物理シミュレーション
CN-120995946-A,CN,A,97700847,CN-202511528656-A,20251121,20251024,CFD simulation-based indoor pollutant diffusion analysis method,"The invention discloses an indoor pollutant diffusion analysis method based on CFD simulation, which relates to the technical field of pollution diffusion analysis and comprises the following steps of setting a real-time monitoring unit to collect indoor environment data to be monitored, inputting the indoor environment data to be monitored to a CFD model, setting boundary conditions, constructing a background flow field of a speed field, a pressure field and a temperature field through iterative calculation, dividing an initial grid according to indoor space layout, constructing a pollutant diffusion equation under the condition of the background flow field, obtaining a pollutant estimated concentration value in a historical reference time period, outputting an actual concentration value through a pollutant concentration detection unit, determining whether grid splitting or merging is carried out according to the difference between the estimated concentration and the actual concentration and a concentration gradient, correcting parameters of a pollutant diffusion equation by utilizing the updated actual concentration value of the grid, obtaining an accurate diffusion equation, monitoring pollutant diffusion conditions in real time, and improving the accuracy of the model obviously.",UNIV JILIANG CHINA,SUN ZAI,G06F2119/08 | G06F2111/08 | G06F2111/10 | G06F2119/14 | G06F2113/08 | G06F18/15 | G16C20/70 | G16C20/20 | G06T17/20 | G06F30/27 | G06F30/23 | G06F30/28,G16C20/70 | G16C20/20 | G06T17/20 | G06F119/14 | G06F119/08 | G06F113/08 | G06F111/10 | G06F111/08 | G06F30/27 | G06F30/23 | G06F18/15 | G06F30/28,general,1,CFD室内汚染物拡散解析(重複)。物理シミュレーション監視目的
CN-120995789-A,CN,A,97686840,CN-202511238043-A,20251121,20250901,Gear pump shell manufacturing method and device,"The embodiment of the invention discloses a manufacturing method and device of a gear pump shell. The method comprises constructing finite element model containing design space, boundary condition and material parameter according to structural optimization requirement of gear pump housing, generating data set containing initial density field, intermediate iteration density field and corresponding final optimization result by multiple sets of solid isotropic material SIMP topological optimization simulation with penalty configured at different densities, adopting deep learning regression model and based on the same Reconstructing a three-dimensional model of the gear pump housing by taking an initial density field and an intermediate iteration density field as optimization parameters and taking a final optimization result as an optimization target;  Is the density field after the iteration update;   Is the density field of the SIMP iteration;   And when the optimization target is reached, manufacturing the gear pump shell according to the reconstructed three-dimensional model.",BEIJING INST GRAPHIC COMMUNICATION,GAO ZHENQING | Meng Luyao | TU JUNCHENG | ZHANG RUI | LI HONGFENG | MA TIANYI,G06F2119/14 | G06F2111/06 | G06N3/126 | G06N3/0464 | G06F30/17 | G06F30/27 | G06F30/23,G06N3/126 | G06N3/0464 | G06F119/14 | G06F111/06 | G06F30/27 | G06F30/17 | G06F30/23,general,2,ギアポンプシェルSIMPトポロジー最適化ML、反復密度場データセットを生成し回帰モデル訓練。多条件データ生成だが設計最適化目的
US-2025356073-A1,US,A1,92145823,US-202519286781-A,20251120,20230203,Decision method and related device,"This disclosure provides a decision method and a related device. The decision method includes: obtaining first feature information of a historical real physical environment, where the first feature information includes environment data in a plurality of dimensions; constructing a plurality of physical simulation environments based on the first feature information; obtaining second feature information of an electronic device located in the historical real physical environment, where the second feature information includes body status data in a plurality of dimensions; constructing a digital twin device of the electronic device in a simulation system based on the second feature information; obtaining a decision model based on simulation results of the digital twin device in the plurality of physical simulation environments; and feeding back the decision model to the electronic device.",HUAWEI CLOUD COMPUTING TECH CO LTD,SHAN WEIHUA | DONG YANG | YIN HUI,G06N3/09 | G06N3/006 | G06N3/08 | G06N3/008 | G06F30/15 | G06N20/00 | G06F30/20 | G06N20/00 | G06F30/15 | G06F30/20 | G06F30/15,G06F30/15,general,3,Huawei Cloud決定手法(重複)。複数物理シミュレーション環境でデジタルツインを訓練
CN-119885845-B,CN,B,95428625,CN-202411849905-A,20251118,20241216,Deep learning method for predicting thermal hydraulic characteristics of sodium-cooled fast reactor heat exchanger,"The invention provides a deep learning method for predicting thermal hydraulic characteristics of a sodium-cooled fast reactor heat exchanger, which belongs to the technical field of passive waste heat discharge systems of sodium-cooled fast reactors, and comprises the steps of utilizing a first DNN to approximate low-fidelity flow and temperature distribution, constructing a nonlinear relation between low-fidelity and high-fidelity data through a second DNN, injecting a physical information partial differential equation and boundary conditions into a third DNN as constraints to optimize a prediction result, and combining a fluid heat transfer partial differential equation and data driving advantages, so that high-fidelity prediction of flow velocity and temperature in the PCHE of the sodium-cooled fast reactor can be realized only by low-fidelity data, the problem that the physical information in the heat exchanger is difficult to measure is solved, and the method has important significance in improving inherent safety and reactor core safety of the sodium-cooled fast reactor.",,,Y02E30/30 | G06N3/048 | G06F2119/14 | G06F2119/08 | G06F2113/08 | G06N3/0985 | G06N3/084 | G06N3/045 | G06F30/28 | G06F30/27 | G21C15/18,G21C15/18 | G06N3/0985 | G06N3/084 | G06N3/048 | G06N3/045 | G06F119/14 | G06F119/08 | G06F113/08 | G06F30/28 | G06F30/27,general,2,ナトリウム冷却高速炉熱交換器熱水力予測PINN、境界条件。物理+ML予測(原子力隣接分野)
CN-120974931-A,CN,A,97657447,CN-202511444911-A,20251118,20251010,"Audio simulation method, device, equipment and storage medium","The application discloses an audio simulation method, an audio simulation device, audio simulation equipment and a storage medium, which relate to the field of audio simulation. Through offline training, the proxy model learns and solidifies the nonlinear mapping relationship from excitation parameters (frequency, voltage) to complex sound field physical characterization (spherical harmonic coefficients). In real-time applications, the trained model can instantaneously predict the spherical harmonic coefficients of the sound source based on the driving parameters and be used for subsequent acoustic simulations and ultimately to synthesize audible audio. Therefore, the time-consuming microcosmic physical simulation process is decoupled into offline training, so that a huge calculation gap of source-field direct coupling is bypassed, real-time full-link audio simulation is realized on the premise of ensuring high precision, and the calculation bottleneck is effectively solved.",SHENZHEN DUOKE ELECTRONIC CO LTD,CHENG KAI | ZHANG LIUWEI | DUAN CHUNLIN | XIE CE | HUANG TIANYU | Hong Zongqing,G06N3/08 | G06N3/0499 | G06F30/27,G06N3/08 | G06N3/0499 | G06F30/27,general,1,音響シミュレーションプロキシモデル、オフライン物理シミュレーション分離。物理+ML音響加速化手法
CN-120974702-A,CN,A,97651197,CN-202510918005-A,20251118,20250703,"Flap door hydraulics characteristic simulation method, device, equipment and medium","The application discloses a flap gate hydraulic characteristic simulation method, a device, equipment and a storage medium, which comprise the steps of constructing a flap gate three-dimensional geometric model containing key parameters, dividing a calculation domain, adopting a proper grid division technology and completing grid independence verification; the method comprises the steps of establishing a flap valve control equation system based on a flap valve three-dimensional geometric model, setting boundary conditions, carrying out numerical solution on the flap valve hydraulic characteristics, carrying out post-processing analysis on the flap valve according to the numerical value of the flap valve hydraulic characteristics to obtain the hydraulic characteristics, carrying out multi-working-condition comparison analysis, verifying a simulation model through a physical model test, carrying out structural parameter optimization design based on a verification result, and establishing a mapping relation model to realize intelligent operation regulation and control, and simultaneously adopting a parallel calculation model and a prediction model to accelerate simulation calculation. The application realizes the high-precision simulation of the hydraulic characteristics of the flap gate, has remarkable effect of improving the calculation efficiency, supports intelligent regulation and control and multi-objective optimization, and remarkably enhances the engineering safety and economy.",POWERCHINA KUNMING ENG CORP LTD | HUANENG LANCANG RIVER HYDROPOWER CO LTD,MA RENCHAO | CAO HUIYING | LI ZHONGHUA | ZHU XIAOTAO | ZHANG WENKE | ZHOU HUA | LI ZICHONG | WANG XIN | WU DEXIN | FENG SHAOBIN | XU DEXIN | LI BIN | LIAO ZHAOBANG | CUI ZHI | WANG CHUJUN,G06F2111/10 | G06F2113/08 | G06F2119/14 | G06T17/00 | G06F30/10 | G06F30/20,G06T17/00 | G06F119/14 | G06F113/08 | G06F111/10 | G06F30/10 | G06F30/20,general,2,フラップゲート水理特性シミュレーション、複数作動条件境界条件比較。設計評価目的の多条件シミュレーション
CN-120972619-A,CN,A,97645064,CN-202511472219-A,20251118,20251015,Airplane control surface servo actuator simulation method considering hinge moment influence,"The invention relates to the technical field of simulation and simulation of actuators, in particular to a simulation method of an aircraft control surface servo actuator considering the influence of a hinge moment, which is characterized in that an external current control command is received through an external system interface and a closed loop control module, control surface position and speed data are fed back, a fault setting and aerodynamic force data interface is provided, a current control command processing module is entered, fault simulation processing is carried out on the current control command received in the step 1, the simulation of hydraulic fault, electromagnetic valve blocking, command dead zone and control signal out-of-control is carried out, a dynamically-changed hinge moment influence factor is coupled with the movement speed of the actuator through a hinge moment coupling module, the defect that the load is simplified into a constant moment in the existing model is overcome, the influence of a pneumatic environment on the control surface movement is truly reflected, a simulation result is more close to an actual flight state, and a more reliable reference basis is provided for aircraft development, ground test and flight training.",TIANJIN HONGTU AVIATION TECH GROUP CO LTD,Lin Taigang | MENG FANDUO | WU PENGJIE | LIANG HONGYAN | LIN YONGWEI | DU SHENG | LI WANG | ZHENG LEI | HUANG JINHAI | LI YI | WANG PENG | SHI YUJIAO | HUANG GUANGKE,Y02T90/00 | G05B17/02,G05B17/02,general,4,航空機操縦翼面サーボアクチュエータシミュレーション(重複)。油圧故障等複数fault simulation処理
CN-118171350-B,CN,B,91357941,CN-202410222463-A,20251118,20240228,Underground reservoir pressure-bearing structure considering least adverse working conditions and quantitative design method thereof,"The invention discloses an underground reservoir pressure-bearing structure considering the least adverse working condition and a quantitative design method thereof, which are suitable for the technical field of underground engineering, and comprise the following steps of S1, finding out the mechanical boundary condition of a multilayer structure, and determining the condition of the underground reservoir and corresponding operation parameters; S3, calculating related parameters of the pressure-bearing structure of the underground reservoir under the most unfavorable working conditions by taking the parameters obtained in the step S1 as input according to a three-dimensional stress balance equation. The quantitative design method of each layer of structure of the high-internal-pressure underground storage is provided by setting the pressure-bearing mode of the pressure-bearing structure under the least adverse working condition and comprehensively utilizing the classical theory, and the pressure-bearing structure is comprehensively considered in multiple conditions and multiple aspects, so that the restriction of the underground storage on hard conditions is reduced, and the stability and the safety of the underground storage can be effectively improved.",,,Y02E10/20 | G06F2119/14 | G06F30/20 | G06F30/13,G06F119/14 | G06F30/20 | G06F30/13,general,3,地下貯留層耐圧構造の最不利作動条件下設計。ワーストケース条件設計手法(地下工学分野)
CN-118734544-B,CN,B,92848897,CN-202410723105-A,20251118,20240605,Agent model-based gas turbine unit monitoring method and system,"The invention relates to a gas turbine unit monitoring method and system based on a proxy model, which comprises the steps of establishing a simulation model of the gas turbine unit, calibrating the simulation model, determining parameters for monitoring the performance of the gas turbine unit and performance indexes thereof, generating the proxy model by selecting a plurality of simulation operation condition parameters for each monitoring performance parameter, combining the simulation operation condition parameters into a plurality of different simulation operation condition conditions, carrying out simulation calculation by using the simulation model of the gas turbine unit to obtain the monitoring performance parameters corresponding to each simulation operation condition, correcting the plurality of actual monitoring performance parameters corresponding to each exhaust temperature, eliminating the influence of boundary conditions to obtain corrected monitoring performance parameters, obtaining a functional relation between a corrected monitoring performance parameter reference value and the exhaust temperature through fitting, and establishing the monitoring model, namely obtaining the performance indexes corresponding to each monitoring performance parameter and monitoring the performance indexes of each monitoring performance parameter.",,,G06F30/20,G06F30/20,general,2,ガスタービンユニット監視代理モデル、複数シミュレーション運転条件組合せ。多条件データ生成による監視モデル構築
CN-120976702-A,CN,A,97638830,CN-202511122219-A,20251118,20250812,"Three-dimensional GIM model-based power transmission line icing dynamic visualization method, system, equipment and medium","The invention discloses a three-dimensional GIM model-based power transmission line icing dynamic visualization method, a system, equipment and a medium, wherein the method comprises the steps of constructing a GIM model based on unmanned aerial vehicle laser point cloud data, accurately digitizing the geometric structure of a power transmission line through a multi-level filtering and feature extraction algorithm, and enabling the model accuracy to reach a centimeter level; the method comprises the steps of integrating multisource icing data fusion and intelligent feature extraction to form a complete icing state assessment system, realizing an icing prediction function, innovatively expanding traditional two-dimensional calculation to a three-dimensional space based on a three-dimensional dynamic physical simulation technology of catenary theory, realizing real physical expression of the icing state of a wire by considering the non-uniform distribution of icing and the time-varying characteristics of wind load, and realizing dynamic presentation and depth data mining of the icing process through a time axis dynamic demonstration and multidimensional interactive visualization technology. Through the organic combination of the scheme, modeling precision, data processing capacity, physical simulation and interactive experience are improved compared with the traditional method.",GUIZHOU POWER GRID CO LTD,HUANG HUAN | JIANG QIAN | WU YU | WU JIANRONG | ZHANG YIZHAO | NIU WEI | MAO XIANYIN | ZENG HUARONG | Lv Qianyong | Zou Diao | DU HAO | YANG QI | HIRO SUSUMU | WU SHOUCHANG | HU RONGJUN | ZHONG YAO | DAI ZHOU | GAO ZHENGHAO | ZHANG LUSONG | FAN QIANG | CHEN PEILONG | YANG LIUQING | SHI ZHUXIN | ZHANG QILI | WEI XUEQI,G06T2207/20084 | G06T2207/20081 | G06T2207/10028 | G06F2113/16 | G06F30/27 | G06T17/00 | G06V10/46 | G06V10/82 | G06V10/806,G06V10/82 | G06V10/46 | G06T17/00 | G06F113/16 | G06F30/27 | G06V10/80,general,3,送電線着氷動的可視化3D物理シミュレーション。ハザード(着氷)の物理シミュレーション(エネルギー分野)
CN-120974733-A,CN,A,97658350,CN-202511084263-A,20251118,20250804,Weather radar system fault simulation method,"The invention discloses a weather radar system fault simulation method, and belongs to the technical field of radar simulation. The method comprises component simulation, fault link simulation and fault alarm simulation based on signal flow. The component simulation uses the input signal as a drive to construct a mathematical model, generates a simulation component with the electrical characteristics of the output signal being consistent with that of the actual output signal, and can set faults through a parameter interface. The invention can accurately reproduce radar faults and alarms, provides support for maintenance, and has the advantages of high matching degree, repeatable fault setting and the like.",UNIV CHENGDU INFORMATION TECHNOLOGY,LI XUEHUA | WANG XUMIN | LI HAIQUAN | Xiong Maojie | WANG GUANRONG,Y02A90/10 | G06F17/10 | G06F30/20,G06F17/10 | G06F30/20,general,3,気象レーダーシステムfault simulation手法。レーダー故障・警報を再現(気象/レーダー分野)
CN-120974680-A,CN,A,97649341,CN-202410617617-A,20251118,20240517,Preparation method of complex film state oil-gas reservoir visualization model and application of obtained model,"The invention relates to a preparation method of a complex film state oil and gas reservoir visual model and application of the obtained model, in particular to the technical field of petroleum development and research, wherein the preparation method comprises the steps of obtaining model parameters with similar relation with actual oil and gas reservoir parameters according to a similar rule; and constructing a complex film state strong heterogeneous oil-gas reservoir visual physical model according to model parameters with similarity relation with actual oil-gas reservoir parameters, wherein the similarity conditions for obtaining the model parameters according to similarity criteria comprise model geometric similarity, model boundary condition similarity, reservoir characteristic similarity, injection and production parameter similarity, fluid physical property similarity and oil-gas miscible state similarity. The method provided by the invention simulates the geological structure, fluid physical properties and exploitation conditions of the complex film-state strong heterogeneous hydrocarbon reservoir by means of a similar principle, and the obtained model can be used for performing a displacement experiment, so that an effective model preparation method is provided for experimental research of complex film-state strong heterogeneous hydrocarbon reservoir development.",PETROCHINA CO LTD,ZHU QINGZHONG | GAO MING | YU HONGWEI | GAO YUAN,Y02A10/40 | G06F2119/14 | G06F2113/08 | G06F18/22 | G06F30/10 | G06F30/20,G06F119/14 | G06F113/08 | G06F30/10 | G06F18/22 | G06F30/20,general,1,相似則に基づく複合薄膜状油ガス貯留層可視化物理モデル。物理実験モデル手法
CN-120805731-B,CN,B,97330769,CN-202511269707-A,20251118,20250908,"Modeling method, medium and equipment for civil aircraft PHM model based on cross-modal coupling","The invention discloses a modeling method, medium and equipment for a civil aircraft PHM model based on cross-modal coupling, and belongs to the technical field of aircrafts. The method comprises the steps of S1, preprocessing multi-mode data, carrying out feature extraction and space-time/event alignment aiming at three modes of flight time sequence data, text data and image data, laying a foundation for subsequent fusion modeling, S2, constructing a cross-mode feature fusion and holographic data sample, constructing a holographic data sample base covering a full life cycle through cross-domain fusion and dynamic optimization, S3, comprehensively modeling PHM physical-knowledge fusion, constructing a double-layer collaborative framework combining physical simulation and knowledge reasoning, and realizing controllable fusion of the physical simulation and multi-mode knowledge. The invention can solve the problems of difficult alignment of multi-source heterogeneous data, insufficient fusion between a physical mechanism and data driving, poor model interpretation and the like in the prior art.",,,G06F2123/02 | G07C5/0808 | G06N5/041 | G06N3/0464 | G06N3/042 | G06N3/045 | G06N5/022 | G06F16/2474 | G06F16/2264 | G06F18/213 | G06F18/15 | G06F18/253 | G06F30/27,G07C5/08 | G06N5/04 | G06N5/022 | G06N3/0464 | G06N3/045 | G06N3/042 | G06F123/02 | G06F18/25 | G06F18/213 | G06F18/15 | G06F16/2458 | G06F16/22 | G06F30/27,general,2,民間航空機PHMモデルのクロスモーダル結合物理シミュレーション+知識推論。予知保全フレームワーク(航空分野隣接)
CN-120974956-A,CN,A,97641918,CN-202511505463-A,20251118,20251021,Closed-loop self-adaptive motor turn-to-turn short circuit dynamic evolution simulation system,"The invention discloses a closed-loop self-adaptive motor turn-to-turn short circuit dynamic evolution simulation system, which relates to the technical field of motor fault simulation and comprises a feature extraction module, a fault evolution modeling module, a multi-level parameter dynamic correction module and a simulation strategy optimization module, wherein the feature extraction module is used for calculating and generating a fault excitation index and a winding chaos entropy from acquired motor operation data, the fault evolution modeling module is used for solving a preset fault evolution model based on the fault excitation index and the winding chaos entropy to generate an updated fault resistance, the multi-level parameter dynamic correction module is used for correcting parameters of a simulation model according to the winding chaos entropy, and the simulation strategy optimization module is used for switching among a plurality of preset simulation modes according to the winding chaos entropy. According to the invention, a closed-loop self-adaptive system is constructed, a interdisciplinary theory is fused, dynamic simulation of the turn-to-turn short circuit full life cycle of the motor is realized, and high fidelity, physical interpretability and calculation efficiency are considered through a multi-level correction and self-adaptive strategy.",NANTONG SHUOXING ELECTROMECHANICAL CO LTD,MAO FEIXIONG | MAO PENGFEI | LIU LU,G06F18/213 | G06N7/08 | G06F30/27,G06N7/08 | G06F18/213 | G06F30/27,general,3,モータ巻線間短絡動的進展シミュレーション(重複)。故障進展物理シミュレーション
CN-120974971-A,CN,A,97658245,CN-202511075846-A,20251118,20250801,Wind field data modeling method and system for wind resistance test of small and medium-sized unmanned aerial vehicle,"The invention discloses a wind field data modeling method and system for a wind resistance test of a medium-sized and small-sized unmanned aerial vehicle, which comprise the steps of collecting topographic data, wind speed data and wind turbine data of the test wind field, determining a preset area and an unmeasured area according to a preset track of the unmanned aerial vehicle based on the test wind field, obtaining boundary conditions and disturbance grid wake of the unmeasured area through fluid simulation based on the topographic data and the preset area, carrying out wind speed vector decomposition on grids according to the preset wind field boundary conditions, obtaining a preset wind field model according to disturbance time sequences, maneuvering weights of the unmanned aerial vehicle and disturbance grid wake, obtaining a predicted wind field of the unmeasured area through Gaussian process regression based on the preset wind field model, and obtaining a target wind field model through grid time sequence coupling by using different preset tracks of the unmanned aerial vehicle. According to the method, through space-time collaborative interpolation and fluid simulation of Gaussian process regression, the inlet boundary condition is more in accordance with the fluid mechanics rule, and the physical consistency and reliability of a target wind field are improved.",JIANGSU SUPERVISION INSPECTION INST PROD QUALITY | JIANHU COUNTY PRODUCT QUALITY SUPERVISION AND INSPECTION INST,YUE YANGSHUO | XU XIAOANG | LI JILIN | XIAO QUANWANG | DONG CHANGSHENG | CHENG MENGYING,G06F30/15 | G06F2123/02 | G06F2119/14 | G06F2113/08 | G06F18/27 | G06F18/213 | G06F30/27 | G06T17/205 | G06F30/23 | G06F30/28 | G01D21/02,G06T17/20 | G06F123/02 | G06F119/14 | G06F113/08 | G06F30/27 | G06F30/23 | G06F30/15 | G06F18/27 | G06F18/213 | G01D21/02 | G06F30/28,general,2,UAV耐風試験用風況データモデリング(重複)。境界条件流体シミュレーション
CN-120974706-A,CN,A,97644175,CN-202510968240-A,20251118,20250714,Numerical simulation method for light cutter cutting reinforced concrete continuous wall,"The invention discloses a numerical simulation method for a light cutter cutting reinforced concrete wall, which comprises the steps of S1, constructing a cutter cylinder model, a cutter tooth model and a reinforced concrete wall connecting model, S2, assembling the cutter tooth model and the cutter cylinder model into a light cutter model, arranging the light cutter model and the cutter cylinder model in front of the reinforced concrete wall connecting model, S3, defining material parameters and section properties of each part, S4, creating a dynamic explicit analysis step, sequentially executing grid division, rigid constraint definition and binding constraint definition interaction operation on a three-dimensional model, S5, setting boundary conditions, fixedly connecting four sides of the wall, and applying cutter propelling displacement and rotating speed to a reference point, and S6, carrying out data analysis. The invention can simulate cutting effects under different working conditions, optimize cutter configuration and tunneling parameters, and solve the problem that passive rotation is difficult to simulate when the hob cutters cut reinforced concrete, so that the numerical model is more in line with actual cutting effects.",CHINA TIESIJU CIVIL ENG GROUP CO LTD | CHUANGZHI ENGINEERING TECH BRANCH OF CHINA RAILWAY NO 4 ENGINEERING GROUP CO LTD,JIANG SHENGHUA | ZHANG WEI | WEI LIANG | XU ZE | DENG XIFEI | ZHOU WEI | ZHU SONGLIN | YANG JIE | DU WEI | QU ZEJUN | CAI HAIBING | LI YAFENG | ZHOU JIANGLONG,G06F2119/14 | G06F2111/04 | G06F2111/10 | G06T17/20 | G06F30/20,G06T17/20 | G06F119/14 | G06F111/10 | G06F111/04 | G06F30/20,general,2,軽量カッター鉄筋コンクリート切断数値シミュレーション、複数作動条件境界条件。建設機械設計シミュレーション
CN-120974926-A,CN,A,97659000,CN-202511249336-A,20251118,20250903,Standard modularized energy storage thermal runaway early warning method and system based on digital twinning,"The invention discloses a standard modularized energy storage thermal runaway early warning method and system based on digital twinning, and relates to the technical field of energy storage system safety monitoring. The method comprises the steps of deploying multi-type sensors in an energy storage unit to form a network, collecting multidimensional data such as temperature, voltage, gas concentration and the like, transmitting the data to a digital twin platform, converting the data into a format, then using the format to predict thermal runaway, combining the platform with an LSTM-GBDT mixed model through physical modeling, outputting risk probability, and triggering early warning by comparing a risk threshold. The system comprises a sensing perception module, a data acquisition and transmission module, a digital twin prediction module and an early warning execution module. The digital twin platform is used for combining physical simulation and historical data training, so that the heat transfer and uncontrolled propagation process can be accurately simulated, virtual simulation optimization is supported, early warning accuracy and reliability are improved, and operation and maintenance burden and accident potential are reduced.",GUANGZHOU NAWEI CARBON BASED TECH CO LTD,YAN HANHUI | QIU HAO,G06F2119/02 | G06N5/01 | G06N3/0442 | G06N3/045 | G06F30/27,G06N5/01 | G06N3/045 | G06N3/0442 | G06F119/02 | G06F30/27,general,3,蓄エネ熱暴走早期警報デジタルツイン。物理シミュレーション+履歴データで熱伝導・暴走伝播プロセスを模擬しリスク確率算出(電池安全分野)
CN-120974937-A,CN,A,97648898,CN-202511492584-A,20251118,20251020,Electromagnetic pulse transmission simulation method and system based on scattering matrix and crossing ionosphere,"The invention provides an electromagnetic pulse transmission simulation method and system based on a scattering matrix, wherein the method comprises the steps of constructing a source area waveform signal, carrying out Fourier transform on the source area waveform signal to obtain the amplitude and the phase of different frequency components of the source area signal, uniformly layering the ionized layer to obtain the electron density, the electron collision frequency and the total electron content of a path along which the ionized layer is layered, writing the scattering matrix by boundary conditions, combining the scattering matrices among all adjacent layers after the uniform layering of the ionized layer to construct a global matrix, calculating a total transmission coefficient, calculating the amplitude attenuation and the phase change of a single-frequency signal when the ionized layer is transmitted according to the total transmission coefficient, carrying out Fourier inverse transform according to the amplitude attenuation and the phase change to obtain a time domain signal after the ionized layer is passed, updating the source area waveform signal, and comprehensively and accurately describing the scattering characteristics of electromagnetic waves in a complex environment by a final simulation result.",UNIV NANCHANG,WANG YUHAO | ZHOU BINGYAN | LIU YIWEN | RAO WENTAO | YUAN KAI | XU YANG | MA ZHIGANG,G06F2123/02 | G06F18/22 | G06F18/2131 | G06F30/27,G06F123/02 | G06F18/22 | G06F18/2131 | G06F30/27,general,1,電磁パルス伝搬シミュレーション電離層(重複)。物理解析手法
CN-120805519-B,CN,B,97308915,CN-202511304363-A,20251118,20250912,Full-slope erosion sand transportation simulation method integrating soil properties and land utilization,"The invention discloses a full-slope erosion sand conveying simulation method for integrating soil properties and land utilization, which is characterized by respectively collecting erosion sand conveying basic data corresponding to full slopes of a hilly slope and a valley slope in a river basin, wherein the erosion sand conveying basic data comprises soil data, topographic data, land utilization data, vegetation data and water sand data, automatically judging the erosion environment type of the full slope based on the erosion sand conveying basic data, topographic conditions and land utilization type boundary conditions, acquiring initial parameters to be optimized for influencing erosion based on the erosion environment type, updating the initial parameters to be optimized based on a cuckoo search algorithm until optimal parameters are obtained, changing slope combinations and slope lengths in the topographic conditions and land utilization type and vegetation coverage rate combinations in the land utilization type boundary conditions, obtaining various different scenes, and simulating full-slope sand conveying evolution processes based on the different scenes and the optimal parameters to obtain slope sand conveying rates under different conditions.",,,G06F18/25 | G06F18/241 | G06N3/006 | G06F30/20,G06N3/006 | G06F18/25 | G06F18/241 | G06F30/20,general,2,全斜面侵食砂輸送シミュレーション、地形/土地利用境界条件を変えた複数シナリオ。侵食分野の多条件シミュレーション
CN-120951832-A,CN,A,97609629,CN-202511483812-A,20251114,20251017,Hydraulic pump air tightness multi-physical field coupling simulation method,"The invention relates to the technical field of hydraulic pump simulation, and discloses a hydraulic pump air tightness multi-physical field coupling simulation method. The method comprises the steps of firstly establishing a three-dimensional geometric model based on hydraulic pump structural parameters, setting multi-physical field coupling boundary conditions such as a fluid field, a temperature field, a stress field and the like, and then carrying out dynamic grid division to generate an adaptive grid topological structure. And inputting the boundary conditions into a coupling solver for iterative computation to obtain initial simulation data, optimizing a grid model according to residual distribution, executing multi-field coupling simulation computation by using the optimized model, and outputting a result. The coupling solver is subjected to history experimental data training construction, the grid can be subjected to local encryption or sparsification, simulation results are stored in a classified mode, access keys are set to ensure safety, and the solver can be optimized according to different working conditions. The method can comprehensively consider the coupling effect of multiple physical fields, improves simulation precision and calculation efficiency, and provides effective support for the study of the air tightness of the hydraulic pump and the design optimization.",QIDONG YUANHUA MACHINERY CO LTD,LIU JINJUN,G06F2113/08 | G06F2119/14 | G06F2119/08 | G06F30/28 | G06F30/27,G06F119/14 | G06F119/08 | G06F113/08 | G06F30/28 | G06F30/27,general,1,油圧ポンプ気密性マルチフィジックスシミュレーション(重複)。設計解析目的
CN-120143646-B,CN,B,95950266,CN-202510291573-A,20251114,20250312,Fault simulation device of aviation power supply system and control method thereof,"The invention discloses an aviation power supply system fault simulation device and a control method thereof, wherein the device comprises an AC aviation power supply module, an aviation direct current power supply module, a multiplexing switch, a poor contact and overload fault simulator, an RLC load and a signal collector; the device comprises a fault simulator, a fault signal collector, a voltage value acquisition device and an RLC load, wherein the fault simulator is used for simulating series arcs of fault of alternating current power supply and direct current power supply of an aviation power supply under different RLC loads, acquiring arc images and arc temperatures, and acquiring wire images and temperatures during overload faults, the signal collector is used for acquiring voltage values between a multiplexing switch and a zero line and between the fault simulator and the fault simulator, voltage values between a positive electrode and a negative electrode, current flowing through the zero line or the negative electrode and current flowing through a live wire or the positive electrode after the series arcs are generated, and the RLC load is used for simulating different types of loads including resistive loads, inductive loads and capacitive loads.",,,G05B17/02 | G01J5/48 | G01J5/0096 | G01R19/16538 | G01R31/66 | G01R31/42,G01R31/66 | G01R31/42 | G01R19/165 | G01J5/48 | G01J5/00 | G05B17/02,general,4,航空電源システムfault simulation装置。異なるRLC負荷下でAC/DC電源の直列アーク故障・過負荷故障をシミュレート。目的に合致(航空分野)
CN-120952302-A,CN,A,97620834,CN-202510834402-A,20251114,20250620,Method and system for measuring and calculating yield of wind-solar storage system based on Homer Pro,"The application discloses a method and a system for measuring and calculating the yield of a wind-light storage system based on Homer Pro, wherein the method comprises the steps of constructing a wind-light storage system model in Homer Pro software and configuring corresponding parameters; setting up one or more configuration schemes for the wind-solar storage system model, setting corresponding simulation boundary conditions for the configuration schemes to form different simulation scenes, carrying out automatic simulation on each simulation scene, automatically extracting internal yield from simulation results, carrying out structuring treatment on the extracted internal yield to generate internal yield under different configuration schemes, carrying out comparison analysis, and obtaining a sensitivity analysis report and an optimal configuration scheme based on the comparison analysis result. By utilizing the scheme of the application, the simulation scene can be ensured to be flexibly attached to the real boundary conditions of various projects. And a clear sensitivity analysis report and an optimal configuration scheme can be generated, so that a complicated technical measuring and calculating process is converted into an efficient assessment tool.",CHINA DATANG GROUP TECH INNOVATION CO LTD,DUAN QIWEI | KAGEYO | YAN JINGSHU | LIU HAIYANG | FENG SHAOGUANG | YANG WENBO | SHI WENGANG | YANG LIN,G06F30/20 | G06Q50/06 | G06Q10/063,G06Q50/06 | G06F30/20 | G06Q10/063,general,2,Homer Proによる風力太陽光蓄電システム収益計算。複数境界条件下の複数シミュレーションシナリオ感度分析(エネルギー計画分野)
CN-116087891-B,CN,B,86202669,CN-202310192726-A,20251114,20230302,Semi-physical simulation method for airborne radar interference scene,"The invention discloses a semi-physical simulation method of an airborne radar interference scene, which relates to the technical field of radars and comprises the steps of finding a corresponding file of a scene to be simulated in a recorder, and extracting inertial navigation data and a beam control word to form the file; the method comprises the steps of importing files into scene editing software and a radar beam scheduling module to generate interference track data, sending the interference track data to the radar beam scheduling module, forming interference echo on an interference machine control page, playing back actually measured clutter data through recorder control software, selecting a simulation mode on radar display control software, setting signal processing parameters, running simulation, generating a simulation target by a digital beam forming plug-in, receiving the clutter and the interference echo, synthesizing the clutter and the interference echo to form a synthesized beam, and finally carrying out signal processing.",,,Y02A90/10 | G09B9/40 | G09B9/003 | G01S7/40 | G01S7/38,G09B9/40 | G09B9/00 | G01S7/40 | G01S7/38,general,2,機載レーダー干渉シーンの半物理シミュレーション。妨害シナリオシミュレーション試験(防衛分野)
CN-120951610-A,CN,A,97613512,CN-202511471270-A,20251114,20251015,"Optical cleaning simulation analysis method and device, electronic equipment and storage medium","The invention provides a light cleaning simulation analysis method, a light cleaning simulation analysis device, electronic equipment and a storage medium, and relates to the technical field of light cleaning. The method comprises the steps of obtaining a geometric model of the light cleaning chamber, setting simulation parameters for the geometric model, adding a geometric optical physical field and a laminar flow physical field into the geometric model, setting material initial conditions for the geometric model, carrying out ray tracing on the geometric optical physical field and carrying out steady-state solving on the laminar flow physical field, simulating ultraviolet irradiance and a gas flow field in the light cleaning chamber to obtain a simulation result, and carrying out simulation analysis on the simulation result to obtain a simulation analysis result. The method aims to solve the problems of low research efficiency and high trial-and-error cost caused by the lack of effective guiding directions when the traditional light cleaning technology is used for exploring the layout of the gas circuit and the light source, improve the research and exploration efficiency and reduce the exploration cost in experiments.",JI HUA LABORATORY,LIU HAO | GUO KESHENG | Luo Aixin | XU LONG | ZHOU BOTAO,G06F30/10 | G06F30/28 | G06F30/20,G06F30/28 | G06F30/10 | G06F30/20,general,1,光洗浄シミュレーション解析(重複)。設計探索ツール
CN-120951515-A,CN,A,97612077,CN-202510818511-A,20251114,20250618,Marine fan high average stress node fatigue evaluation method,"The invention discloses a fatigue evaluation method for a high average stress node of an offshore wind turbine, which comprises the following steps of firstly, obtaining a load time course of axial force and bending moment acting on the top end of a tower barrel of the offshore wind turbine under each sea condition through dynamic analysis according to environmental parameters including sea condition parameters of a working sea area of the offshore wind turbine and wind, wave and flow coupling action, secondly, establishing a material constitutive model, establishing a steel normal-temperature creep constitutive model through Norton theory and Ramberg-Osgood model, describing creep rate and stress relation of a bolt material under long-term service, thirdly, establishing an integral modeling model of a tower barrel connecting structure and a local fine model of a bolt connecting unit, fourthly, calculating creep influence based on the fine model, loading an analysis result as an initial condition to the integral model and carrying out stress response analysis, and fifthly, carrying out fatigue damage prediction on the offshore wind turbine structure based on S-N curve and Palmgen-Miner rule.",SHANGHAI INVESTIGATION DESIGN & RES INST CO LTD | UNIV TIANJIN,LIN LIN | XU HAORAN | CHEN NIANZHONG | LIN YIFENG | SHEN PANPAN | Zheng Tingsen | Zhao Shilun | WANG RUI,G06F2119/02 | G06F2119/14 | G06F2113/06 | G06F2111/04 | G06F30/20,G06F119/14 | G06F119/02 | G06F113/06 | G06F111/04 | G06F30/20,general,1,洋上風力タービン高平均応力ノード疲労評価、初期条件。構造疲労解析物理シミュレーション
CN-120951523-A,CN,A,97617418,CN-202510914468-A,20251114,20250703,Kalman filtering-based composite material repair interface temperature field estimation method,"The invention relates to the technical field of composite material repair and intelligent monitoring, in particular to a composite material repair interface temperature field estimation method based on Kalman filtering, which comprises the following steps of 1, constructing an aircraft composite material repair solidification heat transfer control equation; step 2, establishing a one-dimensional space model of the repair curing heat transfer state, establishing a node at intervals of delta z in the thickness direction to obtain a discrete thermal control equation, giving boundary conditions, and step 3, establishing a nonlinear Kalman filtering model of the repair curing heat transfer, deducing to obtain a Kalman filtering coefficient K, inputting an initial state value, and estimating the temperature of a cementing interface. According to the invention, by introducing a state estimation and noise suppression technology, multipoint temperature acquisition data are effectively fused, and the temperature of the adhesive joint interface of the patch is accurately estimated on line and in real time, so that a reliable temperature control basis is provided for a temperature control system of the thermal compensation instrument, and the problem of inaccurate temperature control in the prior art is solved.",WUHU STATE OWNED FACTORY MACHINING,HAN NING | XUAN SHANYONG | HUANG RENCHANG | SUN YUNGANG | LIU PENG | ZHOU YUAN,G06F2119/08 | G06F2113/26 | G06F17/11 | G06F30/15 | G06F30/20,G06F119/08 | G06F113/26 | G06F30/15 | G06F17/11 | G06F30/20,general,1,複合材料補修界面温度場カルマンフィルタ推定、境界条件。物理+推定手法
CN-118313148-B,CN,B,91728108,CN-202410556343-A,20251114,20240507,Performance evaluation method and system for automobile rear wheel active steering system,"The invention relates to the technical field of intelligent control of rear wheels of automobiles, in particular to a performance evaluation method and system of an active steering system of a rear wheel of an automobile, and establishes a complete set of functions and performance evaluation system and test method of the rear wheel steering system based on the function requirements of the whole automobile and the dynamic performance standards and requirements of the automobile. The method comprises the steps of taking a functional scene, scene working conditions, working condition evaluation indexes and an evaluation method as early evaluation standards of a control strategy software development stage, performing virtual simulation verification, and rapidly performing strategy, software evaluation and optimization. The method can be used as a test working condition and test case foundation of the software and hardware integrated development stage of the controller to carry out semi-physical simulation test of the controller in the loop and carry out quick verification on the software and the hardware of the controller. And the final function and performance are completely evaluated as a judging standard for the function and performance rack test of the rear wheel active steering real object system, the calibration of the whole vehicle and the test evaluation.",,,G06F17/10 | G06F30/20,G06F17/10 | G06F30/20,general,3,自動車後輪能動操舵性能評価。機能シナリオ・作動条件で仮想シミュレーション+半物理シミュレーション(コントローラインループ)試験
CN-120954283-A,CN,A,97618284,CN-202511159032-A,20251114,20250819,Practical training platform for overhaul skills of reheater or superheater and control method thereof,"The invention discloses a practical training platform for overhaul skills of a reheater or a superheater and a control method thereof, wherein the platform comprises a multi-angle simulation area module, a control module and a control module, wherein the multi-angle simulation area module comprises at least three simulation areas which can be independently operated and are used for respectively simulating different space installation positions of the reheater or the superheater in a boiler of a thermal power plant; the integrated fault simulation module is configured in the replaceable pipe fitting module and is used for actively generating leakage or pipe explosion fault phenomena, and the integrated control module is used for sending a fault triggering instruction to the integrated fault simulation module, calling a preset process database according to the current pipe fitting parameters of the replaceable pipe fitting module and sending synchronous start-stop instructions to at least three simulation areas of the multi-angle simulation area module. Through integrating the multi-module collaborative architecture, full scene coverage, multi-specialty linkage and process pre-verification are realized, and multi-specialty collaborative training operation is supported.",HUANENG SHANGHAI ELECTRIC POWER MAINTENANCE CO LTD,TIAN JING | TAO XIAOBO | LIU XIANGHAI | LI JINGZE | LIU LEI | WANG YONGXUAN | YUAN ZHENHUA | DING HONGFEI | XU HAI | CHENG PING | Zou Haohua | XU CHAOPING | WANG XIAO | QI JINGWEN,G09B25/02 | G09B9/00,G09B25/02 | G09B9/00,general,4,再熱器/過熱器保守訓練プラットフォーム。統合fault simulation moduleで漏洩やパイプ爆発故障現象を能動的に発生。ハザード事象生成の訓練に合致(発電分野)
CN-120950990-A,CN,A,97606566,CN-202511040986-A,20251114,20250728,"Annular heat supply network impedance identification method based on gradient descent method, electronic equipment and computer readable storage medium","The invention provides a loop heat supply network impedance identification method based on a gradient descent method, electronic equipment and a computer readable storage medium, wherein the method comprises the steps of inputting model parameters and boundary conditions of a loop heat supply network; the method comprises the steps of carrying out normalization processing on a designed impedance vector, calculating a theoretical pressure value based on a hydraulic working condition model of an annular pipe network, combining actual measured pressure values of all heat exchange stations, constructing a loss function, calculating gradients of the loss function on the impedance of all normalized pipe sections, iteratively updating the impedance values of all pipe sections according to the gradients based on a gradient descent algorithm, judging whether convergence conditions are met, carrying out inverse normalization processing on the impedance values meeting the convergence conditions to obtain the actual impedance values of all the identified pipe sections, and realizing the identification of the impedance values of all the pipe sections by only using collected pressure data of the heat exchange stations on the premise that the annular heat supply network is not required to be modified.",TIANJIN SINO GERMAN UNIV APPLIED SCIENCES,LIU ZHIKAI | DAI TING | ZHANG LIAN | XU XIN | ZHANG QI | TAO FENG,G06F2119/14 | G06F2113/14 | G06F2113/08 | G06F2111/10 | G06F30/28 | G06F30/27 | G06F30/18 | G06N3/084 | G06F18/213 | G06F18/15 | G06F18/22,G06N3/084 | G06F119/14 | G06F113/14 | G06F113/08 | G06F111/10 | G06F30/28 | G06F30/27 | G06F30/18 | G06F18/213 | G06F18/15 | G06F18/22,general,1,環状熱供給網インピーダンス同定勾配降下法、境界条件。物理逆解析手法
CN-120951591-A,CN,A,97605670,CN-202511127931-A,20251114,20250813,Turbine maintenance decision optimization system and method based on fault cases,"The invention discloses a turbine maintenance decision optimization system and method based on a fault case, which belong to the field of turbine maintenance and comprise a data acquisition processing module, a dynamic map construction module, a multi-source data alignment module, a cross-domain fault simulation module, a fault cause and effect deduction module, a maintenance strategy generation module and a strategy adaptation migration module; the invention can realize the effective integration of the cross-modal information, enhance the expression capability of fault diagnosis and maintenance knowledge, improve the adaptability and accuracy of the system, promote the physical reality and reliability of fault prediction, help maintenance personnel understand the fault propagation mechanism and risk sources, promote the transparency and reliability of decision, avoid the limitation of a single scheme, ensure that maintenance decisions can respond to environmental changes in time, improve the adaptability and efficiency of maintenance execution, preview the maintenance effect in advance, reduce the on-site trial-and-error risk, realize the scientific evaluation and quantitative management of the risk and promote the security guarantee of the maintenance scheme.",TECH SERVICE BRANCH OF HUADIAN POWER INTERNATIONAL CORPORATION LTD,WANG WEI | ZHANG HUA | MA JI | HAN RONGLI | LIU MAOMING | JIANG PENGBO | LIU XIANCHUN | LI JUN | WANG CHENGLIANG | ZONG XUDONG | CUI XIUQIANG | A Yunsheng,G06N5/025 | G06F30/20,G06N5/025 | G06F30/20,general,3,故障事例に基づくタービン保守決定最適化。クロスドメインfault simulation moduleで故障因果推論・保守効果プレビュー(エネルギー分野)
CN-119475692-B,CN,B,94586420,CN-202411483499-A,20251114,20241023,Method for quickly solving electromagnetic field distribution under variable dielectric constant,"The invention belongs to the field of electromagnetic field calculation, and particularly relates to a method for quickly solving electromagnetic field distribution under a variable dielectric constant. According to the method, the physical field under the initial boundary condition is solved, the full-wave simulation method is utilized, and in the subsequent iterative calculation, the electromagnetic field distribution is continuously adjusted by utilizing a correction calculation formula every time the dielectric constant of a substance changes, so that the corresponding electromagnetic field distribution is obtained. The algorithm is particularly suitable for the situation that the dielectric constant of the substance is gradually changed under the influence of external environment factors. The invention solves the problem of huge calculation amount caused by adopting a repeated full-wave simulation calculation method aiming at the environments such as continuously changing physical properties, physical fields and the like of the substances in the traditional method. By rapidly acquiring real-time electromagnetic field distribution around an object, the electromagnetic field radiation condition and the electromagnetic wave leakage condition of a system can be observed, and the problem of systematic electromagnetic compatibility is solved.",,,Y02E60/00 | G06F30/20,G06F30/20,general,1,可変誘電率下の電磁界分布高速解法、境界条件。物理計算加速化手法
CN-120951538-A,CN,A,97615853,CN-202511017010-A,20251114,20250723,Cross-scale large-scale electromagnetic surface grid generation method with periodic fine features,"The invention discloses a trans-scale large-scale electromagnetic surface grid generation method with periodic fine features, which comprises the steps of reading a trans-scale electromagnetic geometric model with periodic fine features, setting replication directions and numbers, setting periodic boundary conditions of the electromagnetic geometric model, determining source surfaces and target surfaces in the replication directions, extracting boundary lines, establishing a mapping relation between the source surfaces and the target surfaces and the boundary lines, discretizing the electromagnetic geometric model to generate a discrete background triangular grid, generating a size field of integral geometry according to the periodic fine features and the trans-scale features of the electromagnetic geometric model, generating and merging surface grids of the source surfaces, the target surfaces and the rest surfaces according to the mapping relation and the discrete background triangular grid and the size field, and batch-copying the merged surface grids according to the replication directions and the numbers according to the surface grids to generate the trans-scale large-scale electromagnetic surface grid with the periodic fine features.",UNIV ZHEJIANG,CHEN JIANJUN | ZHANG YANJUN | YE HONGFEI | ZHOU HENGYU,G06F2111/10 | G06T17/20 | G06F30/20,G06T17/20 | G06F111/10 | G06F30/20,general,1,周期的微細構造電磁表面グリッド生成(重複)。メッシュ生成アルゴリズム
CN-120949606-A,CN,A,97610493,CN-202511020725-A,20251114,20250723,Inverter multi-model fusion control performance evaluation method for complex power grid,"The invention discloses an inverter multi-model fusion control performance evaluation method for a complex power grid, and belongs to the field of electrical engineering. The method is oriented to the operation characteristics of the new energy grid-connected inverter in the complex power grid environment, and the high-efficiency evaluation of the multi-model fusion control strategy in the aspects of stability, adaptability and performance improvement is realized by constructing a test sample library covering various disturbance scenes and combining a semi-physical simulation platform and a multi-dimensional performance index system. The method has the characteristics of simplicity and convenience in implementation and comprehensive evaluation, can provide real-time data support for control strategy optimization, and improves the robustness and intelligent regulation and control capability of the grid-connected inverter under the dynamic power grid condition. Compared with the prior art, the method effectively solves the problems that the traditional evaluation method is difficult to quantify adaptability, optimal performance and insufficient evaluation precision when dealing with the disturbance of the complex power grid.",UNIV HEFEI TECHNOLOGY,LI MING | LIU ENJUN | MAO YONGTAO | WANG XING | ZHANG XING | XIAO YANGJUN | Fang Tianli | FAN JUNYU | GENG HUA | HE XIUQIANG | LIU TENG | HUANG WEIHUANG,G05B17/02,G05B17/02,general,3,複雑電力網向けインバータ多モデル融合制御評価。多様な擾乱シーンをカバーする試験サンプルライブラリ+半物理シミュレーション(エネルギー分野)
CN-120951543-A,CN,A,97615815,CN-202511038719-A,20251114,20250728,Tensioning type mooring interception design method considering mooring failure,"The invention provides a tensioning type mooring line cutting-off design method considering mooring failure, which comprises the steps of 1, selecting a mooring line cutting-off parameter and a value range thereof, 2, obtaining restoring force data after each displacement of a platform under full water depth, 3, obtaining a mooring line horizontal projection distance under an initial condition of the platform under cutting off water depth, 4, obtaining restoring force data after each displacement of the platform under cutting off water depth, 5, determining a mooring line failure working condition and formulating an optimization algorithm objective function, and 6, optimizing and selecting the mooring line cutting-off parameter by utilizing the determined optimization algorithm objective function through an optimization program to obtain an optimal solution. The invention can simultaneously consider the interception design of the two conditions before and after the mooring failure, further provides reference for the interception design of the mooring failure, and can effectively reduce the error of the restoring force of the platform with full water depth by considering the interception design of the conditions before and after the mooring failure compared with the interception design of the platform under the condition of no failure.",UNIV TIANJIN,YU YANG | LI YIHAN | DUAN QINGHAO | TIAN HANXU | GUO TIANZHAO,G06F2119/14 | G06F2113/08 | G06F2111/06 | G06N3/126 | G06F30/17 | G06F30/27 | G06F30/28 | G06F30/20,G06N3/126 | G06F119/14 | G06F113/08 | G06F111/06 | G06F30/28 | G06F30/27 | G06F30/17 | G06F30/20,general,3,係留失敗を考慮した張力係留切断設計。係留故障(ハザード)作動条件を考慮した設計手法(海洋工学分野)
CN-119150733-B,CN,B,93804396,CN-202411181949-A,20251114,20240827,Pier scouring multiphase flow calculation method and system based on physical information neural network,"The invention discloses a pier scour multiphase flow calculation method and a system based on a physical information neural network, comprising the following steps of constructing a two-phase flow pier scour calculation equation based on an Euler-Euler method; the method comprises the steps of constructing initial parameters and boundary conditions of a two-phase flow pier flushing model, generating simulation data, dividing the data into a test set and a training set, establishing a two-phase flow based physical information neural network according to a constructed two-phase flow pier flushing calculation equation and the given initial parameters and boundary conditions of the two-phase flow pier flushing model, training the two-phase flow based physical information neural network, and obtaining a prediction result of the multi-phase flow pier flushing physical information neural network. The method overcomes the limitation of the traditional prediction method, and can obviously improve the calculation efficiency while ensuring the precision.",,,Y02T90/00 | G06F2113/08 | G06F2119/14 | G06N3/084 | G06N3/0464 | G06F30/23 | G06F30/27 | G06F30/28,G06N3/084 | G06N3/0464 | G06F119/14 | G06F113/08 | G06F30/27 | G06F30/23 | G06F30/28,general,2,橋脚洗掘二相流PINN、初期/境界条件。シミュレーションデータで訓練するが設計予測目的
CN-119378379-B,CN,B,94335097,CN-202411443791-A,20251114,20241016,Technological parameter optimization method for reducing residual stress of cylinder head of large-bore diesel engine,"The invention discloses a process parameter optimization method for reducing residual stress of a cylinder head of a large-bore diesel engine, which comprises the following steps of establishing a J-C constitutive model of a cylinder head material, carrying out multi-procedure machining process simulation analysis on the cylinder head by utilizing a &#39;dead unit&#39; technology and the J-C constitutive model to obtain a residual stress simulation value, adopting a blind hole method to obtain a test value of the residual stress, comparing the test value with the simulation value, controlling the error value within an allowable error range, establishing a nonlinear mapping relation between a cutting parameter and a response target based on a data regression prediction model of a BP neural network to obtain a prediction model, optimizing cutting parameters of three machining processes of cylinder head milling, turning and boring by adopting the prediction model, predicting to obtain a minimum residual stress value and an optimal cutting force, taking the optimal cutting force as a boundary condition, and carrying out machining process simulation analysis to obtain an optimal reduction amplitude of the residual stress value. The invention greatly reduces the residual stress of the cylinder cover.",,,G06F2111/06 | G06F2119/14 | G06F30/27,G06F119/14 | G06F111/06 | G06F30/27,general,1,大口径ディーゼルエンジンシリンダーヘッド残留応力低減プロセス最適化、境界条件。製造プロセス最適化
CN-115113540-B,CN,B,83327201,CN-202210651637-A,20251114,20220609,"Semi-physical simulation system and method of magnetic suspension bearing, electronic equipment and medium","The embodiment of the invention relates to the field of semi-physical simulation tests and discloses a semi-physical simulation system and method of a magnetic suspension bearing, electronic equipment and a medium. The system comprises a magnetic bearing, a simulation development computer and a real-time simulation target machine, wherein the simulation development computer is used for constructing a driving circuit model according to a driving circuit of the magnetic bearing and sending the constructed driving circuit model to the real-time simulation target machine, the real-time simulation target machine is used for collecting operation data of the magnetic bearing in real time, inputting the operation data into the driving circuit model to obtain a first operation state of the magnetic bearing, determining a first control parameter according to the first operation state to drive the magnetic bearing to act through the first control parameter, and the real-time simulation target machine is pre-stored with the corresponding relation between the operation states of a plurality of magnetic bearings and the control parameter. The method solves the problems existing when the magnetic bearing system is researched by adopting an all-physical test or an all-digital simulation mode.",,,F16C32/0406 | G05B17/02,F16C32/04 | G05B17/02,general,2,磁気浮上軸受半物理シミュレーション。HIL試験システム目的
CN-120762302-B,CN,B,97249969,CN-202511293681-A,20251114,20250911,Multi-mode simulation method for flight environment simulation control system,"The application provides a multi-mode simulation method of a flight environment simulation control system, which belongs to the technical field of aeroengines and comprises the steps of selecting a full-digital simulation experiment or a semi-physical simulation experiment, operating an object model and a control model, calculating simulation parameters, calculating a feedforward control quantity according to the engine rotating speed change rate output by the object model by the feedforward controller, estimating the total disturbance of the system by the expansion state observer to obtain an estimated value, feeding back the estimated value to the active disturbance controller, calculating to obtain an initial control quantity, superposing the feedforward control quantity and the estimated value by the initial control quantity to obtain a final control quantity and inputting the final control quantity into a hydraulic control valve flow model in the object model, setting control parameters of the control model by the full-digital simulation experiment, and optimizing the set control parameters by the semi-physical simulation experiment, thereby improving simulation confidence and efficiency and reducing cost.",,,G05B17/02 | Y02T90/00,G05B17/02,general,2,飛行環境シミュレーション制御マルチモード(全デジタル+半物理)、航空エンジン。試験プラットフォーム目的
CN-120951684-A,CN,A,97617973,CN-202511094016-A,20251114,20250806,Slope rainfall infiltration stability dynamic evaluation and landslide prediction method,"A dynamic evaluation and landslide prediction method for slope rainfall infiltration stability comprises the steps of constructing a numerical model coupling rainfall infiltration and slope stress field response, integrating multi-source data, updating model boundary conditions in real time, carrying out dynamic stability evaluation based on a local safety coefficient method, training a landslide prediction model and realizing intelligent early warning judgment. The invention provides a seepage-stress-intensity three-field coupling numerical model, which dynamically simulates the physical response process of an unsaturated soil body, can truly restore the precursor mechanism of rainfall induced landslide, improves prediction scientificity and accuracy, integrates remote sensing topographic data, soil property investigation parameters and real-time meteorological monitoring information, dynamically updates the boundary condition and initial state of the model through a system interface, realizes real-time response environment change, improves simulation reliability, introduces a local safety coefficient assessment mechanism, combines a continuous weak area discrimination algorithm, realizes space identification and time sequence tracking of a potential slippage area and a damaged area, and improves the analysis refinement level of slope stability.",CHINA RAILWAY NO 2 GROUP | NATIONAL ENGINEERING RES CENTER FOR HIGH SPEED RAILWAY CONSTRUCTION | CHINA RAILWAY ERJU 6TH ENG CO LTD | UNIV CENTRAL SOUTH,ZHU PENGYU | XIAO YUANJIE | ZHAO WEI | ZHOU YINGHUA | DENG ZIXUAN | CHEN YILING,G06F2119/14 | G06F2111/10 | G06N20/00 | G06F30/27 | G06F30/23,G06N20/00 | G06F119/14 | G06F111/10 | G06F30/27 | G06F30/23,general,4,斜面降雨浸透安定性動的評価・地滑り予測。浸透-応力-強度結合モデルで不飽和土の物理応答を動的シミュレーションし降雨誘発地滑り(ハザード)の前兆機構を再現。目的に合致(地質災害分野)
CN-120373109-B,CN,B,96446756,CN-202510465572-A,20251114,20250415,Piping lane pipeline key connection point leakage monitoring system and method based on AI vision,"The application relates to the field of computer vision and industrial safety monitoring, and discloses a piping lane pipeline key connection point leakage monitoring system and method based on AI vision, wherein the system comprises a data acquisition module, an intelligent analysis module, a 3D modeling module, a space-time verification module and an alarm prediction module, and real-time detection and three-dimensional accurate positioning of a leakage area are realized by dynamic fusion of visible light, infrared and pressure data and neural network optimization driven by physical simulation parameters; and further screening false alarm events of non-physical laws through optical flow tracking and hydrodynamic verification, generating a leakage risk heat map and triggering hierarchical alarm based on Bayesian decision and diffusion equation prediction. The application solves the technical problems of low leakage detection precision, high false alarm rate and inaccurate positioning in complex pipe gallery scenes, has the advantages of high environmental adaptability, strong anti-interference capability and prospective risk pre-judgment, and is suitable for intelligent safety monitoring of underground pipe galleries and petrochemical pipelines.",,,G06F2119/08 | G06F2113/14 | G06F2111/08 | G06F2119/14 | G06F2113/08 | G06N3/0985 | G06N3/0464 | G06F30/28 | G06F30/27,G06N3/0985 | G06N3/0464 | G06F119/14 | G06F119/08 | G06F113/14 | G06F113/08 | G06F111/08 | G06F30/28 | G06F30/27,general,3,パイプラインギャラリー漏洩監視AIビジョン。物理シミュレーション駆動NN+流体力学検証でリスクヒートマップ予測(産業安全分野)
CN-120951783-A,CN,A,97617945,CN-202511093274-A,20251114,20250806,Deep learning numerical solution method of anisotropic scattering neutron transport equation,"The invention particularly relates to a deep learning numerical solution method of an anisotropic scattering neutron transport equation, which belongs to the technical field of neutron transport equation solution, and comprises the steps of 1, establishing an expression of the neutron transport equation according to a geometric form and boundary conditions of a scattering source, 2, respectively differentiating integral terms in the neutron transport equation into original functions corresponding to integrated functions under integral numbers to obtain differential equations, and establishing a constant solution constraint condition of the original functions, 3, respectively mapping the original functions and unknown angular flux density functions in the neutron transport equation into neural network functions, and carrying out alternate iterative deep learning based on a framework for solving the differential equations by the aid of the deep learning until a loss function is smaller than a preset value to obtain a numerical solution of the unknown angular flux density function. The invention provides a new technical approach for a numerical solution method of an anisotropic scattering neutron transport equation.",NUCLEAR POWER INST CHINA,LIU DONG | ZHANG BIN | JIANG YONG | AN PING | PENG HANG | PAN JUNJIE | CHEN CHANG | LI SONGLING | XIAO CONG | LU ZONGJIAN | FANG CHAO | LI QI,Y02E30/30 | G06F2111/04 | G06F2111/10 | G06N3/04 | G06F17/13 | G06F17/11 | G06F30/27,G06N3/04 | G06F111/10 | G06F111/04 | G06F17/13 | G06F17/11 | G06F30/27,general,2,中性子輸送方程式深層学習数値解法、境界条件。物理+ML原子力計算手法
CN-120951476-A,CN,A,97613751,CN-202510807017-A,20251114,20250617,Thermoelastic analysis method for hollow rotary drum structure,"The invention relates to a thermoelastic analysis method of a hollow rotary drum structure, which comprises the following steps of S1, establishing a fractional order heat conduction equation considering the viscoelasticity effect and establishing a motion equation and a constitutive equation without taking physical strength into account for the hollow rotary drum structure, S2, determining the boundary condition of the hollow rotary drum structure with thermal shock effect, S3, carrying out dimensionless treatment on the fractional order heat conduction equation, the motion equation, the constitutive equation and the boundary condition to obtain a control equation, S4, carrying out Laplace inverse transformation on the obtained control equation, solving the obtained control equation by a eigenvalue method to obtain a mechanical property distribution result, and providing a corresponding distribution rule diagram. Compared with the prior art, the invention has the advantage of being more fit with the actual working condition. The method has the advantages of improving the calculation accuracy, providing an efficient solving method, ensuring the numerical stability, along with wide applicability and the like.",EIGHTH RESEARCH INSTITUTE OF NUCLEAR TECH,HE JING,G06F2119/14 | G06F2119/08 | G06F17/11 | G06F30/20 | G06F30/17,G06F119/14 | G06F119/08 | G06F30/20 | G06F17/11 | G06F30/17,general,2,中空回転ドラム構造熱弾性解析、熱衝撃境界条件。物理計算設計目的
CN-120940209-A,CN,A,97614061,CN-202510981988-A,20251114,20250716,Pipeline inner wall spraying simulation control method and device based on digital twin,"The embodiment of the application provides a pipeline inner wall spraying simulation control method and device based on digital twinning, wherein the method comprises the steps of importing a guide rail model and a motion mechanism model into offline programming software, configuring a motion pair, constructing a virtual scene corresponding to an actual pipeline inner wall spraying production line based on a digital twinning technology, importing a pipeline three-dimensional model, configuring workpiece parameters, calibrating coordinate data, identifying a pipeline inner wall spraying area boundary, defining a spraying range, generating an initial spraying track, adjusting parameters according to boundary conditions, optimizing the track, configuring spray gun parameters, importing a flange plate and the spray gun model, completing basic tool configuration, importing a tool model, configuring tool parameters, configuring spraying parameters based on sampling data, and obtaining a spraying tool. And the real-time visualization of the spraying track optimization, the parameter dynamic matching and the spraying effect is realized.",BEIJING HUAHANG WEISHI INDUSTRIAL SOFTWARE TECH CO LTD,WANG LUKANG,G06F2113/14 | G06T17/00 | G06T13/40 | G06F30/20 | G05B17/02 | B05D1/02 | B05D7/225,G06T17/00 | G06T13/40 | G06F113/14 | G06F30/20 | G05B17/02 | B05D1/02 | B05D7/22,general,1,パイプライン内壁塗装デジタルツインシミュレーション制御、境界条件。製造プロセスシミュレーション
CN-119229697-B,CN,B,94067584,CN-202411154181-A,20251114,20240822,Real standard system of distribution network uninterrupted operation,"The invention discloses a power distribution network uninterrupted operation practical training system which comprises a power distribution network model unit, a load unit, a fault simulation unit, a monitoring display unit, an interaction terminal, a practical training evaluation unit and a multimedia unit, wherein the monitoring display unit and the power distribution network model unit are used for monitoring and displaying the running state and key parameters of the power distribution network model unit, the fault simulation unit comprises a control cabinet, a fault simulation controller and a relay, buses with the same number as that of output terminals of the power distribution network model are vertically arranged in the control cabinet, and the output terminals of the power distribution network model unit are respectively connected with the load unit through corresponding buses.",,,G09B9/00,G09B9/00,general,3,配電網無停電運転実訓システム。fault simulation unitを含む実訓システム(配電分野)
CN-120951785-A,CN,A,97617978,CN-202511094971-A,20251114,20250806,Structural dynamic response analysis method based on hard constraint Fourier characteristic physical information neural network,"The invention discloses a structural dynamic response analysis method based on a hard constraint Fourier characteristic physical information neural network, and relates to the technical field of structural dynamic response analysis. The method comprises the steps of mapping time domain input into multi-scale frequency components through a Fourier basis function, combining frequency spectrum components by adopting a leachable weight matrix, reconstructing time domain displacement response through a nonlinear activation layer to serve as an objective function to be output, hard-coding initial conditions into a displacement function through a time modulation function, automatically differentiating and calculating first-order derivatives and second-order derivatives of the displacement function through a deep learning framework, substituting the first-order derivatives and the second-order derivatives into a structural dynamics ordinary differential equation, constructing a loss function based on a residual error of the structural dynamics ordinary differential equation, and outputting or reversely transferring the loss function to input of a neural network based on a calculation result of the loss function. According to the invention, the selection of the Fourier characteristic parameters is determined through the priori knowledge of the dynamic equation solution of the structure, fourier mapping is introduced, and the dynamic initial conditions are embedded into the neural network by adopting a hard constraint method, so that the loss function only keeps the loss terms of the dynamic equation, the problem that the traditional physical information neural network is difficult to learn the limitation of high-frequency information is solved, the error caused by the improper weighting method is avoided, and the optimization process for balancing the weights of all the loss terms is omitted.",INST ENG MECH CHINA EARTHQUAKE ADMINISTRATION,DU KE | Qiang Shengyin | WEN RUIZHI | REN YEFEI | LUO HUAN | NIE GUIBO,G06F2119/14 | G06N3/084 | G06F30/27,G06N3/084 | G06F119/14 | G06F30/27,general,2,構造動的応答フーリエ特徴PINN、初期条件。物理+ML構造解析手法
CN-120949610-A,CN,A,97622596,CN-202511461606-A,20251114,20251014,Heterogeneous interconnection multi-core distributed simulation experiment system and cooperative control method,"The invention relates to the technical field of simulation, and particularly discloses a heterogeneous interconnection multi-core distributed simulation experiment system and a cooperative control method, wherein the system comprises a semi-physical simulation system and a virtual system; the semi-physical simulation system comprises a plurality of semi-physical simulation nodes, a plurality of multi-core parallel simulation nodes, a digital simulation system, an experimental environment model, a virtual-real combined simulation experiment platform and a dynamic deduction visual simulation engine, wherein each semi-physical simulation node can simulate a semi-physical simulation entity, each multi-core parallel simulation node can simulate a plurality of parallel semi-physical simulation entities, the virtual system comprises the digital simulation system, the digital simulation system can simulate a plurality of parallel digital simulation entities, the experimental environment model is used for simulating generation of experimental environment modeling data, the virtual-real combined simulation experiment platform is used for deduction and rendering of a working scene, and the dynamic deduction visual simulation engine is used for rendering environment information by using the experimental environment modeling data. The system has the capability of multi-core simulation, and can further improve the upper limit of the access of the semi-physical simulation model to the semi-physical system, so that the semi-physical system can perform cluster simulation.",Chengdu fluid power innovation center,LI HANG | ZHONG YU | CHEN GONG | SU JINBO | WU XIAOYI | WANG YU | ZHANG JUN'AO | BAO FUYU,G05B17/02,G05B17/02,general,1,異種相互接続マルチコア分散シミュレーションシステム(重複)。シミュレーション基盤
CN-120951784-A,CN,A,97616181,CN-202511093276-A,20251114,20250806,Ultra-fine group resonance self-screen deep learning calculation method for uniform system,"The invention relates to a uniform system hyperfine group resonance self-screen deep learning calculation method, which belongs to the technical field of nuclear reactor core calculation and comprises the following steps of mapping a neutron slowing equation and a primitive function transformation equation in a complete differential form into a neural network function respectively, constructing a neutron slowing equation loss function, a primitive function transformation equation damage function, a scattering source primitive function fixed solution constraint loss function, an energy initial condition loss function and a flux density non-negative boundary condition loss function, weighting to form a machine learning loss function, alternately adjusting neural network function parameters according to the machine learning loss function to carry out iterative deep machine learning, training the whole training set into small training sets from high to low sequentially in an energy section order, and solving the segmentation of the neutron slowing equation by taking the training set of the former energy group as the boundary condition of the latter energy group. The invention realizes a new way for solving neutron moderation equation in uniform system.",NUCLEAR POWER INST CHINA,LIU DONG | CHEN QILONG | AN PING | ZHANG BIN | TU XIAOLAN | DENG JIAN | FANG CHAO | JIANG YONG | PAN JUNJIE | FENG JINTAO | LI SONGLING,Y02E30/30 | G06F2111/10 | G06F2111/04 | G06F17/12 | G06F17/13 | G06N3/08 | G06F18/214 | G06F30/27,G06N3/08 | G06F111/10 | G06F111/04 | G06F18/214 | G06F17/13 | G06F17/12 | G06F30/27,general,1,均一系超微細群共鳴自己遮蔽深層学習計算、境界条件。物理+ML原子炉計算手法
CN-120951868-A,CN,A,97614153,CN-202511077687-A,20251114,20250801,Optimal design method suitable for CO2 gas cooler,"The invention discloses an optimal design method suitable for a CO2 air cooler, which comprises the following steps of S1, obtaining design requirements of the air cooler and determining key optimization parameters and optimization targets by combining application scenes, S2, generating an initial data set through experimental design and CFD (computational fluid dynamics) analog calculation, S3, preprocessing data, including normalization processing, outlier rejection and missing value filling, and S4, constructing a proxy model according to the preprocessed data, and fitting a nonlinear relation between input parameters and output performance indexes by adopting an artificial neural network or a response surface analysis method. According to the invention, a mathematical model of air cooler fluid flow and heat exchange is established through the CFD simulation module, and fine simulation is performed aiming at flow and heat exchange characteristics in a CO  2  supercritical state, and great attention is paid to details such as grid division precision, boundary condition setting, turbulence model selection and the like.",UNIV NINGBO TECHNOLOGY,LI WEI | TONG GUIZHANG | YANG YUEYUN | HAO XINYUE | GAO NENG,G06F2111/06 | G06F2113/08 | G06F2119/08 | G06N3/126 | G06N3/048 | G06F18/27 | G06F18/10 | G06F30/27 | G06F30/28,G06N3/126 | G06N3/048 | G06F119/08 | G06F113/08 | G06F111/06 | G06F30/27 | G06F18/27 | G06F18/10 | G06F30/28,general,1,CO2ガスクーラー最適設計CFD+代理モデル、境界条件。設計最適化物理シミュレーション
CN-115329536-B,CN,B,83916592,CN-202210812371-A,20251114,20220711,Marine engine fault diagnosis method based on digital twin,"The invention discloses a digital twin-based marine engine fault diagnosis method which comprises the following specific steps of 1, constructing a marine digital twin model, 2, fusing sensor acquisition data and fault simulation data through extended Kalman filtering to be used as training set samples, 3, constructing an engine fault diagnosis model through an LMS algorithm with a step variable factor, 4, training the engine fault diagnosis model through the training set samples to complete training of the engine fault diagnosis model, 5, transmitting real-time sensor data into the engine fault diagnosis model to diagnose engine faults, feeding back engine fault types and fault parameters, and 6, displaying the fed back engine fault types and the fault parameters through the marine digital twin model. The invention combines the improved fault diagnosis method with the digital twin system, so that the fault diagnosis efficiency and accuracy are improved, and the fault visualization is realized.",,,G06F2111/10 | G06F2111/08 | G06F2111/04 | G01M15/14 | G06F30/20,G06N3/096 | G06N3/084 | G06F119/14 | G06F113/08 | G06F111/10 | G06F111/08 | G06F111/04 | G06F30/28 | G06F18/25 | G06F18/214 | G06F18/2135 | G06F18/10 | G01M15/14 | G06F30/27,general,4,デジタルツインによる船舶エンジン故障診断。センサデータとfault simulation dataをカルマンフィルタで融合し訓練サンプルとして使用。目的に合致(船舶エンジン分野)
CN-120951808-A,CN,A,97622426,CN-202511443689-A,20251114,20251010,Reliability scheme generation method integrating knowledge graph and large model,"The invention discloses a reliability scheme generation method for fusing a knowledge graph and a large model, which belongs to the field of electronic product reliability engineering and comprises the following steps of S1, constructing a knowledge graph of the electronic product reliability field containing entity attributes, relations and dynamic constraints, S2, fusing synthetic data with real data to obtain an electronic product reliability enhancement data set, S3, introducing knowledge consistency loss to perform joint training to obtain an ER-KG-RAG-LLM fusion model with field knowledge anchoring and reliability scheme generation capability, S4, receiving the reliability requirement of the electronic product, inputting the ER-KG-RAG-LLM fusion model, and outputting a reliability scheme. By adopting the reliability scheme generation method integrating the knowledge graph and the large model, the whole process of the electronic product reliability scheme from knowledge retrieval to intelligent generation is credible and efficient, and engineering accuracy and scene suitability are considered.",CHINA ELECTRONIC PROD RELIABILITY & ENVIRONMENTAL TESTING RES INST 5TH ELECTRONIC RES,HAN SEUNG JI | NIE GUOJIAN | ZHAI FANG | FANG LIANG | JU WEI | CAO HAOLONG | LIU LEI | WANG CHUNHONG,Y02P90/30 | G06F2119/02 | G06N3/084 | G06N3/045 | G06F40/295 | G06F16/367 | G06N5/022 | G06N5/04 | G06F30/27,G06N5/04 | G06N5/022 | G06N3/084 | G06N3/045 | G06F119/02 | G06F40/295 | G06F16/36 | G06F30/27,general,2,知識グラフ+大規模モデルによる信頼性スキーム生成。合成データと実データを融合し信頼性強化データセットを構築(電子製品分野)
CN-120954280-A,CN,A,97606740,CN-202511044325-A,20251114,20250728,New energy power station power equipment infrared temperature measurement simulation method,"The invention discloses an infrared temperature measurement simulation method for power equipment of a new energy power station, which comprises the following steps of creating scenes of the new energy power station and the power equipment by a Unity engine, obtaining map pictures conforming to infrared thermal imaging color characteristics, assigning the map pictures to a mapping channel of a display screen model, establishing a UI panel and a UI temperature measurement box, calculating a maximum temperature point in the UI temperature measurement box, calculating the display temperature of the maximum temperature point in the UI temperature measurement box according to the influence law of the material emissivity and the measurement distance of an object in a real environment on temperature measurement values, displaying the display temperature in the infrared display screen model mapping, establishing a fault simulation server, and sending fault information to a student client for infrared temperature measurement simulation training. According to the simulation method provided by the invention, the infrared thermal imaging map is truly simulated and displayed, so that the simulation training effect consistent with that of a real infrared thermometer is achieved, and the simulation training, examination, skill identification and the like of the infrared temperature measuring process are realized.",CGN GUIZHOU DUYUN WIND POWER GENERATION CO LTD,OUYANG YUE | RUAN AIGUO | Shi Yangze | WANG FANGQIN | ZHANG CHAO,G06Q50/2057 | G06Q50/06 | G06F3/04815 | G06T17/00 | G06T15/20 | G06T15/04 | G06T19/00 | G09B9/00,G06T19/00 | G06T17/00 | G06T15/20 | G06T15/04 | G06Q50/20 | G06Q50/06 | G06F3/04815 | G09B9/00,general,3,新エネルギー発電所赤外温度測定シミュレーション訓練。fault simulation serverで故障情報を送信し訓練(再エネ保守分野)
CN-114722613-B,CN,B,82243307,CN-202210398087-A,20251114,20220413,Typical equipment general health management platform based on multi-model environment,"The invention discloses a general health management platform of typical equipment based on a multi-model environment, which is used as a full-digital platform and is designed and developed by adopting a B/S architecture, the platform consists of a multi-signal flow graph, a AMEsim multi-model environment, a model database, fault injection, fault diagnosis, fault mining, state evaluation and other functional modules, the two model environments provide modeling paradigms of the typical equipment based on different modes, the model database stores comprehensive test information and provides a data interaction interface, and the functional modules provide multi-type health management functional nodes. The invention is a health management platform software core, realizes the integration of two model environments, the regularity of model paradigms and the unification of data interfaces, provides multi-type health management service, fully utilizes model test information, is suitable for health management tasks of multi-type typical equipment, has the advantages of strong portability, multi-user parallel operation and the like, and can meet wider health management requirements.",,,Y02P90/30 | H04L67/02 | G06F30/20,H04L67/02 | G06F30/20,general,3,典型設備汎用健康管理プラットフォーム。fault injection、故障診断、故障マイニング機能モジュールを含む(AMEsim多モデル環境)
WO-2025231500-A1,WO,A1,97674099,AU-2024050437-W,20251113,20240505,Integrated algorithm: numerical simulation with two rounds of machine learning for monitoring and control devices,"A computer and machine-implemented method based on integrated numerical/machine learning for general-purpose simulation of real-world systems. The purpose is to allow machines to carry out simulations and analyze the surrounding environment for advanced monitoring and control tasks. The processors available in the devices are limited in their capabilities and they cannot perform complicated calculations. In addition, the boundary conditions of the real-world systems are in a continuous change, which makes the simulation task very difficult for machines. Moreover, validating the simulation is a human task. The method is set to overcome the challenges by compromising a numerical method with two- round machine learning. The first round helps to simplify the numerical model, whereas the second round allows the device to adjust the numerical algorithm in responding to any change in the boundary conditions. Additionally, the method can be used as computer software to reduce the computational and validation effort.",MALLAH ABDUL RAHMAN,MALLAH ABDUL RAHMAN,G05B17/02 | G05B13/0265 | G06F30/23 | G06F2111/10 | G06F30/27 | G05B19/4063 | G05B19/188 | G05B19/18 | G05B13/04 | G05B19/14 | G05B23/02 | G05B13/0265 | G05B13/042 | G06F30/23 | G06F2111/10 | G06F30/27,G06F111/10 | G06F30/23 | G05B23/02 | G05B19/4063 | G05B19/18 | G05B19/14 | G05B13/04 | G05B13/02 | G06F30/27,general,2,数値シミュレーション+2段階ML統合アルゴリズム、変化する境界条件下の監視制御。汎用シミュレーション+ML適応手法
LU-601564-B1,LU,B1,94432292,LU-601564-A,20251112,20241216,Tunable Beam Scanning Metagratings Leaky Wave Antenna Based on Varactor Diodes,"This invention discloses a tunable beam scanning method for metagratings leaky wave antennas based on varactor diodes, which includes the following steps: S1, research and analysis of the mechanism of metagratings beam conversion; research on the Mechanism of planar metagratings under Anisotropic, uniform, and continuous periodic boundary conditions; S2, design and optimization of transmission modes according to the Floquet-Bloch (FB) theorem using metagratings; research on the desired FB mode and eliminate adverse effects by designing a tool for metagratings parameters; S3, analysis and design of metagratings leaky wave antennas; research on the analytical fields and currents of synthesized metagratings within the framework of leaky wave antennas to customize phase, beam shape, and polarization performance; S4, design and analysis of electrically tunable beam-controlled metagratings leaky wave antennas. This invention adopts the aforementioned tunable beam scanning method for metagratings leaky wave antennas at a fixed frequency based on varactor diodes.",UNIV HARBIN SCIENCE & TECH,AL SOAD ODAI HASSAN RAHEEM,H01Q3/34 | H01Q13/28 | H01Q13/20 | G06F2111/10 | H01Q23/00 | H01Q3/34 | H01Q13/20 | H01Q15/0086 | G06F30/10 | G06F30/20 | G06F30/20,G02B1/06 | G02B1/00 | H01Q1/00,general,1,バラクタダイオードによる調整可能ビームスキャンメタグレーティングアンテナ、周期境界条件。電磁アンテナ設計手法
CN-120105815-B,CN,B,95878594,CN-202510218468-A,20251111,20250226,Method and system for constructing temperature field of reflecting surface of antenna,"The application discloses an antenna reflector temperature field construction method and system, wherein the method comprises the steps of carrying out heat-fluid coupling simulation analysis on an antenna reflector geometric model by utilizing finite element simulation analysis software to obtain a first simulation temperature distribution set of an antenna reflector, reversely solving a simulation parameter set when carrying out heat-fluid coupling simulation analysis on the antenna reflector geometric model by utilizing an optimization algorithm based on the first simulation temperature distribution set and the first temperature set, correcting parameters and boundary conditions of the antenna reflector geometric model by utilizing the simulation parameter set to obtain an optimized antenna reflector geometric model, carrying out heat-fluid coupling simulation analysis on the optimized antenna reflector geometric model based on finite element simulation analysis software to obtain a second simulation temperature distribution set of the antenna reflector, and constructing the temperature field of the antenna reflector by taking the second simulation temperature distribution set as a data set based on a machine learning method, thereby improving the accuracy of the prediction of the reflector temperature field.",,,G06F2119/08 | G06N20/00 | G06F30/27 | G06F30/23,G06N20/00 | G06F119/08 | G06F30/27 | G06F30/23,general,1,アンテナ反射面温度場構築、熱流体結合シミュレーション+ML、境界条件。物理+ML設計手法
CN-120930465-A,CN,A,97586136,CN-202510984611-A,20251111,20250717,Physical and data fusion driven chemical laser numerical simulation method,"The invention belongs to the field of chemical laser numerical simulation, and relates to a chemical laser light-emitting power prediction method based on series driving of physical and data models, which comprises the following steps of collecting experimental design parameters and experimental light-emitting performance of a chemical laser, and establishing an original experimental database; the method comprises the steps of obtaining the concentration of a process species through chemical equilibrium calculation, obtaining key intermediate variables of a light emitting process by taking experimental conditions and the concentration of the process species as boundary conditions of hydrodynamic calculation, using the key intermediate variables of the light emitting process to expand an original database, calculating a ratio relation between temperatures based on aerodynamic relation in a chemical laser process, using the ratio relation between the temperatures to expand the original database, generating sub-feature spaces with dimensions in a specified range according to the expanded feature spaces, respectively using the sub-feature spaces for training of a data model, selecting the sub-feature spaces based on a feature selection method, and predicting light emitting power on the sub-feature spaces correspondingly selected by the data model. According to the invention, chemical laser power is predicted through experimental design parameters, and acceptable calculation accuracy of engineering is provided while the calculation cost is low.",DALIAN INST CHEM & PHYSICS CAS,HUAI YING | Zuo Qiansheng | TANG SHUKAI | JIA SHUQIN | Bai Tianzi | LIU TINGTING,G06F2113/08 | G06F2119/14 | G06F2111/10 | G06F30/28 | G06F30/27,G06F119/14 | G06F113/08 | G06F111/10 | G06F30/28 | G06F30/27,general,1,化学レーザー物理+データ融合数値シミュレーション、境界条件。物理+ML予測手法
CN-119578061-B,CN,B,94804824,CN-202411634446-A,20251111,20241115,Sheath steady-state voltage and circulation calculation method based on multi-loop land cable distributed model,"The invention discloses a sheath steady-state voltage and circulation calculation method based on a multi-loop land cable distributed model, which comprises the steps of 1, obtaining factors influencing steady-state induced voltage and circulation of a multi-loop single-core land cable sheath, 2, establishing a multi-loop single-core land cable unit length distributed parameter model, further obtaining a multi-loop land cable system linear equation set matrix, 3, calculating series impedance of multi-loop single-core land cable lines in the system linear equation set matrix, 4, calculating parallel admittances among the multi-loop single-core land cable lines in the system linear equation set matrix, 5, constructing an impedance matrix and an admittance matrix, thereby supplementing the system linear equation set matrix completely, 6, determining boundary conditions of the system linear equation set matrix, 7, solving the system linear equation set matrix, namely obtaining steady-state induced voltage and circulation values, and 8, calculating steady-state induced voltage and circulation of the multi-loop single-core land cable sheath with the same arrangement mode. The invention omits repeated modeling and simulation calculation processes, improves the adaptability of the model, and has great engineering value.",,,Y02E60/00 | G06F17/13 | G06F17/16 | G06F17/12 | G06F30/20,G06F17/16 | G06F17/13 | G06F17/12 | G06F30/20,general,1,多回路陸上ケーブルシース定常電圧循環計算、境界条件。物理計算手法
CN-120930379-A,CN,A,97590808,CN-202511448122-A,20251111,20251011,Motor stator winding turn-to-turn short circuit modeling and simulation system,"The invention discloses a motor stator winding turn-to-turn short circuit modeling and simulation system, which relates to the technical field of motor fault simulation and comprises a feature extraction module, a fault evolution modeling module, a multilevel parameter dynamic correction module and a simulation strategy optimization module, wherein the feature extraction module is used for calculating and generating a fault excitation index and winding chaos entropy from acquired motor operation data, the fault evolution modeling module is used for solving a preset fault evolution model based on the fault excitation index and the winding chaos entropy to generate an updated fault resistance, the multilevel parameter dynamic correction module is used for correcting parameters of a simulation model according to the winding chaos entropy, and the simulation strategy optimization module is used for switching among a plurality of preset simulation modes according to the winding chaos entropy. According to the invention, a closed-loop self-adaptive system is constructed, a interdisciplinary theory is fused, dynamic simulation of the turn-to-turn short circuit full life cycle of the motor is realized, and high fidelity, physical interpretability and calculation efficiency are considered through a multi-level correction and self-adaptive strategy.",NANTONG SHUOXING ELECTROMECHANICAL CO LTD,MAO FEIXIONG | MAO PENGFEI | LIU LU,G06F30/20 | G01R31/52 | G01R31/346 | G01R31/343,G01R31/52 | G01R31/34 | G06F30/20,general,3,モータ巻線間短絡モデリングシミュレーション(重複、同一出願人)。故障進展シミュレーション
CN-117349934-B,CN,B,89370706,CN-202311369795-A,20251111,20231023,Method for optimizing subway rail top air port setting height,"The invention discloses a method for optimizing the setting height of a subway rail top air port, which relates to the technical field of subway rail top air ports and specifically comprises S1, S2 and S3. The method for optimizing the height of the rail top air opening of the subway provided by the invention can quantitatively calculate the height of the rail top air opening under the optimal heat removal effect, meanwhile, the input conditions of calculation simulation of the method take account of scientific rigor and engineering feasibility, the regularity of the subway operation is relied on, the typical values of the piston air temperature and speed and the typical values of the condenser air outlet temperature and speed are determined by adopting time weighted average, the boundary conditions can be reflected relatively scientifically, the calculation amount brought by taking the number one by one in the boundary condition range is greatly reduced, and the engineering application is more convenient.",,,Y02T30/00 | G06F2119/14 | G06F2113/08 | G06F30/20 | G06F30/13,G06F119/14 | G06F113/08 | G06F30/20 | G06F30/13,general,1,地下鉄軌道頂部通気口高さ最適化、境界条件。HVAC設計物理シミュレーション
